03DEC2015,GASF,0806,Golden Arrow XD,9.61,9.99,9.6,9.89,57500,9.71,,,
03DEC2015,PGF,0806,PICIC Growth,22,22,21.3,21.43,171500,22.14,,,
03DEC2015,PIF,0806,PICIC Inv.Fund,10.51,10.7,10.5,10.7,10500,10.41,,,
03DEC2015,ARM,0819,Allied Rent.,31.97,31.97,31.97,31.97,500,30.45,,,
03DEC2015,FECM,0819,Elite Cap.Mod,4.25,4.25,4.11,4.11,5000,4.13,,,
03DEC2015,CSM,0819,Cres. Stand.Mod,1.98,1.98,1.71,1.73,19500,1.98,,,
03DEC2015,FFLM,0819,1st.Fid.Leasing,2.65,3,2.65,2.85,22500,2.63,,,
03DEC2015,SCM,0819,Stand.Char. Mod,27.5,27.5,27.5,27.5,2500,27.45,,,
03DEC2015,FHAM,0819,Habib Modaraba,10.49,10.5,10.4,10.49,53000,10.46,,,
03DEC2015,FPRM,0819,Paramount Mod,12.54,12.54,12.05,12.3,1000,12,,,
03DEC2015,FPJM,0819,Punjab Modaraba,5.18,5.18,5.18,5.18,8500,5,,,
03DEC2015,FTSM,0819,Tri-Star 1st. Mod.,5.5,5.5,5.5,5.5,1000,6,,,
03DEC2015,FUDLM,0819,U.D.L.ModarabaXD,22.49,22.79,22.49,22.79,2500,22.14,,,
03DEC2015,UCAPM,0819,Unicap Modaraba,1.47,1.79,1.47,1.79,2000,1.6,,,
03DEC2015,OLPL,0815,Orix Leasing,58.1,58.1,58,58.05,13500,58.9,,,
03DEC2015,SCLL,0815,Stand.ChartLeas,10.02,10.4,10.02,10.4,1500,10.5,,,
03DEC2015,MCBAH,0813,MCB-ARIF Habib,27.95,28,27.95,28,20500,27.6,,,
03DEC2015,AHL,0813,Arif Habib Ltd.,58,58.99,56.85,58.15,381000,58.4,,,
03DEC2015,AHCL,0809,Arif Habib Corp,46.26,47.9,46.26,47.34,185500,47.91,,,
03DEC2015,ICIBL,0813,Invest Bank,1.54,1.54,1.5,1.52,1000,1.51,,,
03DEC2015,FDIBL,0813,Ist.Dawood Bank,1.44,1.45,1.39,1.39,14500,1.37,,,
03DEC2015,JSCL,0813,Jah.Sidd. Co.,19.18,19.2,18.6,18.86,3190500,19.02,,,
03DEC2015,NEXT,0815,Next Capital,7.14,7.47,6.83,7.19,35500,7.2,,,
03DEC2015,AMBL,0813,Apna Microfin.,12.5,12.5,12.5,12.5,1000,12.75,,,
03DEC2015,FCSC,0813,Ist.Capital Sec.Corp,3.16,3.25,3,3.05,1028000,3.15,,,
03DEC2015,IGIBL,0813,IGI Inv.Bank,1.5,1.6,1.47,1.56,107500,1.5,,,
03DEC2015,IFSL,0813,Invest & Fin.Sec,19.3,20.5,19,19.36,19000,19.9,,,
03DEC2015,FNEL,0813,F. Nat.Equities,3.78,3.78,3.36,3.4,20000,3.65,,,
03DEC2015,JSIL,0813,JS Investments,17.35,17.47,17.3,17.33,181500,17.46,,,
03DEC2015,DEL,0813,Dawood Equities,3.25,3.25,3.25,3.25,1000,3.04,,,
03DEC2015,PASL,0813,Pervez Ahmed,2.07,2.12,2.02,2.05,1089500,2.08,,,
03DEC2015,TSBL,0813,Trust Brokerage,4.24,4.25,4.24,4.25,1000,4,,,
03DEC2015,ABL,0807,Allied Bank,95,96,94.31,95.95,5000,95.93,,,
03DEC2015,SMBL,0807,Summit Bank,3.75,3.77,3.66,3.68,12000,3.7,,,
03DEC2015,SMBLCPSB,0807,Summit Bank(Con)B,0,10,10,10,901000,10,,,
03DEC2015,AKBL,0807,Askari Bank,20.8,21.09,20.75,20.9,168000,20.84,,,
03DEC2015,BAFL,0807,Bank Al-Falah,29.29,29.3,29,29.3,68500,29,,,
03DEC2015,BIPL,0807,Bankislami Pak.,10.66,11.1,10.66,11.1,15500,11,,,
03DEC2015,BOK,0807,Bank Of Khyber,10.71,11,10.71,11,7500,10.75,,,
03DEC2015,BAHL,0807,Bank AL-Habib,42.66,43,42.2,43,86500,42.3,,,
03DEC2015,BOP,0807,B.O.Punjab,8.78,8.85,8.6,8.75,3265500,8.69,,,
03DEC2015,FABL,0807,Faysal Bank,15.11,15.25,14.89,15,348000,15.12,,,
03DEC2015,HBL,0807,Habib Bank XD,201.98,209.5,200.56,208.52,204300,202.52,,,
03DEC2015,MEBL,0807,Meezan Bank,44.5,45.11,44.5,45.1,2500,45.1,,,
03DEC2015,NBP,0807,National Bank.,54.04,54.46,54,54.1,143000,54.26,,,
03DEC2015,MCB,0807,MCB Bank Ltd XD,217.9,217.9,208.1,210.36,1193600,215.12,,,
03DEC2015,NIB,0807,NIB Bank Limited,1.91,1.93,1.9,1.91,1226500,1.94,,,
03DEC2015,JSBL,0807,JS Bank Ltd,7.56,7.75,7.5,7.66,128000,7.54,,,
03DEC2015,SBL,0807,Samba Bank,5.85,6,5.08,5.96,20000,5.7,,,
03DEC2015,SILK,0807,Silk Bank Ltd,1.8,1.83,1.79,1.82,832000,1.8,,,
03DEC2015,SNBL,0807,Soneri Bank Ltd,13.46,13.84,13.46,13.73,15500,13.64,,,
03DEC2015,UBL,0807,United Bank XD,156,156,153.51,154.33,1409800,154.52,,,
03DEC2015,AICL,0812,Adamjee Ins.,55.75,56.49,55.3,56.09,264500,56.53,,,
03DEC2015,CYAN,0812,Cyan Limited,79.31,81,79.31,81,7500,80.23,,,
03DEC2015,CENI,0812,Century Ins.,21.65,21.65,21.3,21.5,75000,21.54,,,
03DEC2015,JLICL,0812,Jubile Life Ins.XD,505,509.64,505,509.64,1200,509.5,,,
03DEC2015,CSIL,0812,Cres.Star Ins.Ltd.,13.5,14.35,13.2,14.15,446500,13.88,,,
03DEC2015,EFUG,0812,EFU General,140,145,140,140.83,1600,143.96,,,
03DEC2015,HICL,0812,Habib Ins.,19,19,19,19,1500,18.5,,,
03DEC2015,IGIIL,0812,IGI Insurance,229.01,233.9,227.99,228.6,9800,233.26,,,
03DEC2015,EWLA,0812,East West Life,10.07,10.07,10,10.01,3500,10.96,,,
03DEC2015,ATIL,0812,Atlas Ins. Ltd,74.01,74.01,74.01,74.01,500,74.04,,,
03DEC2015,JGICL,0812,Jubilee Gen.Ins.,104.25,104.25,104.25,104.25,500,101,,,
03DEC2015,PAKRI,0812,Pak Reinsurance,32.8,33.83,32.1,32.9,328000,32.22,,,
03DEC2015,PINL,0812,Premier Ins.,29.49,29.49,29.49,29.49,2500,28.1,,,
03DEC2015,RICL,0812,Reliance Ins.,12.49,12.5,12.49,12.5,3000,12.25,,,
03DEC2015,UNIC,0812,United Insurance,21,21,20.73,20.73,8000,20.99,,,
03DEC2015,UVIC,0812,Universal Insurance,12.61,13,12.41,12.9,24500,13.41,,,
03DEC2015,AATM,0830,Ali Asghar Textile,3,3,2.52,2.9,2000,3.15,,,
03DEC2015,AMTEX,0830,Amtex Limited,2,2.08,2,2.01,51500,2.01,,,
03DEC2015,ASTM,0830,Asim Textile,6.03,6.03,6.03,6,500,6,,,
03DEC2015,BROT,0830,Brothers Textile,5.88,5.88,5.88,5.88,500,5.26,,,
03DEC2015,CWSM,0830,Chakwal Spinning,9.9,11.27,9.9,11.01,25500,10.27,,,
03DEC2015,HIRAT,0830,Hira Textile,8.45,8.46,8.3,8.3,20500,8.39,,,
03DEC2015,DFSM,0830,Dewan Farooque Sp.,3.03,3.14,3,3.14,30500,3.01,,,
03DEC2015,DKTM,0830,Dewan Khalid,6.2,6.2,6.2,6.2,500,5.95,,,
03DEC2015,DMTX,0830,D.M.Textile,32.8,32.8,32.8,32.8,500,33.73,,,
03DEC2015,DSIL,0830,D.S. Ind. Ltd.,3.59,3.59,3.19,3.2,95000,3.13,,,
03DEC2015,FZCM,0830,Fazal Cloth,126,126,126,126,100,126,,,
03DEC2015,GADT,0830,Gadoon Textile,136,137,132.11,134.83,1300,133.85,,,
03DEC2015,GSPM,0830,Gulshan Sp.,2.2,2.25,2.15,2.22,11000,2.2,,,
03DEC2015,JATM,0830,J.A.Textile,3.51,3.51,3.51,3.51,1000,4.01,,,
03DEC2015,JDMT,0830,Janana D Mal,0,66.85,66.85,69.75,1000,69.75,,,
03DEC2015,KOSM,0830,Kohinoor Spining,18.97,19,18.97,19,1000,18.6,,,
03DEC2015,LMSM,0830,Land Mark Spinning,6.7,6.7,6.7,6.7,1000,7,,,
03DEC2015,MUKT,0830,Mukhtar Textile,1.54,1.54,1.44,1.49,55500,1.55,,,
03DEC2015,NPSM,0830,N. P. Spinning,27,27,27,27,500,25.95,,,
03DEC2015,NCML,0830,Nazir Cotton Mills,3.7,3.7,3.33,3.44,15000,3.7,,,
03DEC2015,RAVT,0830,Ravi Textile,3.5,3.5,3.5,3.5,1000,3.5,,,
03DEC2015,SANE,0830,Salman Noman,4,4,4,4,7500,4,,,
03DEC2015,SNAI,0830,Sana Industries,87.5,88.5,87.5,88.5,4000,86.83,,,
03DEC2015,SRSM,0830,Sargoda Spinning,0,15.1117,15.1117,15.1117,0,15.5583,,,
03DEC2015,THAS,0830,Taha Spinning,5.9,6.48,5.9,6.48,9000,5.55,,,
03DEC2015,PRWM,0831,Prosperity Weav,26.5,26.5,26,26,3000,27.3,,,
03DEC2015,SMTM,0831,Samin Textile,0,8.2,8.2,8.1,1000,8.1,,,
03DEC2015,STJT,0831,Shahtaj Textile,165,169.95,165,167.48,1000,167.33,,,
03DEC2015,ADMM,0829,Artistic Denim XD,67.43,70.24,67.42,69.23,8500,70.89,,,
03DEC2015,ARUJ,0829,Aruj Industries,18.5,18.5,18.5,18.5,500,19.49,,,
03DEC2015,CHBL,0829,Chenab Limited,3.93,3.94,3.93,3.94,1000,3.84,,,
03DEC2015,CLCPS,0829,Chenab Ltd.(Pref),1.54,1.54,1.5,1.53,48000,1.5,,,
03DEC2015,CRTM,0829,Crescent Tex.,20.75,21.2,20,20.01,47500,20.44,,,
03DEC2015,CRTMR1,0829,Crescent Tex(R),3.19,3.99,2.5,2.53,133000,3.06,,,
03DEC2015,NCL,0829,Nishat (Chun.),34.49,34.7,34,34.49,142000,34.46,,,
03DEC2015,DLL,0829,Dawood Law,149.99,154,149.99,153.14,3100,148.46,,,
03DEC2015,GATM,0829,Gul AhmedXD,35.84,35.84,35,35.21,148500,35.16,,,
03DEC2015,HAFL,0829,Hafiz Limited XD,52.63,52.63,52.63,52.63,500,55.4,,,
03DEC2015,INKL,0829,Int.Knitwear,16.4,16.5,16.36,16.36,24500,16,,,
03DEC2015,JUBS,0829,Jubilee Spinning,4.98,4.98,4.98,4.98,500,4.9,,,
03DEC2015,KTML,0829,Kohinoor TextileXD,67.9,67.99,67.5,67.75,2500,66.15,,,
03DEC2015,ANL,0829,Azgard Nine,4.4,4.5,4.25,4.29,1217500,4.35,,,
03DEC2015,MTIL,0829,Mian Textile,2.61,2.7,2.61,2.65,10000,2.9,,,
03DEC2015,MFTM,0829,Mohd.Farooq,3.35,3.35,3.35,3.35,1000,3.5,,,
03DEC2015,NML,0829,Nishat Mills LtdXD,98.74,98.74,96.5,96.91,303800,98.13,,,
03DEC2015,REDCO,0829,Redco Textile,4.03,4.03,4.03,4.03,1000,3.98,,,
03DEC2015,SFAT,0829,Safa Textile,12,12,11,11,4000,12,,,
03DEC2015,SFL,0829,Sapphire Fiber,734.99,734.99,734.99,734.99,50,725.9,,,
03DEC2015,ZAHID,0829,ZahidJee Tex. XB,11,11,10.73,11,2000,10.96,,,
03DEC2015,FASM,0829,Faisal Spinning,148.87,148.87,148.87,148.87,200,141.79,,,
03DEC2015,BNWM,0835,Bannu Woollen,60,60.45,57,58.06,57500,59.28,,,
03DEC2015,AGL,0805,Agritech Limited,8.75,9,8.75,8.93,37000,8.96,,,
03DEC2015,DSFL,0827,Dewan Salman,2.28,2.29,2.21,2.28,116500,2.28,,,
03DEC2015,IBFL,0827,Ibrahim Fibres,52.75,52.75,52.75,52.75,500,53.25,,,
03DEC2015,TRPOL,0827,Tri-Star Polyester,1.33,1.33,1.3,1.3,106000,1.35,,,
03DEC2015,ASRL,0814,Associated Serv,118.3,118.3,118.3,118.3,500,124.5183,,,
03DEC2015,SUHJ,0814,Suhail Jute,11.72,11.72,11.72,11.72,500,12.72,,,
03DEC2015,THALL,0802,Thal Limited,254.5,254.5,251.7,252.99,900,252.74,,,
03DEC2015,ADAMS,0826,Adam Sugar,18.81,20.2,18.81,20.19,4000,19.7,,,
03DEC2015,AABS,0826,AL-Abbas SugarXD,162.5,179.4,162.32,179.4,1500,170.86,,,
03DEC2015,AGSML,0826,Abdullah Shah,0,10.1143,10.1143,10.1143,0,10.4,,,
03DEC2015,ALNRS,0826,AL-Noor Sugar,55,55.89,53.3,55.89,15500,53.23,,,
03DEC2015,ANSM,0826,Ansari Sugar,9.99,11,9.99,11,41500,10,,,
03DEC2015,CHAS,0826,Chashma Sugar,64.8,64.8,64.8,64.8,500,64.8,,,
03DEC2015,IMSL,0826,Imperial Sugar Ltd.,4.61,4.61,4.6,4.6,5000,4.8,,,
03DEC2015,DWSM,0826,Dewan Sugar,5.8,5.8,5.51,5.62,49000,5.66,,,
03DEC2015,EFOODS,0810,Engro Foods Ltd.,147,147,144.21,146.01,360300,146.25,,,
03DEC2015,FRSM,0826,Faran Sugar,0,69.99,69.99,69,500,69,,,
03DEC2015,HABSM,0826,Habib Sugar,38.5,38.9,38.4,38.75,8000,38.5,,,
03DEC2015,HAL,0826,Habib-ADM LtdXD,24.24,24.24,24.24,24.24,500,24.25,,,
03DEC2015,HWQS,0826,Haseeb Waqas Sugar,5.65,5.89,5.55,5.89,3500,5.5,,,
03DEC2015,HUSS,0826,Hussein Sugar,0,31.4,31.4,32.12,500,32.12,,,
03DEC2015,JDWS,0826,J.D.W.Sugar,294,310.79,281.2,309.79,1900,296,,,
03DEC2015,MZSM,0826,Mirza Sugar,2.6,2.6,2.6,2.6,500,2.6,,,
03DEC2015,NONS,0826,Noon Sugar,49.38,54.57,49.38,53.67,516000,51.9732,,,
03DEC2015,SHSML,0826,Shahmurad Sugar,53.2,56.5,53.2,56.5,2500,56,,,
03DEC2015,SGML,0826,Shakarganj Limited,18.5,18.75,18.3,18.7,119000,18.51,,,
03DEC2015,TSML,0826,Tandlianwala Sugar,99,108.75,99,108.75,3000,103.65,,,
03DEC2015,ACPL,0804,Attock Cement,170.9,171,168.25,168.28,800,167.46,,,
03DEC2015,BWCL,0804,Bestway Cem. XD,132,132,131.5,131.83,1500,135,,,
03DEC2015,PAKCEM,0804,Pakcem Ltd,17,17.29,17,17.2,103000,17.26,,,
03DEC2015,CHCC,0804,Cherat Cement,82,83,81.6,81.97,60000,82.18,,,
03DEC2015,DNCC,0804,Dandot Cement,9,9,8.75,8.75,7000,9,,,
03DEC2015,DGKC,0804,D.G.K.Cement,131.9,135,131,133.73,2695700,131.94,,,
03DEC2015,AKZO,0805,Akzo Nobel Pak.,231.1,237.89,231.1,237.62,13600,237.89,,,
03DEC2015,POWER,0804,Power Cement Ltd.,8.2,8.3,8,8.2,488000,8.31,,,
03DEC2015,FCCL,0804,Fauji Cement XD,34.1,34.75,33.81,34.52,2062500,34.17,,,
03DEC2015,FECTC,0804,Fecto CementXD,72.5,73.95,71.55,71.91,23500,73,,,
03DEC2015,FLYNG,0804,Flying Cement,8.15,8.22,8.15,8.22,1500,8.24,,,
03DEC2015,GWLC,0804,Gharibwal Cement,0,32.5,32.5,32.88,5000,32.88,,,
03DEC2015,JVDC,0804,Javedan Corp.,30.25,30.5,29.5,29.57,98000,30.1,,,
03DEC2015,KOHC,0804,Kohat Cement,205.25,211.1,205.25,211.03,7700,204.73,,,
03DEC2015,LUCK,0804,Lucky Cement,481,494,481,491.05,280700,484.19,,,
03DEC2015,MLCF,0804,MapleLeafCementXD,67.15,68.39,66.26,67.69,3598000,67.2,,,
03DEC2015,DCL,0804,Dewan Cement,12.15,12.38,11.7,12.26,1288500,12,,,
03DEC2015,PIOC,0804,Pioneer Cement,80.05,81.9,80.05,81.57,397500,80.88,,,
03DEC2015,SMCPL,0804,Safe Mix Con.Ltd,10.1,10.4,10.1,10.23,62500,10.23,,,
03DEC2015,THCCL,0804,Thatta Cement,23.9,23.9,23.9,23.9,500,22.99,,,
03DEC2015,ATRL,0825,Attock Refinery,198,201,196,197.69,366400,198.1,,,
03DEC2015,BYCO,0825,Byco Petroleum,21.65,21.72,21.1,21.3,2578500,21.52,,,
03DEC2015,NRL,0825,National Refin,222.89,222.89,219,219.4,13300,223.24,,,
03DEC2015,PRL,0825,Pak Refinery,47,47.55,45.51,46.39,1969000,46.94,,,
03DEC2015,EPQL,0824,Engro Powergen,35,35,34.5,34.54,81500,35.16,,,
03DEC2015,IDEN,0824,Ideal Energy Ltd.,6.2,6.9,6.2,6.9,17000,7.2,,,
03DEC2015,JPGL,0824,Japan Power,4.35,4.39,4.28,4.34,243500,4.33,,,
03DEC2015,HUBC,0824,Hub Power Co.XD,102,104.49,102,104.09,577000,102.55,,,
03DEC2015,KEL,0824,K-Electric Ltd.,7.25,7.29,7.16,7.24,3449000,7.25,,,
03DEC2015,KOHE,0824,Kohinoor Energy,44.48,44.5,44.3,44.48,29000,44.48,,,
03DEC2015,KOHP,0824,Kohinoor Power,3.6,3.6,3.21,3.45,4000,3.42,,,
03DEC2015,LPL,0824,Lalpir Power,29.2,29.26,29.2,29.26,6500,29.44,,,
03DEC2015,KAPCO,0824,Kot Addu Power,83.25,83.83,82.89,83.24,11000,82.68,,,
03DEC2015,NCPL,0824,Nishat ChunPow,55.5,56.23,55.1,55.29,72500,55.45,,,
03DEC2015,NPL,0824,Nishat Power,54,54,54,54,26000,53.91,,,
03DEC2015,PKGP,0824,Pakgen Power,28.5,28.55,28.5,28.55,2500,28,,,
03DEC2015,SPWL,0824,Saif Power Ltd. XD,33.3,33.5,33.25,33.25,17000,33.11,,,
03DEC2015,SEPCO,0824,Southern Electric,3.7,3.75,3.12,3.64,212500,3.7,,,
03DEC2015,TSPL,0824,Tri-Star PowerXD,1.72,1.8,1.7,1.77,11500,1.8,,,
03DEC2015,APL,0821,Attock Petrol.,484,484,484,484,100,487,,,
03DEC2015,PSO,0821,P.S.O.,312.85,316,310,314.41,243800,314.98,,,
03DEC2015,BPL,0821,Burshane LPG,72.13,74.14,71.95,73.97,28400,70.61,,,
03DEC2015,SHEL,0821,Shell Pakistan,225.5,226,222.54,223.39,10800,227.12,,,
03DEC2015,SSGC,0821,Sui South Gas,40.12,41.6,39.8,41.17,4980500,40.54,,,
03DEC2015,SNGP,0821,Sui North Gas,27.41,28.91,26.9,28.91,6492500,27.54,,,
03DEC2015,HASCOL,0821,Hascol Petrol,154,154.98,151.62,152.65,847600,154.26,,,
03DEC2015,MARI,0820,Mari Petroleum,518.02,521,509.01,516.01,294100,516.79,,,
03DEC2015,OGDC,0820,Oil & Gas Dev.XD,120.5,120.5,118.75,119.29,1148700,121,,,
03DEC2015,POL,0820,Pak Oilfields,291.2,293,287.5,290.14,212900,291.16,,,
03DEC2015,PPL,0820,Pak Petroleum,113,113.5,112.05,112.98,510700,113.86,,,
03DEC2015,ADOS,0808,Ados Pakistan,35.45,35.6,35.31,35.6,1500,37.11,,,
03DEC2015,ASL,0808,Aisha Steel Mill,8.4,8.88,8.4,8.71,24500,8.71,,,
03DEC2015,ASTL,0808,Amreli Steels L,56.5,59.03,56.4,59.03,4820500,56.22,,,
03DEC2015,BCL,0808,Bolan CastingXD,56,56,55,55.5,5000,56.63,,,
03DEC2015,DSL,0808,Dost Steels Ltd.,14.1,15.33,14.1,15.25,672000,14.33,,,
03DEC2015,CSAP,0808,Crescent Steel,114.99,118.89,113.15,117.87,370000,113.6,,,
03DEC2015,DKL,0808,Drekkar Kings,17.5,17.98,17.2,17.42,130500,17.57,,,
03DEC2015,HSPI,0808,Huffaz Seamless,18.51,19.5,18.01,18.95,46500,18.9,,,
03DEC2015,INIL,0808,Int. Ind.Ltd.,65,65,64,64.97,11500,64.9,,,
03DEC2015,ISL,0808,Inter.Steel Ltd,25.8,26.78,25.5,25.63,1342000,26,,,
03DEC2015,MUGHAL,0808,Mughal Iron&Ste,75.16,77.98,74.3,76.25,2282500,75.16,,,
03DEC2015,PECO,0808,Pak Engineering,177,187.16,177,187.16,4900,178.25,,,
03DEC2015,AGTL,0801,AL-Ghazi Trac. XD,422.75,430,421.25,429.97,7300,418.99,,,
03DEC2015,ATLH,0801,Atlas Honda Ltd,390,390,385,385.01,1100,382.01,,,
03DEC2015,DFML,0801,Dewan Motors,7.8,8.04,7.64,7.88,517500,7.93,,,
03DEC2015,GAIL,0801,Ghani Automobile,8.34,8.45,8.1,8.2,394500,8.26,,,
03DEC2015,GHNI,0801,Ghandhara Ind.,291,311.73,283.1,311.73,623500,296.89,,,
03DEC2015,GHNL,0801,Ghand Nissan,172.99,179.46,168,179.46,1243500,170.92,,,
03DEC2015,HINO,0801,Hinopak Motor,1010,1055,1010,1050.5,2800,1004.95,,,
03DEC2015,HCAR,0801,Honda Atlas Cars,245,245.8,242,243.73,299400,247.05,,,
03DEC2015,INDU,0801,Indus Motor Co XD,1019.49,1019.49,990.53,1003.8,5760,1003.14,,,
03DEC2015,MTL,0801,Millat Tractors XD,586,599,586,597.95,7150,584.66,,,
03DEC2015,PSMC,0801,Pak Suzuki,455,462,455,458.58,12900,458.81,,,
03DEC2015,SAZEW,0801,Sazgar Eng.,29.51,30.1,29.51,30.1,1500,29.95,,,
03DEC2015,AGIL,0802,Agriautos Ind.,199.01,203.84,198,198.01,5900,204,,,
03DEC2015,EXIDE,0802,Exide (PAK),890,900,865,882.5,100,906.67,,,
03DEC2015,GTYR,0802,General Tyre,168,171.8,165.5,170.41,458600,166.79,,,
03DEC2015,CECL,0803,Climax Eng.,0,33.12,33.12,33.12,0,31.55,,,
03DEC2015,JOPP,0803,Johnson & Philips,26.95,26.95,25.04,25.04,86000,26.35,,,
03DEC2015,PCAL,0803,Pakistan Cables,135.99,143.49,135.99,142.29,7600,136.66,,,
03DEC2015,PAEL,0803,Pak Elektron,62.99,63.85,61.7,63.52,7153500,63.02,,,
03DEC2015,TPL,0803,TPL Trakker Ltd,15.1,15.6,14.95,15.15,1101500,15.25,,,
03DEC2015,AVN,0828,Avanceon Ltd,35.15,35.35,34.9,35.09,55000,35.12,,,
03DEC2015,SING,0803,Singer Pak. XR,23,23.7,22.7,23.11,291000,23.35,,,
03DEC2015,SIEM,0803,Siemens Pak.,971,971,970,970.33,60,959.33,,,
03DEC2015,SPEL,0818,Synthetic Prod. XD,56.5,58.89,56,58.35,1111000,56.58,,,
03DEC2015,PNSC,0833,P.N.S.C XD,85.5,87,84.3,85.73,35600,85.38,,,
03DEC2015,PIBTL,0833,Pak Int.Bulk,26.25,26.46,25.72,26.27,681000,26.18,,,
03DEC2015,PIAA,0833,P.I.A.C.(A),8.48,8.55,8.3,8.5,336500,8.36,,,
03DEC2015,HUMNL,0828,Hum Network,13.45,13.9,13.02,13.76,347000,13.38,,,
03DEC2015,NETSOL,0828,Netsol Tech.,42.65,44.56,42.65,44.32,121500,43.41,,,
03DEC2015,MDTL,0828,Media Times Ltd,2.06,2.09,2.02,2.06,120500,2.1,,,
03DEC2015,SYS,0828,Systems Limited,59,59.35,58,58.51,206000,58.39,,,
03DEC2015,PTC,0828,P.T.C.L.,16.1,16.24,16.02,16.1,765000,16.16,,,
03DEC2015,TRG,0828,TRG Pak Ltd,35.99,36.95,35.5,36.34,10500500,36.22,,,
03DEC2015,TELE,0828,Telecard Limited,3.1,3.1,3.01,3.08,588500,3.05,,,
03DEC2015,WTL,0828,WorldCall Telecom,1.51,1.52,1.49,1.5,41000,1.52,,,
03DEC2015,DAWH,0809,Dawood Hercules,119,124.47,116.5,123.9,1252300,118.55,,,
03DEC2015,ENGRO,0809,Engro Corp SPOT,271.5,278.45,268.5,277.62,3612700,271.83,,,
03DEC2015,EFERT,0809,Engro Fert. XD,80,81.6,78.6,81.45,858000,80.12,,,
03DEC2015,FFBL,0809,Fauji Fert Bin,53,54.75,52.03,54.24,2236000,52.67,,,
03DEC2015,FFC,0809,Fauji Fert. XD,118.75,119,116.5,117.5,1022100,117.79,,,
03DEC2015,FEROZ,0823,Ferozsons (Lab),921.95,924.98,912,915.16,14900,912.19,,,
03DEC2015,GLAXO,0823,GlaxoSmithKline,220.5,222,216.25,219.42,325600,218.78,,,
03DEC2015,HINOON,0823,Highnoon (Lab),419.5,421.95,411,412.96,6400,417.55,,,
03DEC2015,OTSU,0823,Otsuka Pak,81.62,81.62,81.61,81.62,1000,84.84,,,
03DEC2015,SEARL,0823,The Searle ComXDXB,381.98,381.98,374.2,376.9,328000,380.94,,,
03DEC2015,SEARLR,0823,The Searle (R),175,179,172,174.8,17500,178.62,,,
03DEC2015,BIFO,0805,Biafo Ind.XD,280,288,280,288,3200,280,,,
03DEC2015,BERG,0805,Berger Paints XD,100,101.5,99,99.73,130500,101.83,,,
03DEC2015,BUXL,0805,Buxly Paints,40.9,40.9,40.9,40.9,500,41,,,
03DEC2015,ARPL,0805,Archroma Pak,413,428.85,413,428.85,14100,408.43,,,
03DEC2015,COLG,0805,Colgate PalmoXD,1500,1544,1500,1500,1000,1475,,,
03DEC2015,CTM,0830,Colony Tex.Mills Ltd,3.19,3.22,3.15,3.16,9000,3.15,,,
03DEC2015,DOL,0805,Descon Oxychem,5.2,5.39,5.11,5.22,224500,5.17,,,
03DEC2015,DOLR,0805,Descon Oxychem(R),0.28,0.28,0.17,0.22,3433500,0.25,,,
03DEC2015,DAAG,0805,Data Agro      ,10.25,10.25,10.1,10.1,2000,10.5,,,
03DEC2015,DYNO,0805,Dynea Pakistan,39,41,39,41,3000,39.55,,,
03DEC2015,EPCL,0805,Engro Polymer,10.97,11.35,10.9,11.12,111500,11.13,,,
03DEC2015,FATIMA,0809,Fatima Fert.,42.75,42.75,41.75,41.83,210000,41.99,,,
03DEC2015,GGL,0805,Ghani Gases Ltd XD,28.39,29.59,27.82,29.14,3258000,28.19,,,
03DEC2015,ICI,0805,ICI Pakistan,487,487,465.5,484.99,40800,490,,,
03DEC2015,ICL,0805,Ittehad Chem.,33,34,32.75,33.06,57000,33.13,,,
03DEC2015,ICLR,0805,Ittehad Chem.(R),13,13,12.49,12.49,194000,13.49,,,
03DEC2015,LOTCHEM,0805,Lotte Chemical,6.3,6.38,6.26,6.34,606500,6.35,,,
03DEC2015,PPVC,0805,Pak.P.V.C.,6.6,7.24,6.2,7.09,55000,6.3,,,
03DEC2015,NICL,0805,Nimir Ind.Chem.,24.89,26.13,24.89,25.55,1500,26.19,,,
03DEC2015,LINDE,0805,Linde Pakistan,116,120,114.3,117.16,46200,118.34,,,
03DEC2015,DCH,0805,Descon Chemical,6.25,6.28,6.14,6.18,366000,6.29,,,
03DEC2015,SITC,0805,Sitara Chemical,360,360,360,360,100,360.17,,,
03DEC2015,SPL,0805,Sitara Peroxide,13.5,13.85,13.5,13.75,208500,13.45,,,
03DEC2015,ARMR3,0819,Allied Rental(R,5,5.65,5,5,7000,5.55,,,
03DEC2015,BPBL,0822,B.P.Board,4.94,4.94,4.94,4.94,500,4.98,,,
03DEC2015,CEPB,0822,Century Paper,53.25,54.75,53.25,54.6,2500,53.64,,,
03DEC2015,CPPL,0822,Cherat Pack.,264,269,262,263.02,29300,261.51,,,
03DEC2015,MERIT,0822,Merit Packaging,18,18.47,17.02,18.34,97500,17.93,,,
03DEC2015,PKGS,0822,Packages Ltd.,585,594.99,582,584.86,19450,591.64,,,
03DEC2015,PPP,0822,Pak Paper Prod,63.51,66.9,63.51,65.33,1500,66.67,,,
03DEC2015,SEPL,0822,Security Paper,90,90,89.5,90,10500,91,,,
03DEC2015,SSOM,0834,S.S.Oil,59,61.06,56.52,61.06,26000,58.16,,,
03DEC2015,LEUL,0816,Leather Up Ltd.,9.5,10.16,9.5,10.16,57000,9.16,,,
03DEC2015,SRVI,0816,Service Ind.LtdXD,855,855,854,854.33,350,860,,,
03DEC2015,ASC,0810,Al-Shaheer Corp XB,64.12,65.5,63.51,64.49,301500,64.05,,,
03DEC2015,CLOV,0810,Clover Pakistan,62.55,62.55,61,61.92,13500,62.9,,,
03DEC2015,IBLHL,0823,IBL HealthCareXDXB,112.01,112.01,110,110.41,31000,112.11,,,
03DEC2015,IBLHLR,0823,IBL Health(R),60.6,61,59.75,60.16,14600,62.89,,,
03DEC2015,MFFL,0810,MithchellsFruit,378,385,378,383,600,382.01,,,
03DEC2015,NATF,0810,National Foods,305,308.95,302.25,308.95,2300,308.99,,,
03DEC2015,NOPK,0810,Noon Pakistan,257,259.5,240.85,256.55,96500,253.52,,,
03DEC2015,NOPKNV,0810,NoonPakNonVot,180,186.69,169.1,185.48,42500,177.8,,,
03DEC2015,QUICE,0810,Quice Food,8.22,8.49,8.2,8.36,257000,8.29,,,
03DEC2015,UPFL,0810,Unilever Foods,6000,6000,6000,6000,20,6000,,,
03DEC2015,RMPL,0810,Rafhan Maize,9071.16,9072,9071.16,9071.3,2020,9071.16,,,
03DEC2015,NMFL,0810,Nirala MSR Food,12.69,12.69,12.2,12.35,106000,12.69,,,
03DEC2015,SCL,0810,Shield Corp.,298.5,321,298.5,321,200,311.01,,,
03DEC2015,TREET,0810,Treet Corp,58.4,58.45,57.2,57.92,505500,58.2,,,
03DEC2015,ZIL,0810,ZIL Limited,79.7,79.75,73.8,74.95,3500,76,,,
03DEC2015,BGL,0811,Bal.Glass,5.81,6.49,5.7,6.18,542000,5.96,,,
03DEC2015,EMCO,0811,EMCO Industries,5.6,5.6,5.6,5.6,500,5.15,,,
03DEC2015,GHGL,0811,Ghani Glass LtdXD,150.9,150.9,148,150.9,332000,143.72,,,
03DEC2015,GGGL,0811,Ghani Global Glass L,17.05,17.75,17,17.46,309000,17.16,,,
03DEC2015,TGL,0811,Tariq Glass Ind.,61.5,64.05,61.25,63.9,182000,61,,,
03DEC2015,STCL,0811,Shabbir Tiles,8.15,8.4,8.11,8.32,97500,8.23,,,
03DEC2015,GAMON,0818,Gammon Pak,18.49,19.28,18.4,19.28,115500,18.28,,,
03DEC2015,HADC,0818,Haydery Const,2.71,2.8,2.7,2.74,21500,2.57,,,
03DEC2015,ARPAK,0818,Arpak Int.,0,45.6056,45.6056,45.6056,0,46.558,,,
03DEC2015,MACFL,0818,MACPAC FilmsXD,19.4,19.4,18.6,19.11,5000,18.52,,,
03DEC2015,ECOP,0818,ECOPACK Ltd,13.48,14.61,13.35,13.62,419000,13.61,,,
03DEC2015,MWMP,0818,Mandviwala,3.62,3.65,3.5,3.61,15500,3.6,,,
03DEC2015,PACE,0818,Pace (Pak) Ltd.,7.56,7.6,7.36,7.4,3021000,7.45,,,
03DEC2015,AKDCL,0818,AKD CapitalXD,0,217.1,217.1,217.1,0,206.77,,,
03DEC2015,SHFA,0818,Shifa Int.Hosp,308,323.2,302.5,314.99,21100,309.5,,,
03DEC2015,STPL,0818,Siddiqsons Tin Plate,9.22,9.5,9.2,9.41,116000,9.35,,,
03DEC2015,TRIPF,0818,Tri-Pack Films,233,235,230,231.13,900,231.99,,,
03DEC2015,SMBLTFC,36,Summit Bank(TFC,0,0,0,100,0,100,,,
03DEC2015,JSTFC6,0813,Jah. Siddiqui(TFC),0,0,0,98,0,98,,,
03DEC2015,BAFLTFC5,36,Bank Alfalah(TFC),0,0,0,101.25,0,101.25,,,
03DEC2015,KELSC3,36,K-Electr(SUKUK-3),0,0,0,104.4808,0,104.4808,,,
03DEC2015,NIBTFC2,36,NIB Bank,0,0,0,99,0,99,,,
03DEC2015,ENGROSC2,36,EngroCorp(SUKUK,0,0,0,115.8577,0,115.8577,,,
03DEC2015,KELSC4,36,K-Elect(SUKUK-4,0,0,0,102.75,0,102.75,,,
03DEC2015,HBL-CFEB,40,HBL-CFEB,0,0,0,213.56,0,207.59,,,
03DEC2015,AHCL-CFEB,40,AHCL-CFEB,0,0,0,48.48,0,49.11,,,
03DEC2015,AICL-CFEB,40,AICL-CFEB,0,0,0,57.45,0,57.95,,,
03DEC2015,AKBL-CFEB,40,AKBL-CFEB,0,0,0,21.41,0,21.36,,,
03DEC2015,ATRL-CFEB,40,ATRL-CFEB,0,0,0,202.47,0,203.06,,,
03DEC2015,BAFL-CFEB,40,BAFL-CFEB,0,0,0,30.01,0,29.73,,,
03DEC2015,ENGRO-CFEB,40,ENGRO-CFEB,0,0,0,284.33,0,278.64,,,
03DEC2015,FABL-CFEB,40,FABL-CFEB,0,0,0,15.36,0,15.5,,,
03DEC2015,FCCL-CFEB,40,FCCL-CFEB,0,0,0,35.35,0,35.03,,,
03DEC2015,FFBL-CFEB,40,FFBL-CFEB,0,0,0,55.55,0,53.99,,,
03DEC2015,FFC-CFEB,40,FFC-CFEB,0,0,0,120.34,0,123.56,,,
03DEC2015,HUBC-CFEB,40,HUBC-CFEB,0,0,0,106.61,0,105.12,,,
03DEC2015,KAPCO-CFEB,40,KAPCO-CFEB,0,0,0,85.25,0,84.75,,,
03DEC2015,LUCK-CFEB,40,LUCK-CFEB,0,0,0,502.92,0,496.32,,,
03DEC2015,NML-CFEB,40,NML-CFEB,0,0,0,99.25,0,100.59,,,
03DEC2015,PPL-CFEB,40,PPL-CFEB,0,0,0,115.71,0,116.71,,,
03DEC2015,PSO-CFEB,40,PSO-CFEB,0,0,0,322.01,0,322.87,,,
03DEC2015,SNGP-CFEB,40,SNGP-CFEB,0,0,0,29.61,0,28.23,,,
03DEC2015,UBL-CFEB,40,UBL-CFEB,0,0,0,158.06,0,161.47,,,
03DEC2015,AICL-CDEC,40,AICL-CDEC,0,0,0,56.43,0,56.92,,,
03DEC2015,ATRL-CDEC,40,ATRL-CDEC,0,0,0,198.88,0,199.47,,,
03DEC2015,DGKC-CDEC,40,DGKC-CDEC,0,0,0,134.54,0,132.85,,,
03DEC2015,FFC-CDEC,40,FFC-CDEC,0,0,0,118.21,0,121.37,,,
03DEC2015,HBL-CDEC,40,HBL-CDEC,0,0,0,209.78,0,203.92,,,
03DEC2015,KAPCO-CDEC,40,KAPCO-CDEC,0,0,0,83.74,0,83.25,,,
03DEC2015,NML-CDEC,40,NML-CDEC,0,0,0,97.5,0,98.81,,,
03DEC2015,UBL-CDEC,40,UBL-CDEC,0,0,0,155.26,0,158.61,,,
03DEC2015,AICL-CJAN,40,AICL-CJAN,0,0,0,56.99,0,57.49,,,
03DEC2015,ATRL-CJAN,40,ATRL-CJAN,0,0,0,200.87,0,201.47,,,
03DEC2015,DGKC-CJAN,40,DGKC-CJAN,0,0,0,135.88,0,134.18,,,
03DEC2015,FFC-CJAN,40,FFC-CJAN,0,0,0,119.39,0,122.59,,,
03DEC2015,HBL-CJAN,40,HBL-CJAN,0,0,0,211.88,0,205.96,,,
03DEC2015,KAPCO-CJAN,40,KAPCO-CJAN,0,0,0,84.58,0,84.08,,,
03DEC2015,NML-CJAN,40,NML-CJAN,0,0,0,98.47,0,99.8,,,
03DEC2015,UBL-CJAN,40,UBL-CJAN,0,0,0,156.82,0,160.2,,,
03DEC2015,BOP-CFEB,40,BOP-CFEB,0,0,0,8.96,0,8.91,,,
03DEC2015,DGKC-CFEB,40,DGKC-CFEB,0,0,0,136.96,0,135.25,,,
03DEC2015,AKBL-CDEC,40,AKBL-CDEC,0,0,0,21.03,0,20.98,,,
03DEC2015,AKBL-CJAN,40,AKBL-CJAN,0,0,0,21.24,0,21.19,,,
03DEC2015,NCL-DEC,40,NCL-DEC,34.56,34.75,34.3,34.51,33000,34.63,,,
03DEC2015,HUBC-DEC,40,HUBC-DEC,0,0,0,104.75,0,102,,,
03DEC2015,PSO-DEC,40,PSO-DEC,314.25,317.32,311.5,315.99,250000,317.25,,,
03DEC2015,SNGP-DEC,40,SNGP-DEC,27.5,29.06,27,29.06,3028500,27.68,,,
03DEC2015,NML-DEC,40,NML-DEC,98.4,98.8,97,97.54,154000,98.36,,,
03DEC2015,PTC-DEC,40,PTC-DEC,16.19,16.29,16.1,16.28,43000,16.23,,,
03DEC2015,ENGRO-DEC,40,ENGRO-DEC,267.99,275.4,266,274.49,2895500,269.43,,,
03DEC2015,FFC-DEC,40,FFC-DEC,118,118.71,117.39,118.2,29500,118.75,,,
03DEC2015,FFBL-DEC,40,FFBL-DEC,52.5,55,52.4,54.53,645000,52.78,,,
03DEC2015,PPL-DEC,40,PPL-DEC,112.5,113.9,112.5,113.66,124500,114.52,,,
03DEC2015,OGDC-DEC,40,OGDC-DEC,120,121.49,119,120.11,91500,121.5,,,
03DEC2015,DGKC-DEC,40,DGKC-DEC,132,135.7,132,134.37,1558500,132.64,,,
03DEC2015,LUCK-DEC,40,LUCK-DEC,483.01,497,483,493.13,139000,486.57,,,
03DEC2015,MLCF-DEC,40,MLCF-DEC,67.5,68.7,66.57,67.93,1673000,67.54,,,
03DEC2015,BOP-DEC,40,BOP-DEC,8.7,8.88,8.64,8.78,442000,8.75,,,
03DEC2015,NBP-DEC,40,NBP-DEC,54.71,54.75,54.5,54.5,17500,54.39,,,
03DEC2015,AKBL-DEC,40,AKBL-DEC,21,21,21,21,3000,20.94,,,
03DEC2015,SSGC-DEC,40,SSGC-DEC,40.84,41.78,40.01,41.36,2423000,40.79,,,
03DEC2015,FABL-DEC,40,FABL-DEC,15.15,15.21,15.01,15.17,7000,15.11,,,
03DEC2015,BAFL-DEC,40,BAFL-DEC,0,0,0,29.49,0,29.17,,,
03DEC2015,PIOC-DEC,40,PIOC-DEC,81.5,82.5,80.93,82.3,35000,81.24,,,
03DEC2015,KAPCO-DEC,40,KAPCO-DEC,0,0,0,83.77,0,82.29,,,
03DEC2015,OGDC-CDEC,40,OGDC-CDEC,0,0,0,120.01,0,121.84,,,
03DEC2015,PTC-CDEC,40,PTC-CDEC,0,0,0,16.2,0,16.27,,,
03DEC2015,NBP-CDEC,40,NBP-CDEC,0,0,0,54.43,0,54.63,,,
03DEC2015,OGDC-CJAN,40,OGDC-CJAN,0,0,0,121.21,0,123.06,,,
03DEC2015,PTC-CJAN,40,PTC-CJAN,0,0,0,16.36,0,16.43,,,
03DEC2015,NBP-CJAN,40,NBP-CJAN,0,0,0,54.97,0,55.18,,,
03DEC2015,OGDC-CFEB,40,OGDC-CFEB,0,0,0,122.17,0,124.03,,,
03DEC2015,PTC-CFEB,40,PTC-CFEB,0,0,0,16.49,0,16.56,,,
03DEC2015,NBP-CFEB,40,NBP-CFEB,0,0,0,55.41,0,55.62,,,
03DEC2015,AHCL-CDEC,40,AHCL-CDEC,0,0,0,47.63,0,48.24,,,
03DEC2015,PPL-CDEC,40,PPL-CDEC,0,0,0,113.66,0,114.65,,,
03DEC2015,PSO-CDEC,40,PSO-CDEC,0,0,0,316.31,0,317.16,,,
03DEC2015,ENGRO-CDEC,40,ENGRO-CDEC,0,0,0,279.3,0,273.71,,,
03DEC2015,BOP-CDEC,40,BOP-CDEC,0,0,0,8.8,0,8.75,,,
03DEC2015,FFBL-CDEC,40,FFBL-CDEC,0,0,0,54.57,0,53.03,,,
03DEC2015,HUBC-CDEC,40,HUBC-CDEC,0,0,0,104.72,0,103.26,,,
03DEC2015,LUCK-CDEC,40,LUCK-CDEC,0,0,0,494.02,0,487.54,,,
03DEC2015,BAFL-CDEC,40,BAFL-CDEC,0,0,0,29.48,0,29.2,,,
03DEC2015,AHCL-CJAN,40,AHCL-CJAN,0,0,0,48.1,0,48.72,,,
03DEC2015,PPL-CJAN,40,PPL-CJAN,0,0,0,114.8,0,115.79,,,
03DEC2015,PSO-CJAN,40,PSO-CJAN,0,0,0,319.48,0,320.33,,,
03DEC2015,ENGRO-CJAN,40,ENGRO-CJAN,0,0,0,282.09,0,276.45,,,
03DEC2015,BOP-CJAN,40,BOP-CJAN,0,0,0,8.89,0,8.84,,,
03DEC2015,FFBL-CJAN,40,FFBL-CJAN,0,0,0,55.11,0,53.56,,,
03DEC2015,HUBC-CJAN,40,HUBC-CJAN,0,0,0,105.77,0,104.29,,,
03DEC2015,LUCK-CJAN,40,LUCK-CJAN,0,0,0,498.96,0,492.42,,,
03DEC2015,BAFL-CJAN,40,BAFL-CJAN,0,0,0,29.77,0,29.49,,,
03DEC2015,AICL-DEC,40,AICL-DEC,56,56.86,55.9,56.86,28500,56.9,,,
03DEC2015,AHCL-DEC,40,AHCL-DEC,46.93,47.75,46.93,47.73,5500,47.89,,,
03DEC2015,ATRL-DEC,40,ATRL-DEC,197.01,202,197,198.41,85000,199.03,,,
03DEC2015,FCCL-DEC,40,FCCL-DEC,34.48,34.85,34.1,34.72,576500,34.25,,,
03DEC2015,UBL-DEC,40,UBL-DEC,155.54,155.98,154.5,155.08,30000,156.1,,,
03DEC2015,HBL-DEC,40,HBL-DEC,205,208,205,207.25,3500,204.51,,,
03DEC2015,NCL-CDEC,40,NCL-CDEC,0,0,0,34.7,0,34.7,,,
03DEC2015,NCL-CJAN,40,NCL-CJAN,0,0,0,35.05,0,35.05,,,
03DEC2015,NCL-CFEB,40,NCL-CFEB,0,0,0,35.32,0,35.32,,,
03DEC2015,EFOODS-CDEC,40,EFOODS-CDEC,0,0,0,146.89,0,147.26,,,
03DEC2015,FATIMA-CDEC,40,FATIMA-CDEC,0,0,0,42.08,0,42.28,,,
03DEC2015,EFOODS-CJAN,40,EFOODS-CJAN,0,0,0,148.36,0,148.73,,,
03DEC2015,FATIMA-CJAN,40,FATIMA-CJAN,0,0,0,42.5,0,42.7,,,
03DEC2015,FATIMA-DEC,40,FATIMA-DEC,42.62,42.62,42.5,42.5,4500,42.3,,,
03DEC2015,EFOODS-DEC,40,EFOODS-DEC,146.5,147.9,144.27,146.79,147000,147.13,,,
03DEC2015,EFOODS-CFEB,40,EFOODS-CFEB,0,0,0,149.54,0,149.91,,,
03DEC2015,FATIMA-CFEB,40,FATIMA-CFEB,0,0,0,42.84,0,43.04,,,
03DEC2015,FCCL-CDEC,40,FCCL-CDEC,0,0,0,34.73,0,34.41,,,
03DEC2015,PIOC-CDEC,40,PIOC-CDEC,0,0,0,82.06,0,81.44,,,
03DEC2015,SNGP-CDEC,40,SNGP-CDEC,0,0,0,29.08,0,27.73,,,
03DEC2015,SSGC-CDEC,40,SSGC-CDEC,0,0,0,41.42,0,40.82,,,
03DEC2015,FCCL-CJAN,40,FCCL-CJAN,0,0,0,35.08,0,34.75,,,
03DEC2015,PIOC-CJAN,40,PIOC-CJAN,0,0,0,82.88,0,82.25,,,
03DEC2015,SSGC-CJAN,40,SSGC-CJAN,0,0,0,41.83,0,41.23,,,
03DEC2015,SNGP-CJAN,40,SNGP-CJAN,0,0,0,29.38,0,28.01,,,
03DEC2015,PIOC-CFEB,40,PIOC-CFEB,0,0,0,83.54,0,82.91,,,
03DEC2015,SSGC-CFEB,40,SSGC-CFEB,0,0,0,42.16,0,41.56,,,
03DEC2015,MLCF-CDEC,40,MLCF-CDEC,0,0,0,68.1,0,67.66,,,
03DEC2015,FABL-CDEC,40,FABL-CDEC,0,0,0,15.09,0,15.22,,,
03DEC2015,KEL-CDEC,40,KEL-CDEC,0,0,0,7.28,0,7.3,,,
03DEC2015,PAEL-CDEC,40,PAEL-CDEC,0,0,0,63.9,0,63.46,,,
03DEC2015,CHCC-CDEC,40,CHCC-CDEC,0,0,0,82.47,0,82.75,,,
03DEC2015,CHCC-CJAN,40,CHCC-CJAN,0,0,0,83.29,0,83.58,,,
03DEC2015,FABL-CJAN,40,FABL-CJAN,0,0,0,15.24,0,15.38,,,
03DEC2015,KEL-CJAN,40,KEL-CJAN,0,0,0,7.36,0,7.37,,,
03DEC2015,MLCF-CJAN,40,MLCF-CJAN,0,0,0,68.78,0,68.34,,,
03DEC2015,PAEL-CJAN,40,PAEL-CJAN,0,0,0,64.54,0,64.09,,,
03DEC2015,CHCC-DEC,40,CHCC-DEC,83,83,82.25,82.75,22000,83.12,,,
03DEC2015,KEL-DEC,40,KEL-DEC,7.25,7.32,7.2,7.27,462000,7.34,,,
03DEC2015,PAEL-DEC,40,PAEL-DEC,63.1,64.2,62.1,63.84,8633000,63.43,,,
03DEC2015,MLCF-CFEB,40,MLCF-CFEB,0,0,0,69.33,0,68.88,,,
03DEC2015,PAEL-CFEB,40,PAEL-CFEB,0,0,0,65.05,0,64.6,,,
03DEC2015,CHCC-CFEB,40,CHCC-CFEB,0,0,0,83.95,0,84.24,,,
03DEC2015,KEL-CFEB,40,KEL-CFEB,0,0,0,7.41,0,7.43,,,
03DEC2015,EFERT-CDEC,40,EFERT-CDEC,0,0,0,81.94,0,82.18,,,
03DEC2015,EPQL-CDEC,40,EPQL-CDEC,0,0,0,34.75,0,35.4,,,
03DEC2015,HUMNL-CDEC,40,HUMNL-CDEC,0,0,0,13.84,0,13.47,,,
03DEC2015,PAKCEM-CDEC,40,PAKCEM-CDEC,0,0,0,17.3,0,17.38,,,
03DEC2015,PAKCEM-CJAN,40,PAKCEM-CJAN,0,0,0,17.48,0,17.55,,,
03DEC2015,EFERT-CJAN,40,EFERT-CJAN,0,0,0,82.76,0,83.01,,,
03DEC2015,HUMNL-CJAN,40,HUMNL-CJAN,0,0,0,13.98,0,13.61,,,
03DEC2015,PAKCEM-DEC,40,PAKCEM-DEC,17.4,17.4,17.1,17.3,41500,17.27,,,
03DEC2015,EFERT-DEC,40,EFERT-DEC,80.1,81.95,78.99,81.81,251000,81.05,,,
03DEC2015,HUMNL-DEC,40,HUMNL-DEC,13.69,14,13.5,13.81,37500,13.6,,,
03DEC2015,EFERT-CFEB,40,EFERT-CFEB,0,0,0,83.42,0,83.66,,,
03DEC2015,HUMNL-CFEB,40,HUMNL-CFEB,0,0,0,14.09,0,13.72,,,
03DEC2015,PAKCEM-CFEB,40,PAKCEM-CFEB,0,0,0,17.62,0,17.69,,,
03DEC2015,DCR,0836,Dolmen City Rei,10.2,10.2,10.11,10.16,149500,10.25,,,
