21OCT2015,GASF,0806,Golden Arrow SPOT,11.51,11.54,11.25,11.37,524500,11.53,,,
21OCT2015,PGF,0806,PICIC Growth,22.82,23.24,22.82,23.05,81000,23.25,,,
21OCT2015,SINDM,0819,Sindh ModarabaXD,5.51,5.51,5.51,5.51,500,6.01,,,
21OCT2015,TSMF,0806,Tri-Star Mutual,2.8,3.15,2.8,3.15,35000,3.25,,,
21OCT2015,FANM,0819,AL-Noor Modar SPOT,4.5,4.5,4.5,4.5,500,4.69,,,
21OCT2015,ARM,0819,Allied Rent. SPOT,38,38,37.63,37.64,11500,38.5,,,
21OCT2015,BFMOD,0819,B.F.Modaraba SPOT,8,8,8,8,500,8.6,,,
21OCT2015,BRR,0819,B.R.R.Guardian SPOT,7.76,7.85,7.45,7.67,130000,7.6,,,
21OCT2015,FECM,0819,Elite Cap.Mod SPOT,4.66,4.75,4.5,4.5,28000,4.7,,,
21OCT2015,FEM,0819,Equity Modaraba,4.7,4.7,4.55,4.55,52500,4.6,,,
21OCT2015,CSM,0819,Cres. Stand.Mod,1.63,1.63,1.63,1.63,500,1.6,,,
21OCT2015,SCM,0819,Stand.Char. Mod SPOT,31.95,32.15,31.5,31.59,10000,31.99,,,
21OCT2015,FHAM,0819,Habib Modaraba,10.15,10.15,10.1,10.1,3000,10.15,,,
21OCT2015,MODAM,0819,Mod.Al-MaliXD,2.7,3,2.65,2.93,19000,2.45,,,
21OCT2015,FNBM,0819,Nat.Bank Mod.,3.5,3.51,3.5,3.5,15500,3.5,,,
21OCT2015,PAKMI,0819,Pak Mod.XD SPOT,2.35,2.5,2.07,2.07,26000,2.02,,,
21OCT2015,FPRM,0819,Paramount Mod SPOT,15.6,16.13,15,15.62,86000,16,,,
21OCT2015,PMI,0819,Prud Mod.1stXD SPOT,1.99,2.03,1.91,2.01,69000,2,,,
21OCT2015,FPJM,0819,Punjab ModarabaXD,0,5.15,5.15,5.15,500,5.15,,,
21OCT2015,TRSM,0819,Trust ModarabaXD,4.5,4.5,4.5,4.5,6000,4.13,,,
21OCT2015,FUDLM,0819,U.D.L.ModarabaXD,25.61,26.25,25.61,26.06,6500,25.81,,,
21OCT2015,UCAPM,0819,Unicap Modaraba,1.25,1.4,1.25,1.34,1500,1.25,,,
21OCT2015,CPAL,0815,Cap.Assets Leasing,11.63,11.63,11.63,11.63,4500,12.6,,,
21OCT2015,OLPL,0815,Orix LeasingXD,63,63,62,63,112000,63,,,
21OCT2015,SPLC,0815,Saudi Pak Leasing,1.6,1.6,1.6,1.6,1000,1.6,,,
21OCT2015,SCLL,0815,Stand.ChartLeas,9.9,10.4,9.9,9.97,6000,10,,,
21OCT2015,AHL,0813,Arif Habib Ltd.,62.32,62.9,62.32,62.84,35000,63.65,,,
21OCT2015,AHCL,0809,Arif Habib CorpXD,52.35,52.98,52.35,52.58,60000,52.85,,,
21OCT2015,ICIBL,0813,Invest Bank,1.6,1.67,1.42,1.48,9500,1.51,,,
21OCT2015,FDIBL,0813,Ist.Dawood Bank,1.4,1.4,1.4,1.4,500,1.4,,,
21OCT2015,JSCL,0813,Jah.Sidd. Co.,21.42,21.77,21.06,21.27,6466500,21.35,,,
21OCT2015,JSCLR,0813,Jah. Sidd.(R),11.01,11.26,10.66,10.84,764500,11.06,,,
21OCT2015,NEXT,0815,Next Capital,7.02,7.2,6.18,6.82,142000,7.18,,,
21OCT2015,FCSC,0813,Ist.Capital Sec.Corp,2.45,2.45,2.31,2.31,12500,2.44,,,
21OCT2015,IGIBL,0813,IGI Inv.Bank,1.65,1.65,1.65,1.65,10000,1.61,,,
21OCT2015,IFSL,0813,Invest & Fin.Sec,22.29,22.29,22.29,22.29,8500,23.46,,,
21OCT2015,FNEL,0813,F. Nat.Equities,3.05,3.06,3,3,26500,3.1,,,
21OCT2015,JSIL,0813,JS Investments,15,15.24,14.5,14.95,145000,15,,,
21OCT2015,JSGCL,0813,JS Global Cap.,44,45.48,44,45.48,1000,46.18,,,
21OCT2015,DEL,0813,Dawood Equities,3.04,3.43,3.04,3.36,84500,3.39,,,
21OCT2015,PASL,0813,Pervez Ahmed,2.15,2.15,2.06,2.1,374000,2.11,,,
21OCT2015,TRIBL,0813,Trust Inv.Bank,1.25,1.25,1.25,1.25,6500,1.3,,,
21OCT2015,ABL,0807,Allied BankXD,98.97,100,98.7,100,61800,98.5,,,
21OCT2015,SMBL,0807,Summit Bank,3.88,3.88,3.77,3.8,138500,3.8,,,
21OCT2015,AKBL,0807,Askari Bank,22.2,22.47,22.2,22.34,265500,22.19,,,
21OCT2015,BAFL,0807,Bank Al-Falah,27.49,27.49,27.1,27.35,204500,27.45,,,
21OCT2015,BIPL,0807,Bankislami Pak.,9.99,10.05,9.82,10.05,13000,9.8,,,
21OCT2015,BOK,0807,Bank Of Khyber,10.25,10.25,10.01,10.16,6000,10.19,,,
21OCT2015,BAHL,0807,Bank AL-Habib,43,43,42.99,43,131500,43,,,
21OCT2015,BOP,0807,B.O.Punjab,9,9.1,8.96,9.02,1851500,8.94,,,
21OCT2015,FABL,0807,Faysal Bank,16.18,16.18,15.8,15.89,229000,15.91,,,
21OCT2015,HBL,0807,Habib BankXD,205,211,205,209.67,574600,204.97,,,
21OCT2015,MEBL,0807,Meezan Bank,49.1,49.45,48.02,49.18,139000,50,,,
21OCT2015,NBP,0807,National Bank.,55.55,56,55.2,55.81,253000,55.1,,,
21OCT2015,HMB,0807,Habib Metropol.,32.21,32.4,31.86,32,183500,31.88,,,
21OCT2015,MCB,0807,MCB Bank Ltd,244.9,245,242,244.42,148700,243.5,,,
21OCT2015,NIB,0807,NIB Bank Limited,2,2.02,1.94,1.95,1614000,1.95,,,
21OCT2015,JSBL,0807,JS Bank Ltd,7.6,7.6,7.39,7.52,444500,7.5,,,
21OCT2015,SBL,0807,Samba Bank,6.6,6.95,6.6,6.95,1000,6.59,,,
21OCT2015,SILK,0807,Silk Bank Ltd,1.68,1.7,1.66,1.68,1701000,1.67,,,
21OCT2015,SNBL,0807,Soneri Bank Ltd,14.39,14.5,13.9,13.9,358000,14.24,,,
21OCT2015,SCBPL,0807,St.Chart.BankXD,23.3,23.38,22.31,22.87,3000,22.93,,,
21OCT2015,UBL,0807,United Bank,163.99,164,162.8,163.85,287300,163.51,,,
21OCT2015,AICL,0812,Adamjee Ins. XD,57,57.2,56,56.33,553500,56.98,,,
21OCT2015,IGIL,0812,IGI Life Ins.,121.5,121.5,120.46,120.82,500,126.8,,,
21OCT2015,AGIC,0812,Ask.Gen.Insurance,33,34.14,32.51,34,4000,34,,,
21OCT2015,CYAN,0812,Cyan Limited,92.9,92.9,90,90.29,48500,92.73,,,
21OCT2015,CENI,0812,Century Ins.,23.6,23.6,23.05,23.05,7500,23.6,,,
21OCT2015,JLICL,0812,Jubile Life Ins.XD,520,521,520,521,1000,520,,,
21OCT2015,CSIL,0812,Cres.Star Ins.Ltd.,12.45,13.2,12.25,13.2,1182000,12.2,,,
21OCT2015,EFUL,0812,EFU Life Assr.,220,221,220,220.75,300,220.51,,,
21OCT2015,HICL,0812,Habib Ins.,19.3,19.35,19.25,19.35,16000,19.19,,,
21OCT2015,IGIIL,0812,IGI Insurance,226.05,226.05,220,223,7400,226.59,,,
21OCT2015,EWLA,0812,East West Life,9.86,10.9,9.85,10.37,33000,10.85,,,
21OCT2015,ATIL,0812,Atlas Ins. Ltd,73.49,73.5,72.9,72.9,8500,73.25,,,
21OCT2015,JGICL,0812,Jubilee Gen.Ins.,123.99,123.99,123.99,123.99,1500,127.99,,,
21OCT2015,PIL,0812,PICIC Ins.Ltd.,12,12.17,11.5,12.1,122500,11.34,,,
21OCT2015,PKGI,0812,Pak Gen.Ins.,9,9,9,9,25000,8.75,,,
21OCT2015,PAKRI,0812,Pak Reinsurance,32.5,32.55,32.4,32.42,18500,32.5,,,
21OCT2015,RICL,0812,Reliance Ins.,14,14.38,14,14.1,40500,14,,,
21OCT2015,SHNI,0812,Shaheen Ins.,6.05,6.05,6.05,6.05,1000,6.25,,,
21OCT2015,UNIC,0812,United Insurance,22,22.01,21.6,21.71,30000,22,,,
21OCT2015,UVIC,0812,Universal Insurance,8.2,8.25,8.1,8.1,15500,8.1,,,
21OCT2015,AMTEX,0830,Amtex Limited,2.12,2.15,2.09,2.1,178500,2.1,,,
21OCT2015,ASTM,0830,Asim Textile,7.15,7.15,7,7,6000,7,,,
21OCT2015,BILF,0830,Bilal Fibres,0,4.6677,4.6677,4.6677,0,4.98,,,
21OCT2015,BROT,0830,Brothers Textile,6.24,7.21,5.6,6.83,152500,6.21,,,
21OCT2015,HIRAT,0830,Hira Textile SPOT,11.1,11.1,10.85,10.87,34500,11.04,,,
21OCT2015,DFSM,0830,Dewan Farooque Sp.,4.08,4.12,3.91,4.08,145500,3.9,,,
21OCT2015,DMTM,0830,Dewan Mushtaq,6,6,6,6,500,6,,,
21OCT2015,DINT,0830,Din Textile,109.8,109.8,109.8,104.72,100,104.72,,,
21OCT2015,DMTX,0830,D.M.Textile,0,39.3333,39.3333,39.3333,0,39.75,,,
21OCT2015,DSIL,0830,D.S. Ind. Ltd.,3.52,3.52,3.52,3.52,500,3.52,,,
21OCT2015,ELCM,0830,Elahi Cotton,0,46.625,46.625,46.625,0,47,,,
21OCT2015,ELSM,0830,Ellcot SpinningXD,53.25,54.2,53.25,54.2,4500,52.2,,,
21OCT2015,FZCM,0830,Fazal Cloth SPOT,138,138,133.57,133.57,5000,140.6,,,
21OCT2015,GADT,0830,Gadoon Textile,144.05,146,140,140.02,13800,144.99,,,
21OCT2015,GLAT,0830,Glamour Textile,0,50,50,52.28,1000,52.2786,,,
21OCT2015,GUSM,0830,Gulistan Sp.,2.1,2.1,2,2,1000,2,,,
21OCT2015,ILTM,0830,Island Textile,871.03,871.03,871.03,871.03,50,916.868,,,
21OCT2015,KOSM,0830,Kohinoor Spining,20.2,20.2,18.25,18.25,2000,19.25,,,
21OCT2015,MQTM,0830,Maqbool Textile,16.84,16.85,16.84,16.85,1000,16.35,,,
21OCT2015,MUKT,0830,Mukhtar Textile,0,1.63,1.63,1.66,500,1.66,,,
21OCT2015,NPSM,0830,N. P. Spinning,24.27,24.27,23.7,24.27,1500,23.12,,,
21OCT2015,NAGC,0830,Nagina Cotton SPOT,53.25,53.25,53.25,53.25,500,53.6,,,
21OCT2015,OLSM,0830,Olympia Spinning,4.5,4.5,4.5,4.5,500,4.4,,,
21OCT2015,PRET,0830,Premium Tex.XD,99.5,99.5,99.5,99.5,500,97,,,
21OCT2015,RAVT,0830,Ravi Textile,3.89,4.2,3.89,4.06,83000,3.8,,,
21OCT2015,RUBY,0830,Ruby Textile,4.5,4.5,4.5,4.5,2500,4.8,,,
21OCT2015,SAIF,0830,Saif Textile,21.5,21.5,20.7,20.9,24500,21.75,,,
21OCT2015,SLYT,0830,Sally Textile,11.6,11.6,11.6,11.6,5500,12.48,,,
21OCT2015,SNAI,0830,Sana IndustriesXD,82.3,82.5,81.75,81.88,10000,85.12,,,
21OCT2015,SSML,0830,Saritow Spinning,7,7,6.8,6.8,7000,7.25,,,
21OCT2015,SERT,0830,Service Textile,13.87,14.85,13.7,14.4,26500,13.9,,,
21OCT2015,THAS,0830,Taha Spinning,5.32,5.49,5.32,5.49,5500,5.5,,,
21OCT2015,TATM,0830,Tata TextileXD,26.11,26.11,26,26,3500,27,,,
21OCT2015,ICCT,0831,I.C.C.Textile,2.83,2.9,2.77,2.9,28000,2.84,,,
21OCT2015,SMTM,0831,Samin Textile,9.6,9.6,9.5,9.5,3500,9.6,,,
21OCT2015,STJT,0831,Shahtaj Textile SPOT,125.95,126.24,125.95,126.24,4000,120.23,,,
21OCT2015,YOUW,0831,Yousuf Weaving,3.05,3.1,3,3.1,6500,3.38,,,
21OCT2015,ZTL,0831,Zephyr Textile,8,8.39,7.8,8.2,27000,8.1,,,
21OCT2015,ADMM,0829,Artistic Denim XD,75.5,77.99,75,77.68,13000,78.94,,,
21OCT2015,ARUJ,0829,Aruj Industries,16.25,16.25,16.25,16.25,500,16.5,,,
21OCT2015,BHAT,0829,Bhanero Tex. XD,570,598.99,570,598.99,400,599.99,,,
21OCT2015,CHBL,0829,Chenab Limited,4.1,4.15,4.02,4.03,147000,4.27,,,
21OCT2015,CLCPS,0829,Chenab Ltd.(Pref),1.69,1.69,1.65,1.65,20000,1.65,,,
21OCT2015,CRTM,0829,Crescent Tex. SPOT,23.69,23.8,23.1,23.58,53000,23.68,,,
21OCT2015,NCL,0829,Nishat (Chun.) SPOT,39.11,39.3,38.4,38.94,436000,39.06,,,
21OCT2015,DLL,0829,Dawood Law,135,135,125,126.63,20700,130,,,
21OCT2015,REWM,0829,Reliance Weaving,31.16,32.75,31.16,31.56,3000,32.8,,,
21OCT2015,GFIL,0829,Ghazi Fabrics,6.5,6.5,6.12,6.39,11500,7.1,,,
21OCT2015,GATM,0829,Gul AhmedXD,38.89,38.89,37.63,37.9,135000,38.02,,,
21OCT2015,HAEL,0829,Hala Enterprise,9.5,9.5,9.5,9.5,1000,9.5,,,
21OCT2015,INKL,0829,Int.KnitwearXD,16.7,18.55,16.63,18.37,45000,17.59,,,
21OCT2015,ISTM,0829,Ishaq Textiles,12,12.2,11.71,11.9,6500,11.9,,,
21OCT2015,KML,0829,Kohinoor Mills,19.55,19.55,19.01,19.5,9500,19.27,,,
21OCT2015,KTML,0829,Kohinoor TextileXD,74.39,74.39,72.9,73.03,74500,73.6,,,
21OCT2015,ANL,0829,Azgard Nine,5.14,5.14,5,5.02,329000,5.05,,,
21OCT2015,MFTM,0829,Mohd.Farooq,3.9,3.9,3.65,3.65,8000,3.79,,,
21OCT2015,NML,0829,Nishat Mills Ltd,103.5,103.9,102.7,103.15,350500,103.39,,,
21OCT2015,REDCO,0829,Redco Textile,4.18,4.3,4.02,4.21,39000,4.15,,,
21OCT2015,SURC,0829,Suraj Cotton SPOT,169.5,169.5,169.5,169.5,200,166.43,,,
21OCT2015,ZAHID,0829,ZahidJee Tex. SPOT,19.05,19.25,18.55,18.68,52500,19.4,,,
21OCT2015,BNWM,0835,Bannu WoollenXD,64.99,64.99,63,64.22,34000,64.45,,,
21OCT2015,AGL,0805,Agritech Limited,8.61,8.61,8.61,8.61,500,8.63,,,
21OCT2015,AASM,0827,AL-Abid Silk Mills,17.74,17.8,17.74,17.8,6500,16.8,,,
21OCT2015,DSFL,0827,Dewan Salman,2.78,2.78,2.7,2.73,210000,2.76,,,
21OCT2015,PSYL,0827,Pak Synthetics,16.5,16.5,16.49,16.5,17500,17,,,
21OCT2015,TRPOL,0827,Tri-Star Polyester,1.36,1.39,1.35,1.39,17000,1.42,,,
21OCT2015,CJPL,0814,Crescent Jute,2.85,2.85,2.7,2.7,36000,2.85,,,
21OCT2015,ASRL,0814,Associated Serv,82,85,80,82.2,7500,82.99,,,
21OCT2015,THALL,0802,Thal Limited,262,263.5,260,261,4000,261.74,,,
21OCT2015,ADAMS,0826,Adam Sugar,20.45,20.65,20.45,20.65,1000,21,,,
21OCT2015,ANSM,0826,Ansari Sugar,0,10.24,10.24,10,500,10,,,
21OCT2015,CHAS,0826,Chashma Sugar,70,70,70,70,1000,72.97,,,
21OCT2015,IMSL,0826,Imperial Sugar Ltd.,4.81,5,4.7,4.77,23000,5,,,
21OCT2015,DWSM,0826,Dewan Sugar,7.25,7.48,7.23,7.25,23500,7.19,,,
21OCT2015,EFOODS,0810,Engro Foods Ltd.,157.1,157.79,154.41,154.94,527100,157.24,,,
21OCT2015,FRSM,0826,Faran Sugar,72,72,72,72,2500,72.93,,,
21OCT2015,HABSM,0826,Habib Sugar,39.51,39.95,39.5,39.92,12500,39.68,,,
21OCT2015,HAL,0826,Habib-ADM LtdXD,24.84,24.85,24.84,24.85,5000,24.5,,,
21OCT2015,HWQS,0826,Haseeb Waqas Sugar,5,5,5,5,500,4.85,,,
21OCT2015,HUSS,0826,Hussein Sugar,21.69,21.69,21.69,21.69,500,21,,,
21OCT2015,JDWS,0826,J.D.W.Sugar,308.52,308.52,306.01,306.5,900,309,,,
21OCT2015,JSML,0826,Jauharabad Suga,15.86,17.25,15.86,17.25,2500,16.25,,,
21OCT2015,MRNS,0826,Mehran Sugar,122,122,120.5,120.7,15500,121.18,,,
21OCT2015,MIRKS,0826,Mirpurkhas SugarXD,80.01,80.11,80.01,80.11,2000,84,,,
21OCT2015,MZSM,0826,Mirza Sugar,2.71,2.71,2.6,2.7,8500,2.75,,,
21OCT2015,NONS,0826,Noon Sugar,48.52,48.52,48.52,48.52,1500,46.21,,,
21OCT2015,PMRS,0826,Premier Suger Mills,170,170,170,170,1000,174.78,,,
21OCT2015,SKRS,0826,Sakrand Sugar,3.4,3.4,3.4,3.4,1000,2.71,,,
21OCT2015,SHJS,0826,Shahtaj Sugar,0,72.2,72.2,72.2,0,75.99,,,
21OCT2015,SGML,0826,Shakarganj Limited,18.2,18.2,18.2,18.2,2500,18.2,,,
21OCT2015,TSML,0826,Tandlianwala Sugar,83.5,83.5,83.5,83.5,500,83.5,,,
21OCT2015,ACPL,0804,Attock Cement,178,180,178,179.79,21700,177.9,,,
21OCT2015,BWCL,0804,Bestway Cem. XD,133.5,136,132.75,136,15400,137.88,,,
21OCT2015,PAKCEM,0804,Pakcem Ltd XD,18.45,18.6,18.41,18.46,258000,18.4,,,
21OCT2015,CHCC,0804,Cherat CementXD,86.5,86.89,83.66,85.93,161500,86.02,,,
21OCT2015,DNCC,0804,Dandot Cement,9.89,10,9.89,9.98,16000,9.76,,,
21OCT2015,DGKC,0804,D.G.K.CementXD,142.62,142.62,139.6,141.11,1261600,141.13,,,
21OCT2015,AKZO,0805,Akzo Nobel Pak.,263,266.5,261,263.84,2300,264.55,,,
21OCT2015,POWER,0804,Power Cement Ltd.,9.28,9.44,9.25,9.36,150000,9.36,,,
21OCT2015,FCCL,0804,Fauji Cement XD,35.35,35.47,35.03,35.37,1186500,35.33,,,
21OCT2015,FECTC,0804,Fecto CementXD,74.2,74.4,73.5,73.96,17000,74.73,,,
21OCT2015,FLYNG,0804,Flying Cement,9.06,9.29,9,9.05,26500,9.03,,,
21OCT2015,GWLC,0804,Gharibwal Cement,35,36,35,35,8500,35.01,,,
21OCT2015,JVDC,0804,Javedan Corp.,28.19,28.5,27.6,28.48,36500,28.19,,,
21OCT2015,KOHC,0804,Kohat Cement XD,209.01,213,209.01,210.51,2300,211.02,,,
21OCT2015,LUCK,0804,Lucky CementXD,535.5,544,534,539.58,119700,534.1,,,
21OCT2015,MLCF,0804,MapleLeafCementXD,69.55,70.25,68.8,69.88,1307000,69.27,,,
21OCT2015,DCL,0804,Dewan Cement,15.35,15.46,15.17,15.22,925500,15.37,,,
21OCT2015,PIOC,0804,Pioneer CementXD,86,86,84,84.33,985500,84.76,,,
21OCT2015,SMCPL,0804,Safe Mix Con.Ltd,13.2,13.25,12.62,12.68,126000,12.97,,,
21OCT2015,KHTC,0832,Khyber Tobacco SPOT,489.79,489.79,489.79,489.79,800,466.47,,,
21OCT2015,PMPK,0832,Philip Morris Pak.,1400,1410,1400,1400,60,1400,,,
21OCT2015,ATRL,0825,Attock Refinery,197,199,196.2,198.18,239800,196.98,,,
21OCT2015,BYCO,0825,Byco Petroleum,28.05,28.16,26.51,26.85,11869500,27.9,,,
21OCT2015,NRL,0825,National Refin XD,232.05,234.75,231,231.86,68100,231.84,,,
21OCT2015,PRL,0825,Pak Refinery,42.5,42.9,41.8,42.04,737000,42.34,,,
21OCT2015,ALTN,0824,Altern Energy,35.5,36.5,35.5,36.5,32500,36.48,,,
21OCT2015,EPQL,0824,Engro Powergen,36.7,37,36.47,36.87,82000,36.73,,,
21OCT2015,JPGL,0824,Japan Power,5.02,5.35,5.02,5.15,909500,5.04,,,
21OCT2015,HUBC,0824,Hub Power Co.XD,103,103,102.25,102.5,150500,102.89,,,
21OCT2015,KEL,0824,K-Electric Ltd.,7.21,7.21,7.08,7.13,2988500,7.15,,,
21OCT2015,KOHE,0824,Kohinoor Energy XD,47.51,47.51,46,46.1,29000,47.75,,,
21OCT2015,KOHP,0824,Kohinoor Power,3.69,4.58,3.69,4.14,1176500,3.58,,,
21OCT2015,LPL,0824,Lalpir Power XD,30,30.1,29.12,29.45,230500,30.03,,,
21OCT2015,KAPCO,0824,Kot Addu PowerXD,85,86.72,84.5,84.79,417500,85.44,,,
21OCT2015,NCPL,0824,Nishat ChunPow SPOT,57,57,56.8,57,320000,56.85,,,
21OCT2015,NPL,0824,Nishat Power SPOT,56.55,57.35,56,57.02,132000,56.38,,,
21OCT2015,PKGP,0824,Pakgen Power XD,27,27,26.65,26.92,5500,27.05,,,
21OCT2015,SPWL,0824,Saif Power Ltd.,34.51,36,34.51,35.7,54500,35.4,,,
21OCT2015,SEPCO,0824,Southern Electric,4,4.35,3.91,4.16,1212000,4,,,
21OCT2015,TSPL,0824,Tri-Star PowerXD,2.04,2.05,1.96,2,85000,1.93,,,
21OCT2015,APL,0821,Attock Petrol.,519.5,520,516,519.98,45100,520,,,
21OCT2015,PSO,0821,P.S.O. XD,324,325.5,319,321.71,243400,322.96,,,
21OCT2015,BPL,0821,Burshane LPG,91.9,91.9,88,89.09,8200,88.1,,,
21OCT2015,SHEL,0821,Shell Pakistan,233.25,233.25,230,231.97,68900,231,,,
21OCT2015,SSGC,0821,Sui South Gas,37.76,38.19,37.2,37.37,1819500,37.86,,,
21OCT2015,SNGP,0821,Sui North Gas,34.4,34.9,34.12,34.26,2228000,34.33,,,
21OCT2015,HASCOL,0821,Hascol Petrol,160.25,164.28,158.5,163.49,2974100,159.7,,,
21OCT2015,MARI,0820,Mari Petroleum,434,438.5,425,427.44,167700,432.51,,,
21OCT2015,OGDC,0820,Oil & Gas Dev. XD,139,139,136.5,137.38,618800,138.48,,,
21OCT2015,POL,0820,Pak Oilfields,313,313.6,311.01,312.91,82800,313.17,,,
21OCT2015,PPL,0820,Pak Petroleum,132.35,134.2,126.72,128,2413700,133.11,,,
21OCT2015,ADOS,0808,Ados PakistanXD,40.99,42,40.99,42,5500,41,,,
21OCT2015,ASL,0808,Aisha Steel Mill,8.9,9,8.9,8.92,12500,9.19,,,
21OCT2015,BCL,0808,Bolan CastingXD,58.01,58.01,57.1,58,2500,58.5,,,
21OCT2015,DADX,0808,Dadex Eternit,47.5,47.5,47.5,47.5,500,49.9,,,
21OCT2015,DSL,0808,Dost Steels Ltd.,13.12,13.71,13.12,13.71,1635500,12.71,,,
21OCT2015,CSAP,0808,Crescent SteelXD,102.88,104.47,101,104.47,996000,99.5,,,
21OCT2015,CSAPR,0808,Cres. Steel(R),33.48,33.48,33.48,33.48,1000,31.89,,,
21OCT2015,DKL,0808,Drekkar Kings SPOT,27,27,26,26.29,367500,26.36,,,
21OCT2015,HSPI,0808,Huffaz Seamless,20.5,20.5,20.5,20.5,7000,21,,,
21OCT2015,INIL,0808,Int. Ind.Ltd.,68.4,69.89,67,68.99,33500,68.69,,,
21OCT2015,ISL,0808,Inter.Steel Ltd,25.51,26.94,25.3,26.22,3236500,26.52,,,
21OCT2015,KSBP,0808,K.S.B.Pumps,210,216.9,210,215,4000,212,,,
21OCT2015,MUGHAL,0808,Mughal Iron&Ste SPOT,80.45,83.38,80.16,82.4,2091000,79.82,,,
21OCT2015,PECO,0808,Pak Engineering,116,121.27,116,121.27,2600,115.5,,,
21OCT2015,AGTL,0801,AL-Ghazi Trac.,449.99,449.99,437,440,2000,445,,,
21OCT2015,ATLH,0801,Atlas Honda Ltd,337.5,340,337.5,340,6400,338,,,
21OCT2015,DFML,0801,Dewan Motors,9.54,9.64,9.3,9.44,289500,9.54,,,
21OCT2015,GAIL,0801,Ghani Automobile,9.7,9.83,9.65,9.67,172500,9.75,,,
21OCT2015,GHNI,0801,Ghandhara Ind.XD,137.1,141.9,137,139.4,124500,140.66,,,
21OCT2015,GHNL,0801,Ghand NissanXD,151,152.49,148.81,150.04,229500,152.25,,,
21OCT2015,HINO,0801,Hinopak Motor,1063,1096.96,1063,1091.57,3150,1080.5,,,
21OCT2015,HCAR,0801,Honda Atlas Cars,236,239.9,234,235.12,90200,236.15,,,
21OCT2015,INDU,0801,Indus Motor Co,1050,1059,1036,1043.66,10620,1045.48,,,
21OCT2015,MTL,0801,Millat Tractors SPOT,635,638.9,628.02,632.88,11400,636.64,,,
21OCT2015,PSMC,0801,Pak Suzuki,439.5,441,435.15,437.35,44000,437.07,,,
21OCT2015,SAZEW,0801,Sazgar Eng.XD,33.85,35,33.85,34.66,12000,34.37,,,
21OCT2015,AGIL,0802,Agriautos Ind.XD,182.01,184,182.01,183.23,1800,185.84,,,
21OCT2015,ATBA,0802,Atlas BatteryXD,750.1,750.1,750.1,750.1,200,745,,,
21OCT2015,GTYR,0802,General TyreXD,154,157.8,152.05,154.52,29600,155.29,,,
21OCT2015,CECL,0803,Climax Eng.,21.66,21.66,21.66,21.66,1000,22.8,,,
21OCT2015,JOPP,0803,Johnson & Philips,16,17,16,17,2000,16.59,,,
21OCT2015,PCAL,0803,Pakistan Cables,174,174,174,174,200,173.5,,,
21OCT2015,PAEL,0803,Pak Elektron,76.3,80.58,75.4,79.86,19211500,76.75,,,
21OCT2015,TPL,0803,TPL Trakker Ltd,16.9,16.98,16.6,16.87,576000,16.85,,,
21OCT2015,AVN,0828,Avanceon Ltd,34.68,35.5,34.25,35.17,189000,34.07,,,
21OCT2015,SING,0803,Singer Pak. XR,17.98,18,17.25,17.6,55000,17.95,,,
21OCT2015,SPEL,0818,Synthetic Prod. SPOT,52.49,53.98,52.49,53.98,24500,51.41,,,
21OCT2015,PNSC,0833,P.N.S.C XD,100,100,98.12,98.39,43300,99.58,,,
21OCT2015,PIBTL,0833,Pak Int.Bulk,28.67,29.7,28.53,29.42,3192000,28.58,,,
21OCT2015,PIBTLR1,0833,Pak Int Bulk(R),17.86,18.75,17.65,18.42,1049500,17.9,,,
21OCT2015,PICT,0833,Pak.Int.Cont,275,283,275,283,2000,276.66,,,
21OCT2015,PIAA,0833,P.I.A.C.(A),9.37,9.54,9.37,9.4,42000,9.46,,,
21OCT2015,HUMNL,0828,Hum NetworkXD,16.49,16.66,16.11,16.51,460500,16.43,,,
21OCT2015,NETSOL,0828,Netsol Tech.,53.25,55,53,54.16,873000,53.28,,,
21OCT2015,MDTL,0828,Media Times Ltd,2.1,2.1,2.03,2.06,241000,2.1,,,
21OCT2015,SYS,0828,Systems Limited,66.65,69.44,66.21,69.36,824000,66.14,,,
21OCT2015,PTC,0828,P.T.C.L.,18.45,18.8,18.31,18.48,1294000,18.48,,,
21OCT2015,TRG,0828,TRG Pak Ltd,37.65,37.93,36.21,36.67,8233000,37.35,,,
21OCT2015,TELE,0828,Telecard Limited,3.18,3.18,3.05,3.15,400000,3.14,,,
21OCT2015,WTL,0828,WorldCall Telecom,1.62,1.65,1.59,1.6,267500,1.63,,,
21OCT2015,DAWH,0809,Dawood Hercules,118,119.25,115,115.18,187800,115.78,,,
21OCT2015,ENGRO,0809,Engro Corp,305,305.52,302.6,304.45,953300,303.96,,,
21OCT2015,EFERT,0809,Engro Fert.,91.89,92,91.11,91.35,259000,91.6,,,
21OCT2015,FFBL,0809,Fauji Fert Bin,58.9,60.3,58.9,60.15,2585000,59.18,,,
21OCT2015,FFC,0809,Fauji Fert.,125.15,126.2,124.86,125.61,311800,125.18,,,
21OCT2015,ABOT,0823,Abbott Lab.,706,706,693,693,350,687.46,,,
21OCT2015,FEROZ,0823,Ferozsons (Lab) XD,895,896.55,861.1,865.49,151800,866.93,,,
21OCT2015,GLAXO,0823,GlaxoSmithKline,229.98,235.15,228.86,234.26,2518700,224.05,,,
21OCT2015,HINOON,0823,Highnoon (Lab),404.99,413.75,401.05,404.26,59300,399.01,,,
21OCT2015,SAPL,0823,Sanofi-Aventis,660,695,638.38,643.3,4000,671.97,,,
21OCT2015,OTSU,0823,Otsuka Pak,86.7,88.73,86,88.73,36000,84.51,,,
21OCT2015,SEARL,0823,The Searle Com. SPOT,481.6,487,450.5,461.63,1273100,470.89,,,
21OCT2015,BAPL,0805,Bawany Air Products,7,7,6.9,6.96,32000,7.5,,,
21OCT2015,BIFO,0805,Biafo Ind. XD,293.75,299,291,297.68,11900,291.53,,,
21OCT2015,BERG,0805,Berger Paints SPOT,106,108.85,104.5,105.3,84000,107.72,,,
21OCT2015,BUXL,0805,Buxly Paints,36.11,38.5,36.11,38.5,2000,38,,,
21OCT2015,ARPL,0805,Archroma Pak,439.7,441.49,431,441.49,17500,420.47,,,
21OCT2015,CTM,0830,Colony Tex.Mills Ltd,3.31,3.4,3.31,3.39,16000,3.4,,,
21OCT2015,DOL,0805,Descon Oxychem,5.4,6.08,5.31,5.79,3384000,5.26,,,
21OCT2015,EPCL,0805,Engro Polymer,11.07,11.2,11,11.02,234500,11.06,,,
21OCT2015,FATIMA,0809,Fatima Fert.,45.61,46.3,45.61,46.23,324500,45.72,,,
21OCT2015,GGL,0805,Ghani Gases Ltd SPOT,34.99,35.3,34.9,35.12,118500,34.71,,,
21OCT2015,ICI,0805,ICI Pakistan XD,510.05,515,510,513.94,3300,509.84,,,
21OCT2015,ICL,0805,Ittehad Chem.XDXR,41.5,43,41.5,42.72,10000,40.96,,,
21OCT2015,PGCL,0805,Pak Gum & Chem.,164.98,167,160.1,166.93,3600,165.46,,,
21OCT2015,LOTCHEM,0805,Lotte Chemical,6.82,6.92,6.81,6.86,958500,6.83,,,
21OCT2015,PPVC,0805,Pak.P.V.C.,4.6,4.6,4.4,4.4,1500,4.4,,,
21OCT2015,NICL,0805,Nimir Ind.Chem. SPOT,28.75,28.75,28,28.08,100500,28.5,,,
21OCT2015,LINDE,0805,Linde PakistanXD,110,115.92,110,115.92,41500,110.4,,,
21OCT2015,DCH,0805,Descon Chemical,6.25,6.6,6.22,6.37,3579000,6.27,,,
21OCT2015,SARC,0805,Sardar Chemical,8,8,8,8,1000,8.25,,,
21OCT2015,SHCI,0805,Shaffi Chemical,3.8,4.42,3.8,4.42,1500,4.56,,,
21OCT2015,SITC,0805,Sitara Chemical XD,360,360,360,360,3500,360,,,
21OCT2015,SPL,0805,Sitara Peroxide,12,12.4,11.9,12.06,476000,12.01,,,
21OCT2015,WAHN,0805,Wah-Noble,51,51.01,50.99,51,20000,52,,,
21OCT2015,BPBL,0822,B.P.Board,5.1,5.1,5.09,5.09,2000,4.9,,,
21OCT2015,CEPB,0822,Century Paper,52.5,54.75,51.9,52.81,62000,53.19,,,
21OCT2015,CPPL,0822,Cherat Pack.XDXR,242,242,236,237.4,19600,237.61,,,
21OCT2015,MERIT,0822,Merit Packaging,20.5,20.5,19.6,20.05,50500,20.34,,,
21OCT2015,PKGS,0822,Packages Ltd.,524,530,523,529.6,19400,523.07,,,
21OCT2015,PPP,0822,Pak Paper Prod,69.25,71.22,69,71.22,46000,67.83,,,
21OCT2015,POML,0834,Punjab OilXD,267,274.35,261,264.2,15500,261.29,,,
21OCT2015,SSOM,0834,S.S.Oil,39.35,39.35,36.31,37.3,81000,37.48,,,
21OCT2015,BATA,0816,Bata (Pak),2889,2889,2889,2889,20,2901,,,
21OCT2015,LEUL,0816,Leather Up Ltd.,0,9.75,9.75,10,1000,10,,,
21OCT2015,SRVI,0816,Service Ind.LtdXD,875,876,850,850,800,845.4,,,
21OCT2015,ASC,0810,Al-Shaheer Corp,95.45,99.89,95.45,99.8,7498000,95.14,,,
21OCT2015,CLOV,0810,Clover Pakistan SPOT,70,70.05,68.12,69.15,31500,70.86,,,
21OCT2015,IBLHL,0823,IBL HealthCare SPOT,160.98,163.5,160,160.67,300300,160.08,,,
21OCT2015,MFFL,0810,MithchellsFruit,435,435,427,427.5,1400,440.09,,,
21OCT2015,NATF,0810,National FoodsXD,345.8,354,340,340.8,13300,347.54,,,
21OCT2015,NOPK,0810,Noon Pakistan,297.11,297.11,297.11,297.11,7500,282.97,,,
21OCT2015,NOPKNV,0810,NoonPakNonVot,195.6,195.6,195.6,195.6,1000,186.29,,,
21OCT2015,QUICE,0810,Quice Food,9.5,9.5,9.21,9.26,171500,9.37,,,
21OCT2015,RMPL,0810,Rafhan Maize,9340,9340,9340,9340,20,8900,,,
21OCT2015,NMFL,0810,Nirala MSR Food,13.96,13.96,13.65,13.7,5000,13.76,,,
21OCT2015,SHEZ,0810,Shezan Inter. SPOT,700,700,695.01,695.01,6200,700,,,
21OCT2015,TREET,0810,Treet Corp SPOT,62.75,64,62.75,63.1,577000,62.71,,,
21OCT2015,TCLTC,0810,Treet Corp(PTCs)XD,42.11,42.11,42.11,42.11,500,43.76,,,
21OCT2015,ZIL,0810,ZIL Limited,75,76.76,75,75,1500,75.74,,,
21OCT2015,BGL,0811,Bal.Glass,4.06,4.39,4.05,4.39,4000,4.11,,,
21OCT2015,EMCO,0811,EMCO Industries,4.6,5.75,4.02,4.91,149000,4.75,,,
21OCT2015,FRCL,0811,Frontier Ceram,10.5,10.6,10.5,10.6,13500,11.19,,,
21OCT2015,GHGL,0811,Ghani Glass Ltd,111.85,114.85,111,112.83,121000,110.41,,,
21OCT2015,GGGL,0811,Ghani Global Glass L,17.95,18.38,17.7,18.18,540500,18.05,,,
21OCT2015,GVGL,0811,Ghani Value Gla.SPOT,23,23.35,22.85,22.99,23500,23.4,,,
21OCT2015,KCL,0811,Karam Ceramics XD,23.4,23.41,23.4,23.41,1500,22.3,,,
21OCT2015,GVGLR1,0811,Ghani Value Gla,12.1,12.45,12.1,12.21,6000,12.6,,,
21OCT2015,TGL,0811,Tariq Glass Ind.,68.48,70.7,68.2,69.12,172500,68.48,,,
21OCT2015,STCL,0811,Shabbir Tiles,8.21,8.55,8,8.41,383500,8.3,,,
21OCT2015,GAMON,0818,Gammon Pak,16,16,16,16,500,16.3,,,
21OCT2015,HADC,0818,Haydery Const,2.03,2.1,2.02,2.1,21500,2.09,,,
21OCT2015,ARPAK,0818,Arpak Int. XD,39.75,43.9,39.75,43.9,1000,41.84,,,
21OCT2015,MACFL,0818,MACPAC FilmsXD,22.01,22.5,22,22.05,9500,22.4,,,
21OCT2015,ECOP,0818,ECOPACK Ltd,16.8,17,16.5,16.65,135500,16.45,,,
21OCT2015,MWMP,0818,Mandviwala,3.7,4,3.6,3.94,10000,3.75,,,
21OCT2015,PACE,0818,Pace (Pak) Ltd.,7.25,7.23,6.99,7.07,2503500,7.16,,,
21OCT2015,SHFA,0818,Shifa Int.HospXD,272.52,279.99,272.52,278.75,1000,275.58,,,
21OCT2015,STPL,0818,Siddiqsons Tin Plate,8.38,8.4,8.16,8.28,117500,8.19,,,
21OCT2015,TRIPF,0818,Tri-Pack Films,253,254.95,243.81,243.81,52300,256.64,,,
21OCT2015,UBDL,0818,United Brands SPOT,68.5,68.5,68.5,68.5,500,72.01,,,
21OCT2015,UDPL,0818,United Dist.XB,32,32,32,32,1000,32.73,,,
21OCT2015,ANLTFC2,36,Azgard Nine,0,0,0,94,0,94,,,
21OCT2015,BAFLTFC5,36,Bank Alfalah(TFC),0,0,0,101.6333,0,101.6333,,,
21OCT2015,KELSC3,36,K-Electr(SUKUK-3),0,0,0,104.9627,0,104.9627,,,
21OCT2015,KELSC4,36,K-Elect(SUKUK-4,102.95,102.95,101.58,101.705,60000,101.51,,,
21OCT2015,AICL-COCT,40,AICL-COCT,0,0,0,56.44,0,57.16,,,
21OCT2015,AKBL-COCT,40,AKBL-COCT,0,0,0,22.38,0,22.26,,,
21OCT2015,FCCL-COCT,40,FCCL-COCT,0,0,0,35.44,0,35.44,,,
21OCT2015,FFC-COCT,40,FFC-COCT,0,0,0,125.86,0,125.58,,,
21OCT2015,FABL-COCT,40,FABL-COCT,0,0,0,15.92,0,15.96,,,
21OCT2015,KAPCO-COCT,40,KAPCO-COCT,0,0,0,84.96,0,85.71,,,
21OCT2015,NML-COCT,40,NML-COCT,0,0,0,103.36,0,103.72,,,
21OCT2015,SNGP-COCT,40,SNGP-COCT,0,0,0,34.33,0,34.44,,,
21OCT2015,UBL-COCT,40,UBL-COCT,0,0,0,164.18,0,164.03,,,
21OCT2015,AICL-CNOV,40,AICL-CNOV,0,0,0,56.9,0,57.62,,,
21OCT2015,AKBL-CNOV,40,AKBL-CNOV,0,0,0,22.56,0,22.44,,,
21OCT2015,ATRL-CNOV,40,ATRL-CNOV,0,0,0,200.18,0,199.19,,,
21OCT2015,FCCL-CNOV,40,FCCL-CNOV,0,0,0,35.73,0,35.73,,,
21OCT2015,FFC-CNOV,40,FFC-CNOV,0,0,0,126.87,0,126.58,,,
21OCT2015,FABL-CNOV,40,FABL-CNOV,0,0,0,16.05,0,16.09,,,
21OCT2015,HBL-CNOV,40,HBL-CNOV,0,0,0,211.78,0,207.27,,,
21OCT2015,KAPCO-CNOV,40,KAPCO-CNOV,0,0,0,85.64,0,86.4,,,
21OCT2015,NML-CNOV,40,NML-CNOV,0,0,0,104.19,0,104.55,,,
21OCT2015,SNGP-CNOV,40,SNGP-CNOV,0,0,0,34.6,0,34.72,,,
21OCT2015,UBL-CNOV,40,UBL-CNOV,0,0,0,165.5,0,165.34,,,
21OCT2015,AICL-CDEC,40,AICL-CDEC,0,0,0,57.35,0,58.08,,,
21OCT2015,ATRL-CDEC,40,ATRL-CDEC,0,0,0,201.77,0,200.78,,,
21OCT2015,DGKC-CDEC,40,DGKC-CDEC,0,0,0,143.67,0,148.95,,,
21OCT2015,FFC-CDEC,40,FFC-CDEC,0,0,0,127.89,0,127.59,,,
21OCT2015,HBL-CDEC,40,HBL-CDEC,0,0,0,213.47,0,208.92,,,
21OCT2015,KAPCO-CDEC,40,KAPCO-CDEC,0,0,0,86.33,0,87.09,,,
21OCT2015,NML-CDEC,40,NML-CDEC,0,0,0,105.02,0,105.38,,,
21OCT2015,UBL-CDEC,40,UBL-CDEC,0,0,0,166.82,0,166.66,,,
21OCT2015,DGKC-COCT,40,DGKC-COCT,0,0,0,141.39,0,146.59,,,
21OCT2015,DGKC-CNOV,40,DGKC-CNOV,0,0,0,142.53,0,147.77,,,
21OCT2015,AKBL-CDEC,40,AKBL-CDEC,0,0,0,22.74,0,22.62,,,
21OCT2015,NCL-OCTB,40,NCL-OCTB,37.62,38,37.3,37.83,63000,37.58,,,
21OCT2015,HUBC-OCT,40,HUBC-OCT,0,0,0,102.74,0,103.21,,,
21OCT2015,PSO-OCT,40,PSO-OCT,324,326.01,319.99,322.58,303000,323.94,,,
21OCT2015,SNGP-OCT,40,SNGP-OCT,34.5,34.99,34.2,34.35,1101500,34.45,,,
21OCT2015,NML-OCT,40,NML-OCT,103.5,103.95,103.1,103.57,104000,103.53,,,
21OCT2015,PTC-OCT,40,PTC-OCT,18.53,18.75,18.25,18.6,85000,18.52,,,
21OCT2015,ENGRO-OCT,40,ENGRO-OCT,305.12,306.09,303.15,305.43,681000,304.97,,,
21OCT2015,FFC-OCT,40,FFC-OCT,125.35,126.2,125.1,126.19,22500,125.5,,,
21OCT2015,FFBL-OCT,40,FFBL-OCT,59.89,60.4,59.35,60.31,917000,59.5,,,
21OCT2015,AKBL-OCT,40,AKBL-OCT,22.4,22.4,22.4,22.4,500,22.36,,,
21OCT2015,BOP-OCT,40,BOP-OCT,9,9.11,9,9.07,167000,8.91,,,
21OCT2015,FABL-OCT,40,FABL-OCT,16.12,16.12,16.12,16.12,500,16.01,,,
21OCT2015,LUCK-OCT,40,LUCK-OCT,536,543.5,534.01,540,73500,535.83,,,
21OCT2015,MLCF-OCT,40,MLCF-OCT,69.51,70.36,69.02,69.89,1451000,69.49,,,
21OCT2015,NBP-OCT,40,NBP-OCT,55.31,56.2,55.1,55.91,61500,55.4,,,
21OCT2015,OGDC-OCT,40,OGDC-OCT,139.2,139.24,137.2,138.08,103000,138.71,,,
21OCT2015,PPL-OCT,40,PPL-OCT,133.75,134.49,127.1,128.42,1192500,133.66,,,
21OCT2015,SSGC-OCT,40,SSGC-OCT,38.1,38.28,37.3,37.55,708000,37.99,,,
21OCT2015,BAFL-OCT,40,BAFL-OCT,27.25,27.5,27.25,27.48,15500,28.21,,,
21OCT2015,PIOC-OCT,40,PIOC-OCT,85.9,85.9,84.5,84.65,152500,85.6,,,
21OCT2015,KAPCO-OCT,40,KAPCO-OCT,85.59,85.59,85,85,4500,85.78,,,
21OCT2015,OGDC-COCT,40,OGDC-COCT,0,0,0,137.66,0,138.92,,,
21OCT2015,NBP-COCT,40,NBP-COCT,0,0,0,55.92,0,55.27,,,
21OCT2015,PTC-COCT,40,PTC-COCT,0,0,0,18.52,0,18.54,,,
21OCT2015,OGDC-CNOV,40,OGDC-CNOV,0,0,0,138.76,0,140.03,,,
21OCT2015,PTC-CNOV,40,PTC-CNOV,0,0,0,18.67,0,18.69,,,
21OCT2015,NBP-CNOV,40,NBP-CNOV,0,0,0,56.37,0,55.72,,,
21OCT2015,OGDC-CDEC,40,OGDC-CDEC,0,0,0,139.87,0,141.15,,,
21OCT2015,PTC-CDEC,40,PTC-CDEC,0,0,0,18.81,0,18.84,,,
21OCT2015,NBP-CDEC,40,NBP-CDEC,0,0,0,56.82,0,56.16,,,
21OCT2015,PPL-COCT,40,PPL-COCT,0,0,0,128.26,0,133.53,,,
21OCT2015,PSO-COCT,40,PSO-COCT,0,0,0,322.36,0,323.98,,,
21OCT2015,ENGRO-COCT,40,ENGRO-COCT,0,0,0,305.06,0,304.92,,,
21OCT2015,BOP-COCT,40,BOP-COCT,0,0,0,9.04,0,8.97,,,
21OCT2015,FFBL-COCT,40,FFBL-COCT,0,0,0,60.27,0,59.37,,,
21OCT2015,HUBC-COCT,40,HUBC-COCT,0,0,0,102.71,0,103.22,,,
21OCT2015,LUCK-COCT,40,LUCK-COCT,0,0,0,540.67,0,535.79,,,
21OCT2015,BAFL-COCT,40,BAFL-COCT,0,0,0,27.41,0,27.54,,,
21OCT2015,AHCL-CNOV,40,AHCL-CNOV,0,0,0,53.11,0,53.44,,,
21OCT2015,PPL-CNOV,40,PPL-CNOV,0,0,0,129.29,0,134.6,,,
21OCT2015,PSO-CNOV,40,PSO-CNOV,0,0,0,324.95,0,326.58,,,
21OCT2015,ENGRO-CNOV,40,ENGRO-CNOV,0,0,0,307.52,0,307.37,,,
21OCT2015,BOP-CNOV,40,BOP-CNOV,0,0,0,9.11,0,9.04,,,
21OCT2015,FFBL-CNOV,40,FFBL-CNOV,0,0,0,60.76,0,59.84,,,
21OCT2015,HUBC-CNOV,40,HUBC-CNOV,0,0,0,103.53,0,104.04,,,
21OCT2015,LUCK-CNOV,40,LUCK-CNOV,0,0,0,545.01,0,540.09,,,
21OCT2015,BAFL-CNOV,40,BAFL-CNOV,0,0,0,27.63,0,27.76,,,
21OCT2015,AICL-OCT,40,AICL-OCT,57,57.2,56.2,56.7,56500,57,,,
21OCT2015,AHCL-OCT,40,AHCL-OCT,0,53.03,53.03,53.03,8000,53.03,,,
21OCT2015,ATRL-OCT,40,ATRL-OCT,198.83,199.25,197.3,198.77,14000,197.78,,,
21OCT2015,FCCL-OCT,40,FCCL-OCT,35.45,35.55,35,35.47,430000,35.45,,,
21OCT2015,UBL-OCT,40,UBL-OCT,164.5,164.5,163.5,164,23500,164.4,,,
21OCT2015,HBL-OCT,40,HBL-OCT,207.97,211.99,207.97,210.67,10500,205,,,
21OCT2015,AHCL-CDEC,40,AHCL-CDEC,0,0,0,53.53,0,53.87,,,
21OCT2015,PPL-CDEC,40,PPL-CDEC,0,0,0,130.32,0,135.68,,,
21OCT2015,PSO-CDEC,40,PSO-CDEC,0,0,0,327.54,0,329.18,,,
21OCT2015,ENGRO-CDEC,40,ENGRO-CDEC,0,0,0,309.97,0,309.82,,,
21OCT2015,BOP-CDEC,40,BOP-CDEC,0,0,0,9.18,0,9.11,,,
21OCT2015,FFBL-CDEC,40,FFBL-CDEC,0,0,0,61.24,0,60.32,,,
21OCT2015,HUBC-CDEC,40,HUBC-CDEC,0,0,0,104.36,0,104.87,,,
21OCT2015,LUCK-CDEC,40,LUCK-CDEC,0,0,0,549.36,0,544.39,,,
21OCT2015,BAFL-CDEC,40,BAFL-CDEC,0,0,0,27.85,0,27.98,,,
21OCT2015,NCL-COCT,40,NCL-COCT,0,0,0,39.02,0,39.18,,,
21OCT2015,NCL-CNOV,40,NCL-CNOV,0,0,0,39.33,0,39.5,,,
21OCT2015,NCL-CDEC,40,NCL-CDEC,0,0,0,39.65,0,39.81,,,
21OCT2015,FATIMA-COCT,40,FATIMA-COCT,0,0,0,46.32,0,45.86,,,
21OCT2015,FATIMA-CNOV,40,FATIMA-CNOV,0,0,0,46.7,0,46.23,,,
21OCT2015,EFOODS-CNOV,40,EFOODS-CNOV,0,0,0,156.5,0,159,,,
21OCT2015,FATIMA-OCT,40,FATIMA-OCT,46,46.46,46,46.46,7500,45.88,,,
21OCT2015,EFOODS-COCT,40,EFOODS-COCT,0,0,0,155.25,0,157.74,,,
21OCT2015,EFOODS-CDEC,40,EFOODS-CDEC,0,0,0,157.75,0,160.27,,,
21OCT2015,FATIMA-CDEC,40,FATIMA-CDEC,0,0,0,47.07,0,46.6,,,
21OCT2015,CHCC-COCT,40,CHCC-COCT,0,0,0,86.1,0,86.29,,,
21OCT2015,PIOC-CNOV,40,PIOC-CNOV,0,0,0,85.18,0,89.76,,,
21OCT2015,SSGC-CNOV,40,SSGC-CNOV,0,0,0,37.75,0,38.28,,,
21OCT2015,EFOODS-OCT,40,EFOODS-OCT,157.75,158.07,154.7,155.4,398500,157.81,,,
21OCT2015,FCCL-CDEC,40,FCCL-CDEC,0,0,0,36.01,0,36.01,,,
21OCT2015,PIOC-CDEC,40,PIOC-CDEC,0,0,0,85.86,0,90.47,,,
21OCT2015,SNGP-CDEC,40,SNGP-CDEC,0,0,0,34.88,0,34.99,,,
21OCT2015,SSGC-CDEC,40,SSGC-CDEC,0,0,0,38.05,0,38.59,,,
21OCT2015,MLCF-COCT,40,MLCF-COCT,0,0,0,70.02,0,69.49,,,
21OCT2015,PIOC-COCT,40,PIOC-COCT,0,0,0,84.5,0,89.04,,,
21OCT2015,PKGP-COCT,40,PKGP-COCT,0,0,0,26.97,0,27.14,,,
21OCT2015,SSGC-COCT,40,SSGC-COCT,0,0,0,37.45,0,37.98,,,
21OCT2015,CHCC-CNOV,40,CHCC-CNOV,0,0,0,86.8,0,86.99,,,
21OCT2015,KEL-CNOV,40,KEL-CNOV,0,0,0,7.2,0,7.23,,,
21OCT2015,MLCF-CNOV,40,MLCF-CNOV,0,0,0,70.58,0,70.05,,,
21OCT2015,PAEL-CNOV,40,PAEL-CNOV,0,0,0,80.66,0,77.61,,,
21OCT2015,CHCC-OCT,40,CHCC-OCT,86.99,86.99,84.51,85.84,154500,86.6,,,
21OCT2015,KEL-OCT,40,KEL-OCT,7.17,7.2,7.1,7.12,164500,7.16,,,
21OCT2015,PAEL-OCT,40,PAEL-OCT,76.6,80.98,75.75,80.02,21416000,77.17,,,
21OCT2015,MLCF-CDEC,40,MLCF-CDEC,0,0,0,71.15,0,70.61,,,
21OCT2015,FABL-CDEC,40,FABL-CDEC,0,0,0,16.18,0,16.22,,,
21OCT2015,KEL-CDEC,40,KEL-CDEC,0,0,0,7.26,0,7.29,,,
21OCT2015,PAEL-CDEC,40,PAEL-CDEC,0,0,0,81.31,0,78.23,,,
21OCT2015,CHCC-CDEC,40,CHCC-CDEC,0,0,0,87.49,0,87.68,,,
21OCT2015,EFERT-COCT,40,EFERT-COCT,0,0,0,91.53,0,91.89,,,
21OCT2015,KEL-COCT,40,KEL-COCT,0,0,0,7.14,0,7.17,,,
21OCT2015,PAKCEM-COCT,40,PAKCEM-COCT,0,0,0,18.5,0,18.46,,,
21OCT2015,PAEL-COCT,40,PAEL-COCT,0,0,0,80.02,0,76.99,,,
21OCT2015,SEARL-COCT,40,SEARL-COCT,0,0,0,462.56,0,472.38,,,
21OCT2015,EFERT-CNOV,40,EFERT-CNOV,0,0,0,92.27,0,92.63,,,
21OCT2015,EPQL-CNOV,40,EPQL-CNOV,0,0,0,37.24,0,37.14,,,
21OCT2015,HUMNL-CNOV,40,HUMNL-CNOV,0,0,0,16.68,0,16.79,,,
21OCT2015,PAKCEM-CNOV,40,PAKCEM-CNOV,0,0,0,18.65,0,18.61,,,
21OCT2015,PAKCEM-OCT,40,PAKCEM-OCT,18.41,18.64,18.25,18.4,27500,18.48,,,
21OCT2015,EFERT-OCT,40,EFERT-OCT,92.15,92.15,91.5,91.65,34000,92.07,,,
21OCT2015,EPQL-OCT,40,EPQL-OCT,0,0,0,36.95,0,36.86,,,
21OCT2015,EFERT-CDEC,40,EFERT-CDEC,0,0,0,93.01,0,93.37,,,
21OCT2015,EPQL-CDEC,40,EPQL-CDEC,0,0,0,37.54,0,37.44,,,
21OCT2015,HUMNL-CDEC,40,HUMNL-CDEC,0,0,0,16.81,0,16.92,,,
21OCT2015,PAKCEM-CDEC,40,PAKCEM-CDEC,0,0,0,18.79,0,18.75,,,
21OCT2015,DGKC-OCTB,40,DGKC-OCTB,141.99,142.45,140,141.52,712500,141.74,,,
21OCT2015,HUMNL-OCTB,40,HUMNL-OCTB,16.3,16.68,16.3,16.6,87000,16.6,,,
21OCT2015,DCR,0836,Dolmen City ReiXD,10.15,10.15,10,10.1,144500,10.15,,,
