22SEP2017,GASF,0806,Golden Arrow,12.5,12.57,12.28,12.32,311500,12.58,,,
22SEP2017,PGF,0806,PICIC GrowthXD,28,28,28,28,3000,28.4,,,
22SEP2017,SINDM,0819,Sindh Modaraba,5.5,5.5,5.5,5.5,2500,5.79,,,
22SEP2017,TSMF,0806,Tri-Star Mutual,6.75,6.98,6.7,6.8,2500,6.94,,,
22SEP2017,FECM,0819,Elite Cap.Mod,3.4,3.4,3.4,3.4,11000,3.4,,,
22SEP2017,CSM,0819,Cres. Stand.Mod,3.35,3.35,3.35,3.35,500,3.65,,,
22SEP2017,FFLM,0819,1st.Fid.Leasing,4.1,4.1,4.1,4.1,2000,4.15,,,
22SEP2017,ORIXM,0819,Orix ModarabaXD,20.8,21,20.51,21,15500,21.4,,,
22SEP2017,FHAM,0819,Habib Modaraba,0,11.16,11.16,11.16,1000,11.16,,,
22SEP2017,PIM,0819,Popular Islamic Mod.,5.01,5.01,5.01,5.01,500,5.99,,,
22SEP2017,MODAM,0819,Mod.Al-Mali,3.98,3.98,3.7,3.7,2000,3.9,,,
22SEP2017,FNBM,0819,Nat.Bank Mod.,2.66,2.69,2.65,2.67,11500,2.65,,,
22SEP2017,PAKMI,0819,Pak Mod.,2.85,2.85,2.8,2.81,17500,2.8,,,
22SEP2017,PMI,0819,Prud Mod.1st,2.08,2.16,2.08,2.13,18000,2.18,,,
22SEP2017,FPJM,0819,Punjab Modaraba,6.35,6.35,6.35,6,1000,6,,,
22SEP2017,FUDLM,0819,U.D.L.Modaraba,0,29.55,29.55,29.55,1000,29.55,,,
22SEP2017,UCAPM,0819,Unicap Modaraba,2.6,2.6,2.6,2.6,1000,2.67,,,
22SEP2017,GRYL,0815,Grays Leasing,6.07,6.1,6.07,6.1,8000,6.15,,,
22SEP2017,OLPL,0815,Orix Leasing,40.5,41,40.5,40.96,23500,40.61,,,
22SEP2017,SLL,0815,SME Leasing Ltd,3.3,3.59,3.3,3.59,12500,3.3,,,
22SEP2017,SLCL,0815,Security Leasin,6.06,6.69,5.75,6.39,12500,6.41,,,
22SEP2017,SPLC,0815,Saudi Pak Leasi,2.48,2.48,2.05,2.27,10000,2.2,,,
22SEP2017,AHL,0813,Arif Habib Ltd.XD,58,59.2,58,58.96,326500,58.81,,,
22SEP2017,AHCL,0809,Arif Habib Corp,38,39,38,38.61,89500,38.08,,,
22SEP2017,ICIBL,0813,Invest Bank,2.16,2.21,2.14,2.15,67500,2.15,,,
22SEP2017,FDIBL,0813,Ist.Dawood Bank,3.1,3.26,3.1,3.18,42000,3.07,,,
22SEP2017,JSCL,0813,Jah.Sidd. Co.,24.31,24.89,24.15,24.4,411000,24.46,,,
22SEP2017,NEXT,0813,Next Capital,17.7,17.93,16.15,16.84,141000,16.93,,,
22SEP2017,ESBL,0813,Escorts Bank,16.66,17.3,16.52,16.52,163500,17.52,,,
22SEP2017,PSX,0813,Pak Stock Exchange,20.9,21.75,20.86,21.41,87500,21,,,
22SEP2017,FCSC,0813,Ist.Capital Sec,3.6,3.64,3.5,3.54,199500,3.5,,,
22SEP2017,FCIBL,0813,F.Credit & Inv,6,6,6,6,500,5.25,,,
22SEP2017,IGIBL,0813,IGI Inv.Bank,2.89,2.9,2.89,2.9,48000,3.1,,,
22SEP2017,EFGH,0813,EFG Hermes Pak,72.06,77.7,70.3,75.48,7900,74,,,
22SEP2017,FNEL,0813,F. Nat.Equities,8.99,9.35,8.7,9.24,33000,8.75,,,
22SEP2017,JSIL,0813,JS Investments,11.75,11.75,11.75,11.75,500,12.41,,,
22SEP2017,JSGCL,0813,JS Global Cap.,59,59,58.85,58.85,1000,57,,,
22SEP2017,DEL,0813,Dawood Equities,6.3,6.3,6.3,6.3,500,6.21,,,
22SEP2017,PASL,0813,Pervez Ahmed,2,2.09,1.93,1.96,567000,2.02,,,
22SEP2017,SIBL,0813,Sec. Inv. Bank,5.1,5.1,5,5.03,10000,5.22,,,
22SEP2017,TRIBL,0813,Trust Inv.Bank,2.89,2.99,2.51,2.76,142000,2.84,,,
22SEP2017,ABL,0807,Allied Bank Ltd.,89.1,90.45,89,90,40000,90,,,
22SEP2017,SMBL,0807,Summit Bank,3.55,3.55,3.25,3.37,283000,3.46,,,
22SEP2017,AKBL,0807,Askari Bank,19.2,19.65,19.2,19.45,115500,19.31,,,
22SEP2017,BAFL,0807,Bank Al-Falah,42,42.48,41.75,42.13,67000,42.47,,,
22SEP2017,BIPL,0807,Bankislami Pak.,12.02,12.2,12.02,12.2,2500,12.5,,,
22SEP2017,BOK,0807,Bank Of Khyber,12.95,13,12.95,12.95,5500,12.9,,,
22SEP2017,BAHL,0807,Bank AL-Habib,58.01,58.7,58,58.68,8000,58.62,,,
22SEP2017,BOP,0807,B.O.Punjab,9.67,9.7,9.39,9.46,6344500,9.64,,,
22SEP2017,FABL,0807,Faysal Bank,22.5,22.95,22.45,22.48,236000,22.92,,,
22SEP2017,HBL,0807,Habib BankXD,183.01,185.99,182.22,185.03,371300,184.82,,,
22SEP2017,MEBL,0807,Meezan Bank,70.29,72.35,70.29,71.99,5500,72.83,,,
22SEP2017,NBP,0807,National Bank,58.01,58.6,57.51,58.03,202500,57.65,,,
22SEP2017,HMB,0807,Habib Metropol.,33.7,33.7,33.15,33.45,5500,33.5,,,
22SEP2017,MCB,0807,MCB Bank LtdXD,212,214,211,212.95,166700,211.05,,,
22SEP2017,MEBLR,0807,Meezan Bank(R),22,22.5,22,22.5,50000,23,,,
22SEP2017,JSBL,0807,JS Bank Ltd,8.34,8.34,8,8,1002000,8.1,,,
22SEP2017,SILK,0807,Silk Bank Ltd,1.52,1.52,1.47,1.5,449500,1.51,,,
22SEP2017,SCBPL,0807,St.Chart.BankXD,23.5,23.8,23.5,23.8,30000,23.52,,,
22SEP2017,UBL,0807,United Bank,188.55,195,188.55,194.52,826500,190.17,,,
22SEP2017,AICL,0812,Adamjee Ins.,62.3,62.9,62,62.55,43500,62,,,
22SEP2017,IGIL,0812,IGI Life Ins,94.12,101.52,94.12,96.69,200,96.69,,,
22SEP2017,AGIC,0812,Ask.Gen.Insur.XD,26,26,25.25,25.25,2000,26.05,,,
22SEP2017,JLICL,0812,Jubile Life InsXD,710,710,710,710,50,700.16,,,
22SEP2017,CSIL,0812,Cres.Star Ins.,6.15,6.15,6,6.01,565000,6.06,,,
22SEP2017,EFUG,0812,EFU General,154,154,152,152,600,157,,,
22SEP2017,HICL,0812,Habib Ins.,15,15,15,15,1000,15,,,
22SEP2017,IGIIL,0812,IGI Insurance,314.99,315,312,314.5,8000,315,,,
22SEP2017,EWLA,0812,East West Life,18.35,18.35,18.35,18.35,1000,17.35,,,
22SEP2017,ATIL,0812,Atlas Ins. Ltd,68.01,68.01,67.9,67.9,1500,67.25,,,
22SEP2017,PIL,0812,PICIC Ins.Ltd.XR,4.08,4.19,4.08,4.17,26000,4.01,,,
22SEP2017,PKGI,0812,Pak Gen.Ins.,8,8.19,7.8,7.82,20500,8.19,,,
22SEP2017,PAKRI,0812,Pak Reinsurance,44.51,47,44.51,44.88,20000,46.5,,,
22SEP2017,SHNI,0812,Shaheen Ins.,6.47,6.47,6.34,6.34,17000,6.49,,,
22SEP2017,UNIC,0812,United Insuranc,15.91,16.19,15.8,15.92,3500,16.41,,,
22SEP2017,UVIC,0812,Universal Ins.XR,14.39,14.39,14.39,14.39,500,13.5,,,
22SEP2017,AMTEX,0830,Amtex Limited,2.36,2.42,2.27,2.4,422000,2.38,,,
22SEP2017,ASTM,0830,Asim Textile,15.5,15.5,15.5,15.5,7000,14.82,,,
22SEP2017,BILF,0830,Bilal Fibres,11.51,12.25,11.29,11.29,219000,12.29,,,
22SEP2017,CWSM,0830,Chakwal Spinning,7.38,8.28,7.12,8.28,1992500,7.28,,,
22SEP2017,HIRAT,0830,Hira Textile,9.3,9.35,9.08,9.29,38500,9.31,,,
22SEP2017,DFSM,0830,Dewan Farooque Sp.,5.5,5.67,5.32,5.52,1280500,5.34,,,
22SEP2017,DKTM,0830,Dewan Khalid,7,7,7,7,500,6.87,,,
22SEP2017,DMTM,0830,Dewan Mushtaq,7.8,7.9,7.8,7.85,1000,8.5838,,,
22SEP2017,DMTX,0830,D.M.Textile,45.25,45.25,41,41,1000,43.15,,,
22SEP2017,DSIL,0830,D.S. Ind. Ltd.,3.9,3.9,3.65,3.76,323000,3.89,,,
22SEP2017,ELSM,0830,Ellcot Spinning,103.4,103.4,103.4,98.51,100,98.51,,,
22SEP2017,FZCM,0830,Fazal Cloth,166.93,166.93,155,164.87,1000,158.99,,,
22SEP2017,HMIM,0830,H.M.Ismail,11,12,11,11.67,59500,11.57,,,
22SEP2017,IDRT,0830,Idrees Textile,19.54,19.54,19.54,19.54,1000,18.59,,,
22SEP2017,IDYM,0830,Indus Dyeing,499.12,499.12,499.1,499.11,150,525.35,,,
22SEP2017,JATM,0830,J.A.Textile,6.8,6.8,4.99,5.08,2500,5.99,,,
22SEP2017,JDMT,0830,Janana D Mal,91.22,91.22,91.2,91.22,2400,86.88,,,
22SEP2017,KSTM,0830,Khalid Siraj,5.3,5.5,5,5.29,89000,5.62,,,
22SEP2017,KOHTM,0830,Kohat Textile,19.6,20.05,19.6,19.72,9000,19.05,,,
22SEP2017,KOSM,0830,Kohinoor Spining,4.82,5.81,4.82,5.68,5659000,4.9,,,
22SEP2017,LMSM,0830,Land Mark Spinning,9.22,9.22,9,9,1000,8.74,,,
22SEP2017,NPSM,0830,N. P. Spinning,13,13,13,13,2000,13.65,,,
22SEP2017,NCML,0830,Nazir Cotton Mills,5,5.5,4.86,5.37,90500,4.95,,,
22SEP2017,OLSM,0830,Olympia Spinning,17,17.96,17,17.78,96500,16.96,,,
22SEP2017,PRET,0830,Premium Tex.,174.99,174.99,174,174.5,200,170,,,
22SEP2017,RAVT,0830,Ravi Textile,14.4,15.72,14.4,15.23,98000,14.72,,,
22SEP2017,RUBY,0830,Ruby Textile,7.2,7.44,6.45,7.44,7000,7.45,,,
22SEP2017,SAIF,0830,Saif Textile,18.11,18.99,18.11,18.97,2500,18.63,,,
22SEP2017,SJTM,0830,Sajjad Tex.,4.75,4.75,4.62,4.64,5000,4.65,,,
22SEP2017,SLYT,0830,Sally Textile,12.48,12.48,12.48,12.48,2500,11.5,,,
22SEP2017,SNAI,0830,Sana Industries,0,55.0543,0,55.0543,0,55.8813,,,
22SEP2017,SHCM,0830,Shadman Cotton,9.99,9.99,9.99,9.99,500,9,,,
22SEP2017,THAS,0830,Taha Spinning,0,134.9,0,134.9,0,128.48,,,
22SEP2017,TATM,0830,Tata Textile,36.05,37.8,36.01,36.91,3000,37.9,,,
22SEP2017,FML,0831,Feroze 1888,77.01,79.99,77.01,79.49,400,79.49,,,
22SEP2017,SMTM,0831,Samin Textile,6.51,6.95,6.5,6.95,2500,6.64,,,
22SEP2017,SERF,0831,Service Fabrics,8.3,8.41,8.3,8.41,2500,8,,,
22SEP2017,YOUW,0831,Yousuf Weaving,7.92,8.4,7.9,8.28,627000,7.78,,,
22SEP2017,ADMM,0829,Artistic Denim,69.03,74.7,68.77,73.28,7500,72.38,,,
22SEP2017,CHBL,0829,Chenab Limited,4.65,5.05,4.6,5.02,1206000,4.69,,,
22SEP2017,CLCPS,0829,Chenab Ltd.(Pref),2.05,2.27,2.05,2.22,245500,2.11,,,
22SEP2017,CRTM,0829,Crescent Tex.,38.48,38.88,37.25,37.42,48500,37.87,,,
22SEP2017,NCL,0829,Nishat (Chun.),53.5,55.36,52.49,54.56,5755500,53.23,,,
22SEP2017,REWM,0829,Reliance Weaving,38,39,37.5,37.87,15000,38,,,
22SEP2017,GFIL,0829,Ghazi Fabrics,6.85,6.9,6.51,6.89,20500,6.6,,,
22SEP2017,GATM,0829,Gul Ahmed,39.51,39.97,38.5,38.87,281000,39.89,,,
22SEP2017,HAEL,0829,Hala Enterprise,9,9,9,9,500,8.34,,,
22SEP2017,JUBS,0829,Jubilee Spinning,7.4,8,7.4,7.97,25500,7.56,,,
22SEP2017,KHYT,0829,Khyber Textile,0,43.66,0,43.66,0,45.95,,,
22SEP2017,KML,0829,Kohinoor Mills,33.5,33.5,33,33,40500,34.5,,,
22SEP2017,KOIL,0829,Kohinoor Ind.,5.83,5.85,5.5,5.79,584500,6.05,,,
22SEP2017,BTL,0829,Blessed Tex.,237,237,237,225.77,200,225.77,,,
22SEP2017,ANL,0829,Azgard Nine,13.3,13.56,13.1,13.32,3074500,13.21,,,
22SEP2017,KTMLR,0829,KohinoorTex.(R),28,28,26.05,26.24,3000,27.33,,,
22SEP2017,MTIL,0829,Mian Textile,4.25,4.25,4.25,4.25,1000,4.4,,,
22SEP2017,MFTM,0829,Mohd.Farooq,3.95,3.97,3.7,3.75,43000,3.9,,,
22SEP2017,MUBT,0829,Mubarak Textile,9.44,9.44,9.44,9.44,500,8.44,,,
22SEP2017,NML,0829,Nishat Mills Ltd,148.55,149.9,147.25,148.12,259700,148.55,,,
22SEP2017,REDCO,0829,Redco Textile,5.99,5.99,5.99,5.99,1000,5.7,,,
22SEP2017,SFAT,0829,Safa Textile,21.6,21.6,21.6,21.6,2500,22.73,,,
22SEP2017,SURC,0829,Suraj Cotton,152.9,153,152.9,152.95,200,149.5,,,
22SEP2017,TOWL,0829,Towellers Limited,117,118,112,114,42000,117.19,,,
22SEP2017,ZAHID,0829,ZahidJee Tex.,14.4,15.19,14.2,14.8,16000,14.27,,,
22SEP2017,FASM,0829,Faisal Spinning,355.3,355.3,355.3,355.3,300,373.99,,,
22SEP2017,BNWM,0835,Bannu Woollen,63.9,64,63.5,63.92,9000,63.86,,,
22SEP2017,AGL,0805,Agritech Limited,8.4,8.55,8.4,8.55,2000,8.5,,,
22SEP2017,DSFL,0827,Dewan Salman,3.65,3.97,3.62,3.84,2285500,3.64,,,
22SEP2017,IBFL,0827,Ibrahim Fibres,79,79,71.68,71.68,35000,75.45,,,
22SEP2017,NSRM,0827,National Silk,32.95,32.95,32.95,32.95,500,32.4,,,
22SEP2017,PSYL,0827,Pak Synthetics,23.62,25.94,23.62,23.62,2000,24.86,,,
22SEP2017,RUPL,0827,Rupali Polyester,16,16,16,16,500,16,,,
22SEP2017,TRPOL,0827,Tri-Star Polyester,26.75,26.99,25.91,26.03,68500,26.8,,,
22SEP2017,CJPL,0814,Crescent Jute,5.38,5.6,5.05,5.16,288500,5.15,,,
22SEP2017,THALL,0802,Thal Limited,566,566,562,562.69,4350,568.76,,,
22SEP2017,ADAMS,0826,Adam Sugar,38,38.5,37.75,38.5,2000,38.65,,,
22SEP2017,AABS,0826,AL-Abbas Sugar,170,180,164.66,171.3,2400,172.99,,,
22SEP2017,ANSM,0826,Ansari Sugar,14.5,14.5,14.5,14.5,1500,14.5,,,
22SEP2017,BAFS,0826,Baba Farid,45,45,45,45,500,47,,,
22SEP2017,IMSL,0826,Imperial Sugar Ltd.,30.9,30.9,30.9,30.9,500,30,,,
22SEP2017,CCM,0830,Crescent Cotton,30.69,30.69,30.69,30.69,500,32.3,,,
22SEP2017,DWSM,0826,Dewan Sugar,8.1,8.35,8.1,8.25,30500,8.22,,,
22SEP2017,EFOODS,0810,Engro Foods Ltd.,96.5,96.5,95.02,95.19,121800,96.53,,,
22SEP2017,HABSM,0826,Habib Sugar,41.25,42,41.25,42,15500,41.18,,,
22SEP2017,HAL,0826,Habib-ADM Ltd,21.3,21.3,21.3,21.3,500,21.24,,,
22SEP2017,HWQS,0826,Haseeb Waqas Sugar,7.1,7.29,7.1,7.25,14500,7.09,,,
22SEP2017,HSM,0826,Husein Sugar Mills,38.4,38.4,37.2,38.3,19500,37.99,,,
22SEP2017,JDWS,0826,J.D.W.Sugar,377,380,377,380,500,378,,,
22SEP2017,KPUS,0826,Khairpur Sugar,0,26.25,0,26.25,0,27.6267,,,
22SEP2017,MRNS,0826,Mehran SugarXD,130,133.3,128,133.3,20100,126.96,,,
22SEP2017,MIRKS,0826,Mirpurkhas Sugar,141,150,141,145.5,200,148,,,
22SEP2017,MZSM,0826,Mirza Sugar,6.5,7,6.45,6.78,12000,6.62,,,
22SEP2017,NONS,0826,Noon Sugar,80.37,83,80.37,82.98,1600,83.29,,,
22SEP2017,SKRS,0826,Sakrand Sugar,17.79,17.79,17,17.35,32000,17.53,,,
22SEP2017,SHJS,0826,Shahtaj Sugar,165,169,165,169,3000,170,,,
22SEP2017,SML,0826,Shakarganj Limited,86,88,84,85.24,14200,86.33,,,
22SEP2017,TSML,0826,Tandlianwala Sugar,170.7,170.7,170.7,179.63,100,179.63,,,
22SEP2017,ACPL,0804,Attock Cement,205,205,201,201.42,46400,202.82,,,
22SEP2017,BWCL,0804,Bestway CementXD,170.25,170.25,168,169.25,22000,166.93,,,
22SEP2017,CHCC,0804,Cherat Cement,128.5,132,125,128.48,68400,129.11,,,
22SEP2017,DGKC,0804,D.G.K.Cement,152,153.99,151.5,152.05,897000,151.96,,,
22SEP2017,AKZO,0805,Akzo Nobel Pak.,184,190,183.53,186,4000,187.33,,,
22SEP2017,POWER,0804,Power Cement,10.66,10.8,10.6,10.7,2150500,10.74,,,
22SEP2017,FCCL,0804,Fauji Cement,34.5,34.68,34.07,34.3,274500,34.48,,,
22SEP2017,FECTC,0804,Fecto Cement,88.5,89,88.5,88.6,600,89,,,
22SEP2017,FLYNG,0804,Flying Cement,19.25,19.3,19.16,19.25,3500,19.3,,,
22SEP2017,GWLC,0804,Gharibwal Cement,35.02,36.2,35.02,35.95,34500,35.43,,,
22SEP2017,JVDC,0804,Javedan Corp.,43.06,43.98,42.5,43.21,37500,43.5,,,
22SEP2017,KOHC,0804,Kohat Cement,156.1,159.8,156,157.11,12900,157.77,,,
22SEP2017,LUCK,0804,Lucky CementXD,597.45,601,590,592.37,50450,595.68,,,
22SEP2017,MLCF,0804,Maple Leaf,87.61,89.15,87.61,88.1,112100,88.39,,,
22SEP2017,DCL,0804,Dewan Cement,17.24,17.54,17,17.11,1076500,17.15,,,
22SEP2017,PIOC,0804,Pioneer Cement,90,91.9,90,91.19,529700,90.2,,,
22SEP2017,SMCPL,0804,Safe Mix Con.Ltd,9.42,9.6,9.2,9.27,89000,9.49,,,
22SEP2017,THCCL,0804,Thatta CementXD,28.9,29,28.64,28.78,188000,28.99,,,
22SEP2017,KHTC,0832,Khyber Tobacco,751,770,751,770,150,770,,,
22SEP2017,ATRL,0825,Attock Refinery,412,417.96,410,414.67,1090600,411.53,,,
22SEP2017,BYCO,0825,Byco Petroleum,17.92,18.14,17.85,17.89,235000,17.99,,,
22SEP2017,NRL,0825,National Refinery,674,683,666.31,670.16,121300,675.76,,,
22SEP2017,PRL,0825,Pak Refinery,50,50,49.26,49.44,266000,49.87,,,
22SEP2017,ALTN,0824,Altern Energy,46.5,46.5,45,45,11000,44.4,,,
22SEP2017,EPQL,0824,Engro PowergenXD,34.75,34.75,33.95,34.2,121500,34.62,,,
22SEP2017,JPGL,0824,Japan Power,3.93,4.25,3.8,3.9,350000,3.91,,,
22SEP2017,HUBC,0824,Hub Power Co.,114.8,116,114.26,115.57,71200,115.14,,,
22SEP2017,KEL,0824,K-Electric Ltd.,6.23,6.34,6.23,6.27,6780500,6.24,,,
22SEP2017,KOHE,0824,Kohinoor Energy,46.99,47.1,46.5,46.5,9500,46.9,,,
22SEP2017,KOHP,0824,Kohinoor Power,6.5,6.5,6.01,6.25,9500,6.67,,,
22SEP2017,LPL,0824,Lalpir PowerXD,21.47,22.45,21.47,22.18,446500,21.52,,,
22SEP2017,KAPCO,0824,Kot Addu Power,76.51,77.18,76.26,76.6,72000,76.57,,,
22SEP2017,NCPL,0824,Nishat ChunPow,41.81,42,40.1,40.44,1449500,42.01,,,
22SEP2017,NPL,0824,Nishat Power,46,46,45,45.03,2463000,45.98,,,
22SEP2017,PKGP,0824,Pakgen PowerXD,21.49,22.57,21.25,22.39,413000,21.5,,,
22SEP2017,SPWL,0824,Saif Power Ltd.XD,31.9,31.9,31.75,31.75,300500,31.75,,,
22SEP2017,TSPL,0824,Tri-Star Power XD,8.53,8.9,8.52,8.73,3000,8.7,,,
22SEP2017,APL,0821,Attock Petroleum,621,635,620,626.05,1750,624.99,,,
22SEP2017,PSO,0821,P.S.O.,450,453,446.5,448.14,566300,450.49,,,
22SEP2017,BPL,0821,Burshane LPG,47.46,47.46,47.46,47.46,1000,48.48,,,
22SEP2017,SHEL,0821,Shell PakistanXD,409,412,407.99,411.99,4550,409.87,,,
22SEP2017,SSGC,0821,Sui South Gas,38.15,38.69,37.71,37.82,2120500,38.52,,,
22SEP2017,SNGP,0821,Sui North Gas,141.05,142.15,136.71,138.23,1238800,141.14,,,
22SEP2017,HASCOL,0821,Hascol PetrolXD,281.08,289,281.01,286.21,24000,283.6,,,
22SEP2017,HTL,0821,HI-Tech Lub.XD,98.63,100.25,98.6,99.53,31300,99.81,,,
22SEP2017,MARI,0820,Mari PetroleumXD,1550,1560,1471,1549.99,4240,1547.5,,,
22SEP2017,OGDC,0820,Oil & Gas Dev.,150,150.8,149,149.57,289700,150.09,,,
22SEP2017,POL,0820,Pak Oilfields,499,502,494,499.34,33000,496.84,,,
22SEP2017,PPL,0820,Pak Petroleum,177.55,177.55,174,175.19,1101200,176.88,,,
22SEP2017,ASL,0808,Aisha Steel Mill,19.21,19.38,19.05,19.17,2227500,19.23,,,
22SEP2017,ASTL,0808,Amreli Steels,103.5,107.5,102.5,104.05,85800,103.99,,,
22SEP2017,BCL,0808,Bolan Casting,115.01,116,113.5,114.1,14700,116.34,,,
22SEP2017,DADX,0808,Dadex Eternit,79.2,79.2,72.21,72.21,2000,76,,,
22SEP2017,DSL,0808,Dost Steels Ltd.,12.21,12.5,12.18,12.28,1625000,12.27,,,
22SEP2017,CSAP,0808,Crescent Steel,165.25,169.88,165.25,168.07,7300,167.6,,,
22SEP2017,DKL,0808,Drekkar Kings,6.96,6.96,6.9,6.91,8000,7.2,,,
22SEP2017,HSPI,0808,Huffaz Seamless,32.52,33.6,32.52,33.31,9000,33.63,,,
22SEP2017,INIL,0808,Int. Ind.Ltd.XD,306.89,311.99,306.5,310,21200,306.27,,,
22SEP2017,ISL,0808,Inter.Steel LtdXD,122.5,124.85,122.25,123.23,1230100,123.13,,,
22SEP2017,ITTEFAQ,0808,Ittefaq Iron Ind Ltd,24.65,26.7,24.65,25.37,64000,25.81,,,
22SEP2017,KSBP,0808,K.S.B.Pumps,309.95,309.95,309.95,309.95,100,314,,,
22SEP2017,MUGHAL,0808,Mughal Iron&Ste,60.2,60.45,59.11,59.9,228500,59.76,,,
22SEP2017,PECO,0808,Pak Engineering,239.8,239.8,239.8,234,100,234,,,
22SEP2017,AGTL,0801,AL-Ghazi Tractors,570.01,597.9,569,582.39,10500,579.44,,,
22SEP2017,ATLH,0801,Atlas Honda Ltd,525,546.01,525,542.49,7250,520.01,,,
22SEP2017,DFML,0801,Dewan Motors,37.95,39.61,37.91,39.55,6447500,37.73,,,
22SEP2017,GAIL,0801,Ghani Automobile,10,10.39,9.91,10.07,288500,10.13,,,
22SEP2017,GHNI,0801,Ghandhara Ind.,496,523.79,496,509.33,80100,501,,,
22SEP2017,GHNL,0801,Ghand Nissan,191,199.96,187.01,199.56,368600,190.44,,,
22SEP2017,HINO,0801,Hinopak Motor,1095,1125,1090,1121.55,920,1091.83,,,
22SEP2017,HCAR,0801,Honda Atlas Cars,518,541.99,514,535.42,307000,518.47,,,
22SEP2017,INDU,0801,Indus Motor Co,1764.99,1764.99,1745,1756.08,900,1738.45,,,
22SEP2017,MTL,0801,Millat Tractors,1249.49,1249.5,1232,1240,1800,1243.13,,,
22SEP2017,PSMC,0801,Pak Suzuki,461.99,464.95,450.02,455.19,21700,458.36,,,
22SEP2017,SAZEW,0801,Sazgar Eng.,173,173.5,165,166.84,66200,172.61,,,
22SEP2017,ATBA,0802,Atlas BatteryXD,700,714.89,700,714.89,600,700,,,
22SEP2017,EXIDE,0802,Exide (PAK),550,550,530,531,500,550,,,
22SEP2017,GTYR,0802,General Tyre,187,194.57,186,194.57,506800,185.31,,,
22SEP2017,LOADS,0802,Loads Limited,36.2,37.93,35.9,37.93,485500,36.13,,,
22SEP2017,CECL,0803,Climax Eng.,0,74.46,0,74.46,0,70.92,,,
22SEP2017,JOPP,0803,Johnson & Philips,21.55,22.85,21.55,22.85,1500,22.55,,,
22SEP2017,PCAL,0803,Pakistan CablesXD,252.5,255,252.5,255,1100,255,,,
22SEP2017,PAEL,0803,Pak ElektronXD,75.48,76.55,75.1,75.32,1538100,75.74,,,
22SEP2017,TPL,0803,TPL Trakker Ltd,9,9.2,9,9.03,301000,9.07,,,
22SEP2017,AVN,0828,Avanceon Ltd,41.58,43.65,41.58,43.64,254000,41.58,,,
22SEP2017,SING,0803,Singer Pak.,47,47.3,46.89,47.01,36000,47.03,,,
22SEP2017,SIEM,0803,Siemens Pak.,750,750,750,750,400,739.5,,,
22SEP2017,SPEL,0818,Synthetic Prod,65.5,65.5,65.5,65.5,500,64.01,,,
22SEP2017,PNSC,0833,P.N.S.C,137.11,139,134.2,134.7,118500,137.46,,,
22SEP2017,PIBTL,0833,Pak Int.Bulk,20.95,21.55,20.9,21.16,1468000,20.84,,,
22SEP2017,PICT,0833,Pak.Int.Cont.XD,330.52,330.52,330.52,330.52,100,331,,,
22SEP2017,PIAA,0833,P.I.A.C.(A),5.52,5.6,5.5,5.51,151500,5.54,,,
22SEP2017,HUMNL,0828,Hum Network,9.6,9.7,9.51,9.61,214500,9.52,,,
22SEP2017,NETSOL,0828,Netsol Tech.,66.2,67,65.1,66.42,10500,66.12,,,
22SEP2017,PAKD,0828,Pak Datacom,58.93,58.93,58.93,58.93,500,56.63,,,
22SEP2017,MDTL,0828,Media Times Ltd,3.24,3.24,3.05,3.08,347500,3.01,,,
22SEP2017,SYS,0828,Systems Limited,76.7,78.99,76.7,77.01,15000,78,,,
22SEP2017,PTC,0828,P.T.C.L.,14.12,14.2,14.1,14.14,29000,14.12,,,
22SEP2017,TRG,0828,TRG Pak Ltd,39.01,39.57,38.25,38.69,5122500,39.15,,,
22SEP2017,TELE,0828,Telecard Limited,3.1,3.21,3.04,3.12,820500,3.1,,,
22SEP2017,WTL,0828,WorldCall Telecom,3.43,3.8,3.41,3.52,17584000,3.43,,,
22SEP2017,DAWH,0809,Dawood Hercules,120.5,126.69,120.5,126.69,81700,120.66,,,
22SEP2017,ENGRO,0809,Engro CorpXD,311.19,314,310.05,311.48,329700,313.96,,,
22SEP2017,EFERT,0809,Engro Fert.XD,60.26,61.1,60.1,60.53,1193000,60.69,,,
22SEP2017,FFBL,0809,Fauji Fert BinXD,35.51,36.15,35,35.38,1731000,35.69,,,
22SEP2017,FFC,0809,Fauji Fert.XD,81,81,78.3,78.5,3313000,81.25,,,
22SEP2017,ABOT,0823,Abbott Lab.,795,795,795,795,50,795,,,
22SEP2017,FEROZ,0823,Ferozsons (Lab),275.99,277,272,272.44,33200,272.91,,,
22SEP2017,GLAXO,0823,GlaxoSmithKline,183.01,191,183,187.94,48100,185.47,,,
22SEP2017,GSKCH,0823,Glaxo Healthcare Pak,231.98,240.26,231.2,240.26,111600,228.82,,,
22SEP2017,HINOON,0823,Highnoon (Lab),486,488.05,460,468.23,11450,467.08,,,
22SEP2017,SAPL,0823,Sanofi-Aventis,1800,1800,1800,1800,20,1802.89,,,
22SEP2017,SEARL,0823,The Searle Co.,380.11,388.8,380.11,386.33,83850,384.66,,,
22SEP2017,BAPL,0805,Bawany Air Products,11.7,11.7,11.05,11.05,4000,11,,,
22SEP2017,BIFO,0805,Biafo Ind.,236,240,236,239.3,1900,236.5,,,
22SEP2017,BERG,0805,Berger Paints,180.01,185,180.01,184.69,1400,184.5,,,
22SEP2017,BUXL,0805,Buxly Paints,121,121,121,121,2000,119.95,,,
22SEP2017,ARPL,0805,Archroma Pak,640.01,640.25,638,639.86,3050,639.21,,,
22SEP2017,CTM,0830,Colony Tex.Mills Ltd,5.35,5.55,5.2,5.49,285000,5.37,,,
22SEP2017,DOL,0805,Descon Oxychem,15.88,15.89,15.65,15.79,301500,15.79,,,
22SEP2017,DYNO,0805,Dynea Pakistan,74.5,75,74.2,74.34,6900,74.17,,,
22SEP2017,EPCL,0805,Engro Polymer,33.5,34.44,33.25,34.01,8924000,33.01,,,
22SEP2017,FATIMA,0809,Fatima Fert.,29.85,30.2,29.6,29.9,44500,30.02,,,
22SEP2017,GGL,0805,Ghani Gases,22.45,22.58,22.15,22.45,35000,22.28,,,
22SEP2017,ICI,0805,ICI PakistanXD,890,890,890,889.51,20,889.51,,,
22SEP2017,ICL,0805,Ittehad Chem.,29.52,29.52,28.56,28.9,49000,29.52,,,
22SEP2017,LOTCHEM,0805,Lotte Chemical,8.48,8.74,8.36,8.4,777000,8.41,,,
22SEP2017,PPVC,0805,Pak.P.V.C.,7.8,7.95,7.8,7.95,2000,7.8,,,
22SEP2017,NICL,0805,Nimir Ind.Chem.,49.89,49.9,48.1,48.28,6000,49.97,,,
22SEP2017,LINDE,0805,Linde Pakistan,283,296.5,282.05,292.89,207900,282.39,,,
22SEP2017,NRSL,0805,Nimir Resins,8.01,8.29,8,8.1,147500,8.07,,,
22SEP2017,SITC,0805,Sitara Chemical,405.1,405.1,400,400.1,5800,410,,,
22SEP2017,SPL,0805,Sitara Peroxide,27.6,28.1,27.6,28.1,13500,28.03,,,
22SEP2017,WAHN,0805,Wah-Noble,215,225.75,205.5,208.09,15400,216,,,
22SEP2017,BPBL,0822,B.P.Board,8.4,8.4,8.4,8.4,500,8,,,
22SEP2017,CEPB,0822,Century Paper,68.9,69,68.5,68.89,16500,68.9,,,
22SEP2017,CPPL,0822,Cherat PackXR,200,200,199.1,199.55,300,199,,,
22SEP2017,MERIT,0822,Merit Packaging,19.5,20.94,19.5,20.69,9000,20.34,,,
22SEP2017,PKGS,0822,Packages Ltd.,594,597,593,597,800,598.83,,,
22SEP2017,PPP,0822,Pak Paper Prod,101.2,107.9,101.2,105.32,1200,106.43,,,
22SEP2017,RPL,0822,Roshan Packages,53.11,54.25,53.1,53.39,202500,53.34,,,
22SEP2017,POML,0834,Punjab Oil,284,284,284,273,100,273,,,
22SEP2017,LEUL,0816,Leather Up Ltd.,19.26,19.26,19.26,19.26,1000,18.26,,,
22SEP2017,SRVI,0816,Service Ind.LtdXD,910,944.99,910,930,160,910.01,,,
22SEP2017,ASC,0810,Al-Shaheer Corp,30.87,31.6,30.1,31.6,594000,30.1,,,
22SEP2017,CLOV,0810,Clover Pakistan,53.5,55.74,53.22,55.39,81500,53.5,,,
22SEP2017,IBLHL,0823,IBL HealthCare,125.5,126.04,117.2,119.83,65200,120.04,,,
22SEP2017,MACTER,0823,Macter Int. Ltd,0,82.7486,0,82.7486,0,78.9017,,,
22SEP2017,MFFL,0810,MithchellsFruit,242.5,255,242.25,255,400,255,,,
22SEP2017,MUREB,0810,Murree Brewery,801,804,764.71,764.85,5200,804.95,,,
22SEP2017,NATF,0810,National Foods,351,351,348.5,348.5,300,350,,,
22SEP2017,FFL,0810,Fauji Foods LtdXR,30.11,30.11,29.85,30.11,898500,28.68,,,
22SEP2017,FFLNV,0810,Fauji FoodsNonVXR,25.49,26.16,24.7,26.16,721000,24.92,,,
22SEP2017,QUICE,0810,Quice Food,6.66,6.9,6.65,6.7,74000,6.67,,,
22SEP2017,TREET,0810,Treet Corp,50.89,52.05,50.21,51.3,1390500,50.45,,,
22SEP2017,ZIL,0810,ZIL Limited,85.1,86.45,85.1,86.11,1400,88.67,,,
22SEP2017,BGL,0811,Bal.Glass,13.2,13.75,13.14,13.23,1560000,13.33,,,
22SEP2017,FRCL,0811,Frontier Ceram,6.73,6.73,6.73,6.73,1000,6.95,,,
22SEP2017,GHGL,0811,Ghani Glass Ltd,70,70,69.9,70,32500,70.05,,,
22SEP2017,GGGL,0811,GhaniGlobalGlass,17,17.1,16.95,17.05,8500,17.05,,,
22SEP2017,GVGL,0811,Ghani Value Gla.,18.15,18.25,17.6,17.6,2500,18.26,,,
22SEP2017,TGL,0811,Tariq Glass Ind.,102.1,102.5,102,102.5,3300,102.87,,,
22SEP2017,STCL,0811,Shabbir Tiles,13.15,13.5,13,13.32,247000,13.22,,,
22SEP2017,GAMON,0818,Gammon Pak,27,27,26.05,26.17,18500,27.42,,,
22SEP2017,AKGL,0818,AL-Khair Gadoon,11,11,11,11,500,10,,,
22SEP2017,HADC,0818,Haydery Const,13,13.1,12.3,12.54,59000,12.85,,,
22SEP2017,MACFL,0818,MACPAC Films,24.4,24.7,24.25,24.25,22500,24.89,,,
22SEP2017,ECOP,0818,ECOPACK Ltd,29.01,30.46,28.95,30.46,94500,29.01,,,
22SEP2017,PACE,0818,Pace (Pak) Ltd.,6.87,7.14,6.87,6.97,760500,6.99,,,
22SEP2017,PHDL,0818,Pak Hotels,102.01,106.99,102.01,105.8,2500,102.35,,,
22SEP2017,AKDCL,0818,AKD Capital,130.01,130.01,127.44,127.87,600,134.14,,,
22SEP2017,SHFA,0818,Shifa Int.Hosp,265,282.45,265,268.05,4400,269,,,
22SEP2017,STPL,0818,Siddiqsons Tin,25.99,26.9,25.71,26.57,555000,26.18,,,
22SEP2017,TPLPL,0818,TPL Properties,10,10,10,10,10000,10,,,
22SEP2017,TRIPF,0818,Tri-Pack Films,170,170,166.25,166.25,900,165.41,,,
22SEP2017,UBDL,0818,United Brands,0,170,0,170,0,175,,,
22SEP2017,UDPL,0818,United Dist.,66.6,67.9,63,64,21000,66.03,,,
22SEP2017,HBLTFC,36,HBLTFC Priv. Placed,0,99.2968,0,99.2968,0,99.2968,,,
22SEP2017,BAFLTFC5,36,Bank Alfalah(TFC),0,101.9272,0,101.9272,0,101.9272,,,
22SEP2017,SNBLTFC2,36,Soneri Bank TFC,0,102.2299,0,102.2299,0,102.2299,,,
22SEP2017,FATIMASC,36,Fatima Fert(Suk,0,103.25,0,103.25,0,103.25,,,
22SEP2017,AKBL-CSEP,40,AKBL-CSEP,0,19.48,0,19.48,0,19.35,,,
22SEP2017,ATRL-CSEP,40,ATRL-CSEP,0,415.37,0,415.37,0,412.34,,,
22SEP2017,FCCL-CSEP,40,FCCL-CSEP,0,34.36,0,34.36,0,34.55,,,
22SEP2017,FFC-CSEP,40,FFC-CSEP,0,78.63,0,78.63,0,81.41,,,
22SEP2017,FABL-CSEP,40,FABL-CSEP,0,22.52,0,22.52,0,22.97,,,
22SEP2017,KAPCO-CSEP,40,KAPCO-CSEP,0,76.73,0,76.73,0,76.72,,,
22SEP2017,NML-CSEP,40,NML-CSEP,0,148.37,0,148.37,0,148.84,,,
22SEP2017,AKBL-COCT,40,AKBL-COCT,0,19.64,0,19.64,0,19.5,,,
22SEP2017,ATRL-COCT,40,ATRL-COCT,0,418.64,0,418.64,0,415.58,,,
22SEP2017,FCCL-COCT,40,FCCL-COCT,0,34.63,0,34.63,0,34.82,,,
22SEP2017,FFC-COCT,40,FFC-COCT,0,79.25,0,79.25,0,82.05,,,
22SEP2017,FABL-COCT,40,FABL-COCT,0,22.7,0,22.7,0,23.15,,,
22SEP2017,KAPCO-COCT,40,KAPCO-COCT,0,77.33,0,77.33,0,77.32,,,
22SEP2017,NML-COCT,40,NML-COCT,0,149.54,0,149.54,0,150.01,,,
22SEP2017,AICL-CNOV,40,AICL-CNOV,0,63.64,0,63.64,0,63.1,,,
22SEP2017,AKBL-CNOV,40,AKBL-CNOV,0,19.79,0,19.79,0,19.65,,,
22SEP2017,ATRL-CNOV,40,ATRL-CNOV,0,421.9,0,421.9,0,418.82,,,
22SEP2017,CSAP-CNOV,40,CSAP-CNOV,0,171,0,171,0,170.57,,,
22SEP2017,FCCL-CNOV,40,FCCL-CNOV,0,34.9,0,34.9,0,35.09,,,
22SEP2017,FFC-CNOV,40,FFC-CNOV,0,79.87,0,79.87,0,82.69,,,
22SEP2017,HBL-CNOV,40,HBL-CNOV,0,188.26,0,188.26,0,188.1,,,
22SEP2017,NML-CNOV,40,NML-CNOV,0,150.7,0,150.7,0,151.18,,,
22SEP2017,UBL-CNOV,40,UBL-CNOV,0,197.91,0,197.91,0,193.54,,,
22SEP2017,DGKC-CSEP,40,DGKC-CSEP,0,152.31,0,152.31,0,152.26,,,
22SEP2017,DGKC-COCT,40,DGKC-COCT,0,153.5,0,153.5,0,153.46,,,
22SEP2017,NCL-SEP,40,NCL-SEP,53.54,55.4,52.4,54.69,2245500,53.39,,,
22SEP2017,DGKC-CNOV,40,DGKC-CNOV,0,154.7,0,154.7,0,154.65,,,
22SEP2017,HUBC-SEP,40,HUBC-SEP,113.74,113.74,113.74,113.74,500,113.8,,,
22SEP2017,PSO-SEP,40,PSO-SEP,450.01,453.5,447.7,449.1,514500,451.7,,,
22SEP2017,NML-SEP,40,NML-SEP,148.7,149.9,148.01,148.25,60000,149.1,,,
22SEP2017,PTC-SEP,40,PTC-SEP,14.14,14.14,14.1,14.1,1500,14.21,,,
22SEP2017,ENGRO-SEP,40,ENGRO-SEP,311.1,313.9,310.01,312.24,345500,314.08,,,
22SEP2017,FFBL-SEP,40,FFBL-SEP,35.71,36,35.25,35.47,227000,35.95,,,
22SEP2017,OGDC-SEP,40,OGDC-SEP,149.51,150.74,149.35,149.66,22500,150.23,,,
22SEP2017,DGKC-SEP,40,DGKC-SEP,151.5,153.95,151.5,152.32,670500,152.12,,,
22SEP2017,NBP-SEP,40,NBP-SEP,58,59,57.35,58.16,57500,58.19,,,
22SEP2017,MLCF-SEP,40,MLCF-SEP,87.5,89,87.5,88.25,73000,88.44,,,
22SEP2017,PPL-SEP,40,PPL-SEP,174.67,176.49,174.5,175.53,23500,177.17,,,
22SEP2017,BOP-SEP,40,BOP-SEP,9.73,9.74,9.4,9.5,3334500,9.67,,,
22SEP2017,AKBL-SEP,40,AKBL-SEP,19.62,19.72,19.62,19.69,16500,19.43,,,
22SEP2017,FFC-SEP,40,FFC-SEP,80.2,80.89,78.4,78.63,424000,81.4,,,
22SEP2017,KEL-SEP,40,KEL-SEP,6.34,6.34,6.25,6.28,235500,6.26,,,
22SEP2017,BAFL-SEP,40,BAFL-SEP,41.6,42.91,41.6,42.15,59500,42.6,,,
22SEP2017,OGDC-CSEP,40,OGDC-CSEP,0,149.82,0,149.82,0,150.39,,,
22SEP2017,PTC-CSEP,40,PTC-CSEP,0,14.16,0,14.16,0,14.15,,,
22SEP2017,NBP-CSEP,40,NBP-CSEP,0,58.13,0,58.13,0,57.76,,,
22SEP2017,OGDC-COCT,40,OGDC-COCT,0,151,0,151,0,151.57,,,
22SEP2017,NBP-COCT,40,NBP-COCT,0,58.59,0,58.59,0,58.22,,,
22SEP2017,PTC-COCT,40,PTC-COCT,0,14.28,0,14.28,0,14.26,,,
22SEP2017,OGDC-CNOV,40,OGDC-CNOV,0,152.18,0,152.18,0,152.75,,,
22SEP2017,PTC-CNOV,40,PTC-CNOV,0,14.39,0,14.39,0,14.37,,,
22SEP2017,NBP-CNOV,40,NBP-CNOV,0,59.04,0,59.04,0,58.67,,,
22SEP2017,PSO-CSEP,40,PSO-CSEP,0,448.9,0,448.9,0,451.38,,,
22SEP2017,ENGRO-CSEP,40,ENGRO-CSEP,0,312.01,0,312.01,0,314.58,,,
22SEP2017,FFBL-CSEP,40,FFBL-CSEP,0,35.44,0,35.44,0,35.76,,,
22SEP2017,HUBC-CSEP,40,HUBC-CSEP,0,115.77,0,115.77,0,115.37,,,
22SEP2017,BAFL-CSEP,40,BAFL-CSEP,0,42.2,0,42.2,0,42.55,,,
22SEP2017,PSO-COCT,40,PSO-COCT,0,452.43,0,452.43,0,454.93,,,
22SEP2017,ENGRO-COCT,40,ENGRO-COCT,0,314.46,0,314.46,0,317.05,,,
22SEP2017,BOP-COCT,40,BOP-COCT,0,9.55,0,9.55,0,9.73,,,
22SEP2017,FFBL-COCT,40,FFBL-COCT,0,35.72,0,35.72,0,36.04,,,
22SEP2017,HUBC-COCT,40,HUBC-COCT,0,116.68,0,116.68,0,116.27,,,
22SEP2017,BAFL-COCT,40,BAFL-COCT,0,42.53,0,42.53,0,42.89,,,
22SEP2017,AICL-SEP,40,AICL-SEP,62.66,62.84,62.66,62.77,3000,62.14,,,
22SEP2017,ATRL-SEP,40,ATRL-SEP,410.01,418.45,410,415.29,1506000,412.21,,,
22SEP2017,CSAP-SEP,40,CSAP-SEP,167.56,168,165.01,168,2000,169.77,,,
22SEP2017,FCCL-SEP,40,FCCL-SEP,34.01,34.25,33.91,34.07,127500,34.13,,,
22SEP2017,UBL-SEP,40,UBL-SEP,189.9,195,189.9,194.35,35000,190.02,,,
22SEP2017,HBL-SEP,40,HBL-SEP,183.25,186,182.8,185.7,40500,185.01,,,
22SEP2017,PPL-CNOV,40,PPL-CNOV,0,178.25,0,178.25,0,180.02,,,
22SEP2017,PSO-CNOV,40,PSO-CNOV,0,455.96,0,455.96,0,458.48,,,
22SEP2017,ENGRO-CNOV,40,ENGRO-CNOV,0,316.91,0,316.91,0,319.53,,,
22SEP2017,BOP-CNOV,40,BOP-CNOV,0,9.63,0,9.63,0,9.81,,,
22SEP2017,FFBL-CNOV,40,FFBL-CNOV,0,36,0,36,0,36.32,,,
22SEP2017,MCB-CNOV,40,MCB-CNOV,0,216.66,0,216.66,0,214.79,,,
22SEP2017,HUBC-CNOV,40,HUBC-CNOV,0,117.59,0,117.59,0,117.18,,,
22SEP2017,BAFL-CNOV,40,BAFL-CNOV,0,42.86,0,42.86,0,43.22,,,
22SEP2017,NCL-CSEP,40,NCL-CSEP,0,54.65,0,54.65,0,53.33,,,
22SEP2017,NCL-COCT,40,NCL-COCT,0,55.08,0,55.08,0,53.75,,,
22SEP2017,NCL-CNOV,40,NCL-CNOV,0,55.51,0,55.51,0,54.17,,,
22SEP2017,FATIMA-CSEP,40,FATIMA-CSEP,0,29.95,0,29.95,0,30.08,,,
22SEP2017,FATIMA-COCT,40,FATIMA-COCT,0,30.19,0,30.19,0,30.32,,,
22SEP2017,EFOODS-SEP,40,EFOODS-SEP,95.8,96.5,95,95.15,52000,96.37,,,
22SEP2017,EFOODS-CNOV,40,EFOODS-CNOV,0,96.85,0,96.85,0,98.24,,,
22SEP2017,EFOODS-COCT,40,EFOODS-COCT,0,96.1,0,96.1,0,97.48,,,
22SEP2017,EFOODS-CSEP,40,EFOODS-CSEP,0,95.35,0,95.35,0,96.72,,,
22SEP2017,MLCF-CSEP,40,MLCF-CSEP,0,88.25,0,88.25,0,88.56,,,
22SEP2017,BOP-CSEP,40,BOP-CSEP,0,9.48,0,9.48,0,9.66,,,
22SEP2017,MLCF-COCT,40,MLCF-COCT,0,88.94,0,88.94,0,89.26,,,
22SEP2017,GATM-SEP,40,GATM-SEP,38.9,39.99,38.85,39,67500,39.49,,,
22SEP2017,PAEL-SEP,40,PAEL-SEP,75.9,76.79,75.3,75.53,1545500,75.98,,,
22SEP2017,GATM-CNOV,40,GATM-CNOV,0,39.55,0,39.55,0,40.6,,,
22SEP2017,KEL-CNOV,40,KEL-CNOV,0,6.38,0,6.38,0,6.35,,,
22SEP2017,MLCF-CNOV,40,MLCF-CNOV,0,89.64,0,89.64,0,89.96,,,
22SEP2017,PAEL-CNOV,40,PAEL-CNOV,0,76.63,0,76.63,0,77.08,,,
22SEP2017,EFERT-CSEP,40,EFERT-CSEP,0,60.63,0,60.63,0,60.81,,,
22SEP2017,PAEL-CSEP,40,PAEL-CSEP,0,75.45,0,75.45,0,75.89,,,
22SEP2017,KEL-CSEP,40,KEL-CSEP,0,6.28,0,6.28,0,6.25,,,
22SEP2017,EFERT-COCT,40,EFERT-COCT,0,61.11,0,61.11,0,61.29,,,
22SEP2017,KEL-COCT,40,KEL-COCT,0,6.33,0,6.33,0,6.3,,,
22SEP2017,PAEL-COCT,40,PAEL-COCT,0,76.04,0,76.04,0,76.49,,,
22SEP2017,EFERT-SEP,40,EFERT-SEP,60.75,61.1,60.02,60.78,120000,60.74,,,
22SEP2017,EFERT-CNOV,40,EFERT-CNOV,0,61.59,0,61.59,0,61.77,,,
22SEP2017,POWER-SEP,40,POWER-SEP,10.6,10.75,10.56,10.64,676000,10.64,,,
22SEP2017,ISL-SEP,40,ISL-SEP,122.5,124.64,122.1,123.5,1696500,123.26,,,
22SEP2017,TPL-SEP,40,TPL-SEP,9,9.15,9,9.01,153500,9.06,,,
22SEP2017,TRG-SEP,40,TRG-SEP,39,39.6,38.3,38.74,10842000,39.27,,,
22SEP2017,POWER-CSEP,40,POWER-CSEP,0,10.72,0,10.72,0,10.76,,,
22SEP2017,ISL-CSEP,40,ISL-CSEP,0,123.44,0,123.44,0,123.37,,,
22SEP2017,TPL-CSEP,40,TPL-CSEP,0,9.05,0,9.05,0,9.09,,,
22SEP2017,TRG-CSEP,40,TRG-CSEP,0,38.76,0,38.76,0,39.23,,,
22SEP2017,ISL-COCT,40,ISL-COCT,0,124.41,0,124.41,0,124.34,,,
22SEP2017,POWER-COCT,40,POWER-COCT,0,10.8,0,10.8,0,10.85,,,
22SEP2017,TPL-COCT,40,TPL-COCT,0,9.12,0,9.12,0,9.16,,,
22SEP2017,TRG-COCT,40,TRG-COCT,0,39.06,0,39.06,0,39.54,,,
22SEP2017,ASTL-SEP,40,ASTL-SEP,104,105,104,105,14500,102.99,,,
22SEP2017,ASTL-CNOV,40,ASTL-CNOV,0,105.87,0,105.87,0,105.83,,,
22SEP2017,TPL-CNOV,40,TPL-CNOV,0,9.19,0,9.19,0,9.23,,,
22SEP2017,TRG-CNOV,40,TRG-CNOV,0,39.36,0,39.36,0,39.84,,,
22SEP2017,ISL-CNOV,40,ISL-CNOV,0,125.38,0,125.38,0,125.31,,,
22SEP2017,POWER-CNOV,40,POWER-CNOV,0,10.89,0,10.89,0,10.93,,,
22SEP2017,TREET-CSEP,40,TREET-CSEP,0,51.39,0,51.39,0,50.55,,,
22SEP2017,TREET-COCT,40,TREET-COCT,0,51.79,0,51.79,0,50.95,,,
22SEP2017,TREET-SEP,40,TREET-SEP,50.5,52,50.25,51.33,410000,50.54,,,
22SEP2017,TREET-CNOV,40,TREET-CNOV,0,52.19,0,52.19,0,51.34,,,
22SEP2017,MCB-SEPB,40,MCB-SEPB,0,213.37,0,213.37,0,208.25,,,
22SEP2017,DCR,0836,Dolmen City XD,11,11,10.88,10.9,16500,10.9,,,
