28FEB2017,GASF,0806,Golden Arrow,14.85,15,14.78,14.9,290500,14.88,,,
28FEB2017,PGF,0806,PICIC Growth,34.35,34.35,34.35,34.35,369000,32.72,,,
28FEB2017,PIF,0806,PICIC Inv.Fund,16.01,16.01,16.01,16.01,45500,15.01,,,
28FEB2017,SINDM,0819,Sindh Modaraba,5.81,5.81,5.81,5.81,5500,6.17,,,
28FEB2017,TSMF,0806,Tri-Star Mutual,11.61,12.45,10.51,12.29,165000,11.45,,,
28FEB2017,FANM,0819,AL-Noor Modarab,5.06,5.06,5.05,5.05,1500,5.15,,,
28FEB2017,ARM,0819,Allied Rent.,24.66,26.4,24.66,26.4,6000,25.95,,,
28FEB2017,BRR,0819,B.R.R.Guardian,9.5,9.93,9.32,9.93,116500,9.89,,,
28FEB2017,FECM,0819,Elite Cap.Mod,4.4,4.54,4.27,4.48,22500,4.42,,,
28FEB2017,FEM,0819,Equity Modaraba,6.3,6.3,5.99,5.99,100500,6.25,,,
28FEB2017,CSM,0819,Cres. Stand.Mod,3.75,4.11,3.71,3.97,46500,4.12,,,
28FEB2017,FFLM,0819,1st.Fid.Leasing,4.1,4.29,4.1,4.23,7000,4.2,,,
28FEB2017,ORIXM,0819,Orix Modaraba,22.4,22.4,22.2,22.4,21500,22.5,,,
28FEB2017,FHAM,0819,Habib Modaraba,10.45,10.5,10.32,10.5,15500,10.4,,,
28FEB2017,FIBLM,0819,I.B.L.Modaraba,3.81,4.45,3.81,4.45,1500,4.13,,,
28FEB2017,PIM,0819,Popular Islamic Mod.,11.5,11.5,11.5,11.5,500,12.5,,,
28FEB2017,KASBM,0819,KASB Mod,2.95,2.97,2.95,2.97,1500,3,,,
28FEB2017,MODAM,0819,Mod.Al-Mali,4.01,4.64,4,4.64,2500,4.3,,,
28FEB2017,FNBM,0819,Nat.Bank Mod.,3.6,3.6,3.6,3.6,5000,3.51,,,
28FEB2017,PAKMI,0819,Pak Mod.,3.99,3.99,3.67,3.78,14500,3.85,,,
28FEB2017,FPRM,0819,Paramount Mod,9.89,10,9.89,10,3500,9.5,,,
28FEB2017,PMI,0819,Prud Mod.1st,3.12,3.12,2.95,3.1,118500,3.03,,,
28FEB2017,TRSM,0819,Trust Modaraba,4.5,4.5,4.5,4.5,1000,4.71,,,
28FEB2017,FUDLM,0819,U.D.L.Modaraba,34.58,34.99,34.58,34.58,76500,36.39,,,
28FEB2017,UCAPM,0819,Unicap Modaraba,4.01,4.7,4,4.59,227500,4.24,,,
28FEB2017,CPAL,0815,Cap.Assets Leas,12,12,11.99,11.99,11000,11,,,
28FEB2017,GRYL,0815,Grays Leasing,6.1,6.4,6.1,6.4,3000,6.26,,,
28FEB2017,OLPL,0815,Orix Leasing,48,48.32,47.9,47.9,30500,47.25,,,
28FEB2017,SLL,0815,SME Leasing Ltd,5.25,5.25,5,5.06,13500,5.24,,,
28FEB2017,SLCL,0815,Security Leasin,5.38,5.68,5.35,5.44,5000,5.08,,,
28FEB2017,SPLC,0815,Saudi Pak Leasi,2.71,2.98,2.64,2.84,28500,2.8,,,
28FEB2017,AHL,0813,Arif Habib Ltd.,95,96.09,91,93.66,138000,95.01,,,
28FEB2017,AHCL,0809,Arif Habib Corp,42.71,42.77,41.9,42.21,49000,43.08,,,
28FEB2017,ICIBL,0813,Invest Bank,2.22,2.22,2.01,2.1,78000,2.11,,,
28FEB2017,FDIBL,0813,Ist.Dawood Bank,4.52,4.69,4.1,4.32,1606500,4.72,,,
28FEB2017,JSCL,0813,Jah.Sidd. Co.,23.05,23.67,22.81,22.99,422500,23.23,,,
28FEB2017,BIPLS,0813,BIPL Securities,12.45,13.49,12.44,12.99,12500,13.44,,,
28FEB2017,NEXT,0813,Next Capital,24.9,25.62,24.55,25.12,84500,25.04,,,
28FEB2017,AMBL,0813,Apna Microfin.,8.48,8.48,8.48,8.48,500,7.9,,,
28FEB2017,ESBL,0813,Escorts Bank,8.6,8.8,8.07,8.3,150000,8.52,,,
28FEB2017,FCEL,0813,First Cap.Equit,11,11,11,11,6000,12,,,
28FEB2017,FCSC,0813,Ist.Capital Sec,5.2,5.2,4.52,4.79,832500,5.09,,,
28FEB2017,FCIBL,0813,F.Credit & Inv,7.6,7.6,7.6,7.6,10000,7.7,,,
28FEB2017,IGIBL,0813,IGI Inv.Bank,3.05,3.14,3,3.13,829500,3.03,,,
28FEB2017,IFSL,0813,Invest & Fin.Se,113,124.68,113,120.62,7000,118.75,,,
28FEB2017,FNEL,0813,F. Nat.Equities,15.43,15.43,14.73,14.73,415000,15.73,,,
28FEB2017,JSIL,0813,JS Investments,14.5,14.5,14.3,14.5,50000,14.44,,,
28FEB2017,JSGCL,0813,JS Global Cap.,66,66.5,66,66,2500,68.77,,,
28FEB2017,DEL,0813,Dawood Equities,6.22,6.51,6.22,6.51,5000,6.98,,,
28FEB2017,PASL,0813,Pervez Ahmed,2.32,2.45,2.15,2.32,1958000,2.31,,,
28FEB2017,TRIBL,0813,Trust Inv.Bank,4.75,5.5,4.16,5.03,289500,4.58,,,
28FEB2017,ABL,0807,Allied Bank Ltd.,100,100,99,100,137100,100.58,,,
28FEB2017,SMBL,0807,Summit Bank,3.99,4.03,3.89,3.98,6122500,3.88,,,
28FEB2017,AKBL,0807,Askari Bank,23.5,23.99,23.5,23.88,1260000,23.53,,,
28FEB2017,BAFL,0807,Bank Al-Falah,38,39,37.5,38.97,1426000,38.21,,,
28FEB2017,BIPL,0807,Bankislami Pak.,12.3,13,12.9,13,1500,12.55,,,
28FEB2017,BOK,0807,Bank Of Khyber,15.37,15.45,15.3,15.45,1500,15.7,,,
28FEB2017,BAHL,0807,Bank AL-HabibXD,54,54.98,53.95,54.27,537500,53.88,,,
28FEB2017,BOP,0807,B.O.Punjab,14.85,15.25,14.6,15,9965500,14.78,,,
28FEB2017,FABL,0807,Faysal Bank,23.42,23.7,22.52,23.17,660000,23.55,,,
28FEB2017,HBL,0807,Habib Bank,271.25,274.98,270.6,272.58,1404300,273.44,,,
28FEB2017,MEBL,0807,Meezan Bank,63.01,64.5,63,63.9,58500,65,,,
28FEB2017,NBP,0807,National Bank,75.52,76.8,74.75,75.02,2741000,75.55,,,
28FEB2017,HMB,0807,Habib Metropol.,36.7,36.95,36.68,36.7,311500,36.68,,,
28FEB2017,MCB,0807,MCB Bank Ltd,228.11,229.95,226,227.2,203400,229.02,,,
28FEB2017,NIB,0807,NIB Bank Limite,1.55,1.57,1.53,1.55,605500,1.55,,,
28FEB2017,JSBL,0807,JS Bank Ltd,10.2,10.5,10.2,10.38,242000,10.29,,,
28FEB2017,SBL,0807,Samba Bank,8.1,8.1,8.05,8.05,1000,7.75,,,
28FEB2017,SILK,0807,Silk Bank Ltd,1.63,1.65,1.54,1.55,6951000,1.58,,,
28FEB2017,SNBL,0807,Soneri Bank Ltd,16.5,16.7,16.5,16.7,3000,16.64,,,
28FEB2017,SCBPL,0807,St.Chart.Bank,24.77,24.77,24.77,24.77,1500,26,,,
28FEB2017,UBL,0807,United Bank,243.51,245,242.5,244.73,428200,246.04,,,
28FEB2017,AICL,0812,Adamjee Ins.,74.5,74.7,74,74.37,338000,74.09,,,
28FEB2017,IGIL,0812,IGI Life Ins,87.98,89.77,85.25,86.42,14500,85.5,,,
28FEB2017,AGIC,0812,Ask.Gen.Insur.,35,35,34.28,34.28,5500,35,,,
28FEB2017,CYAN,0812,Cyan Limited,67.49,68.39,67,68.06,25500,66.55,,,
28FEB2017,CENI,0812,Century Ins.,30.25,30.5,29.51,29.51,46500,31.06,,,
28FEB2017,JLICL,0812,Jubile Life Ins,660,679.99,654,675,1650,674.95,,,
28FEB2017,CSIL,0812,Cres.Star Ins.,9.35,9.99,9.35,9.52,162000,9.59,,,
28FEB2017,EFUG,0812,EFU General,150.97,150.01,147.51,148.41,48000,149.41,,,
28FEB2017,EFUL,0812,EFU Life Assr.,231.49,231.49,224,224.67,12800,231.5,,,
28FEB2017,HICL,0812,Habib Ins.,18.35,18.35,18.01,18.01,4000,18.5,,,
28FEB2017,IGIIL,0812,IGI Insurance,341,356.99,340,355,4900,350.76,,,
28FEB2017,EWLA,0812,East West Life,15.5,15.5,15.5,15.5,5000,16.16,,,
28FEB2017,ATIL,0812,Atlas Ins. Ltd,79.5,80.64,79,79,40000,76.8,,,
28FEB2017,JGICL,0812,Jubilee Gen.Ins,112.55,115,112.5,115,2500,111.8,,,
28FEB2017,PIL,0812,PICIC Ins.Ltd.XR,5.5,5.58,5.35,5.54,18500,5.57,,,
28FEB2017,PKGI,0812,Pak Gen.Ins.,19.64,19.64,18.9,19.54,18000,19.24,,,
28FEB2017,PAKRI,0812,Pak Reinsurance,52.51,55.95,52.5,53.89,307000,53.61,,,
28FEB2017,PINL,0812,Premier Ins.,19.01,19.05,18.75,18.78,3500,19.05,,,
28FEB2017,RICL,0812,Reliance Ins.,13.98,14.75,13.75,14.01,334500,13.9,,,
28FEB2017,SHNI,0812,Shaheen Ins.,8,9,8,8.1,23500,8.51,,,
28FEB2017,TDIL,0812,TPL Direct Insu,25.25,26,25.25,25.82,20000,26,,,
28FEB2017,UNIC,0812,United Insuranc,23.1,23.2,22.85,22.85,46500,23.04,,,
28FEB2017,AMTEX,0830,Amtex Limited,2.85,2.9,2.6,2.74,622500,2.9,,,
28FEB2017,ALQT,0830,AL-Qadir Textil,0,87.4857,0,87.4857,0,89.2471,,,
28FEB2017,BCML,0830,Babri Cotton,0,109.7457,0,109.7457,0,113.96,,,
28FEB2017,BILF,0830,Bilal Fibres,15,15,15,15,17500,14.57,,,
28FEB2017,BROT,0830,Brothers Textile,4.86,5.05,4.55,5,5500,5.01,,,
28FEB2017,CWSM,0830,Chakwal Spinning,4.9,5.02,4.8,4.83,75000,4.9,,,
28FEB2017,HIRAT,0830,Hira Textile,13.76,14,13.62,13.62,2203000,14.62,,,
28FEB2017,DSML,0830,Dar-es-Salaam,8.91,8.91,8.91,8.91,500,8.5,,,
28FEB2017,DFSM,0830,Dewan Farooque Sp.,3.85,3.95,3.45,3.54,678000,3.85,,,
28FEB2017,DSIL,0830,D.S. Ind. Ltd.,5.93,5.93,5.17,5.22,368000,5.5,,,
28FEB2017,FZCM,0830,Fazal Cloth,170.48,170.48,170.48,170.48,3200,162.37,,,
28FEB2017,GADT,0830,Gadoon Textile,230.1,230.1,226.5,226.92,12300,238.42,,,
28FEB2017,HMIM,0830,H.M.Ismail,9.4,9.5,9,9.02,38500,9.49,,,
28FEB2017,IDYM,0830,Indus Dyeing,715,724,675,715.67,550,695,,,
28FEB2017,JATM,0830,J.A.Textile,6,6.2,6,6.2,1500,7,,,
28FEB2017,JDMT,0830,Janana D Mal,111.75,113.5,106,107.94,26100,111.37,,,
28FEB2017,KSTM,0830,Khalid Siraj,6.07,7.46,6.07,6.7,6000,7.03,,,
28FEB2017,KOHTM,0830,Kohat Textile,17.65,17.65,17.64,17.64,8000,18.64,,,
28FEB2017,KOSM,0830,Kohinoor Spining,6.06,6.34,6.01,6.11,246500,6.2,,,
28FEB2017,LMSM,0830,Land Mark Spinning,8.8,8.8,7.6,7.95,1500,8.35,,,
28FEB2017,MQTM,0830,Maqbool Textile,0,28.73,28.73,28.73,500,28.73,,,
28FEB2017,NPSM,0830,N. P. Spinning,32,32,32,32,500,32.95,,,
28FEB2017,NCML,0830,Nazir Cotton Mills,8.5,8.7,8.25,8.31,114500,8.6,,,
28FEB2017,OLSM,0830,Olympia Spinning,10,10,9.99,9.99,11500,10.99,,,
28FEB2017,PRET,0830,Premium Tex.,172.1,172.12,162.1,169,3000,163.93,,,
28FEB2017,RAVT,0830,Ravi Textile,5,5.5,5,5.1,20000,5.22,,,
28FEB2017,RUBY,0830,Ruby Textile,10,10.79,9.71,10.31,16000,10.15,,,
28FEB2017,SAIF,0830,Saif Textile,23.54,23.6,23.54,23.54,7000,24.77,,,
28FEB2017,SJTM,0830,Sajjad Tex.,6.11,6.49,6.05,6.49,17000,7.05,,,
28FEB2017,SANE,0830,Salman Noman,5.36,5.36,5.3,5.32,4500,5.9,,,
28FEB2017,SNAI,0830,Sana Industries,60.65,60.65,60.65,60.65,14500,63.84,,,
28FEB2017,SSML,0830,Saritow Spinning,8.51,9.8,8.45,8.53,106500,8.8,,,
28FEB2017,SERT,0830,Service Textile,12,12,12,12,3500,12.75,,,
28FEB2017,SHDT,0830,Shadab Textile,64.32,64.32,64.32,64.32,500,67.7,,,
28FEB2017,THAS,0830,Taha Spinning,0,32.7315,0,32.7315,0,34.207,,,
28FEB2017,TATM,0830,Tata Textile,40.5,41,40.5,41,19500,40.99,,,
28FEB2017,FML,0831,Feroze 1888,140,140,133.48,133.48,2700,140.5,,,
28FEB2017,SMTM,0831,Samin Textile,9,9.14,8.9,9.1,34500,8.92,,,
28FEB2017,SERF,0831,Service Fabrics,11.6,12.25,11.55,11.62,51500,11.92,,,
28FEB2017,YOUW,0831,Yousuf Weaving,4.8,5.5,4.62,5.17,405500,4.85,,,
28FEB2017,ZTL,0831,Zephyr Textile,12.65,12.65,12.65,12.65,500,13.15,,,
28FEB2017,ADMM,0829,Artistic Denim,73.24,73.24,73.24,73.24,2500,72.48,,,
28FEB2017,ARUJ,0829,Aruj Industries,24,24,24,24,6000,25.25,,,
28FEB2017,CHBL,0829,Chenab Limited,5.71,5.85,5.55,5.65,132500,5.84,,,
28FEB2017,CLCPS,0829,Chenab Ltd.(Pref),2.91,2.92,2.82,2.86,72500,2.9,,,
28FEB2017,CRTM,0829,Crescent Tex.,25.53,25.77,24.39,24.41,566500,25.67,,,
28FEB2017,NCL,0829,Nishat (Chun.),63.9,63.9,61.9,62.46,4889500,65.15,,,
28FEB2017,DLL,0829,Dawood Law,227,236,225.11,230.56,1300,236.95,,,
28FEB2017,REWM,0829,Reliance Weaving,42.47,44,42.47,43.5,7500,44.7,,,
28FEB2017,GFIL,0829,Ghazi Fabrics,7.01,7.01,6.51,6.97,11000,7.4,,,
28FEB2017,GATM,0829,Gul Ahmed,43,43.7,41.91,42.11,622000,42.69,,,
28FEB2017,HAEL,0829,Hala Enterprise,10.02,10.02,10,10,13000,10.25,,,
28FEB2017,JUBS,0829,Jubilee Spinning,6.23,6.33,6,6.24,24000,5.82,,,
28FEB2017,KML,0829,Kohinoor Mills,52,52,49.1,49.5,18500,51.62,,,
28FEB2017,KOIL,0829,Kohinoor Ind.,6.35,7.49,6.33,6.88,258500,6.9,,,
28FEB2017,KTML,0829,Kohinoor Textile,117.1,118,117,117.5,41000,119,,,
28FEB2017,ANL,0829,Azgard Nine,8.85,9.05,8.43,8.76,3848000,8.83,,,
28FEB2017,MEHT,0829,Mehmood Tex.,226,226,224,224.18,1100,235,,,
28FEB2017,MTIL,0829,Mian Textile,4.91,5.75,4.91,5.37,254000,4.9,,,
28FEB2017,MFTM,0829,Mohd.Farooq,4.58,4.75,4.35,4.41,126000,4.42,,,
28FEB2017,NML,0829,Nishat Mills Ltd,169.8,172.48,166.3,170.59,1136400,167.74,,,
28FEB2017,REDCO,0829,Redco Textile,7.75,7.75,7.7,7.7,4500,8.1,,,
28FEB2017,SFAT,0829,Safa Textile,0,19.7825,0,19.7825,0,20.36,,,
28FEB2017,SURC,0829,Suraj Cotton,142,142,142,142,100,142,,,
28FEB2017,TOWL,0829,Towellers Limited,67,67,63,63.99,126000,64.01,,,
28FEB2017,BNWM,0835,Bannu Woollen,71.99,73.5,71,73.5,23000,70,,,
28FEB2017,AGL,0805,Agritech Limited,12.3,12.65,12.02,12.29,204000,12.34,,,
28FEB2017,DSFL,0827,Dewan Salman,4.08,4.25,3.93,4.04,1319000,4.13,,,
28FEB2017,IBFL,0827,Ibrahim Fibres,76.01,77.2,76.01,76.11,2500,77.32,,,
28FEB2017,PSYL,0827,Pak Synthetics,33,33,30.41,30.82,29500,31.99,,,
28FEB2017,RUPL,0827,Rupali Polyester,21.2,21.2,21.2,21.2,500,20.25,,,
28FEB2017,TRPOL,0827,Tri-Star Polyester,13,14.11,12.85,14.11,133500,13.11,,,
28FEB2017,CJPL,0814,Crescent Jute,4.7,5.13,4.7,4.84,3500,5.05,,,
28FEB2017,THALL,0802,Thal Limited,529.98,530.01,502.03,527.59,57900,527.61,,,
28FEB2017,ADAMS,0826,Adam SugarXD,52,55.05,51.9,53.99,34500,54.36,,,
28FEB2017,AABS,0826,AL-Abbas SugarXD,249,249,249,262,100,262,,,
28FEB2017,AGSML,0826,Abdullah Shah,7.1,7.4,6.52,6.91,745000,7.52,,,
28FEB2017,ALNRS,0826,AL-Noor Sugar,0,90,90,90,1000,90,,,
28FEB2017,ANSM,0826,Ansari Sugar,14.12,15.8,14.05,14.94,16000,15.05,,,
28FEB2017,CHAS,0826,Chashma SugarXD,83.03,85,83,84.95,5000,84.2,,,
28FEB2017,IMSL,0826,Imperial Sugar Ltd.,29.6,29.74,28.75,28.75,149500,30.26,,,
28FEB2017,DWSM,0826,Dewan Sugar,7.8,7.96,7.13,7.39,71000,7.55,,,
28FEB2017,EFOODS,0810,Engro Foods Ltd.,182,184.5,176.45,178.79,879500,181.93,,,
28FEB2017,FRSM,0826,Faran SugarXD,148.05,148.05,148.01,148.03,200,150,,,
28FEB2017,HABSM,0826,Habib Sugar,50.2,50.2,49.99,50,17000,50,,,
28FEB2017,HAL,0826,Habib-ADM Ltd,21.41,21.86,21.4,21.86,3000,21.73,,,
28FEB2017,HWQS,0826,Haseeb Waqas Sugar,12.3,12.5,11.1,12.21,430500,12.04,,,
28FEB2017,HSM,0826,Husein Sugar Mills,44.99,45.29,43.6,44.38,84000,44.72,,,
28FEB2017,JSML,0826,Jauharabad SugXD,60,60,58.45,59.15,1500,61.5,,,
28FEB2017,MIRKS,0826,Mirpurkhas Sugar,235,237.5,235,235,5500,229,,,
28FEB2017,MZSM,0826,Mirza Sugar,5.51,5.83,5.26,5.5,68500,5.49,,,
28FEB2017,NONS,0826,Noon SugarXD,90.1,93.93,90,93.44,24000,92.05,,,
28FEB2017,PNGRS,0826,Pangrio Sugar,5.35,5.8,5.21,5.59,26000,5.98,,,
28FEB2017,SKRS,0826,Sakrand Sugar,9.19,9.76,9.19,9.7,64500,8.76,,,
28FEB2017,SANSM,0826,Sanghar SugarXD,40,40.1,38,38,4500,39.5,,,
28FEB2017,SHSML,0826,Shahmurad Sugar,52,52,52,52,1500,54.5,,,
28FEB2017,SML,0826,Shakarganj Limited,63,64.5,60.15,61.35,1279500,62.27,,,
28FEB2017,SASML,0826,Sindh Abadgar,20.12,20.12,20.12,20.12,1000,21.17,,,
28FEB2017,ACPL,0804,Attock Cement,360,360,360,360,8000,362.75,,,
28FEB2017,BWCL,0804,Bestway Cement,299,305,295.99,300.16,29300,301.82,,,
28FEB2017,CHCC,0804,Cherat CementXD,179,182,179,180,113400,179.05,,,
28FEB2017,DNCC,0804,Dandot Cement,16.34,16.34,14.91,15.89,4500,15.72,,,
28FEB2017,DGKC,0804,D.G.K.Cement,235,236.9,231.89,235.42,484400,235.11,,,
28FEB2017,AKZO,0805,Akzo Nobel Pak.,260.5,275.94,249.91,271.76,307200,263.05,,,
28FEB2017,POWER,0804,Power Cement Ltd.,17.26,17.65,16.75,16.94,14408000,17.75,,,
28FEB2017,FCCL,0804,Fauji Cement,44.6,44.75,44.2,44.62,1032500,44.61,,,
28FEB2017,FECTC,0804,Fecto Cement,128.3,128.5,124.5,124.92,9900,127,,,
28FEB2017,FLYNG,0804,Flying Cement,18.38,18.99,18.38,18.39,1842500,19.38,,,
28FEB2017,GWLC,0804,Gharibwal CementXD,62.5,65.22,61.2,64.82,1510000,62.12,,,
28FEB2017,JVDC,0804,Javedan Corp.,36,38.4,36,37.77,207500,36.75,,,
28FEB2017,KOHC,0804,Kohat Cement,270,273,269.01,271.23,30600,270.19,,,
28FEB2017,LUCK,0804,Lucky Cement,878,878,866.01,870.08,102050,874.5,,,
28FEB2017,MLCF,0804,MapleLeafCement,126.89,127.97,125.01,125.59,57300,126.97,,,
28FEB2017,DCL,0804,Dewan Cement,27.65,28.1,26.24,26.25,6231000,27.62,,,
28FEB2017,PIOC,0804,Pioneer Cement,145,145,143,144.42,80400,144.01,,,
28FEB2017,SMCPL,0804,Safe Mix Con.Ltd,10.02,11.2,10,10.51,959500,10.22,,,
28FEB2017,THCCL,0804,Thatta Cement,43.5,44.49,43.5,44.12,216000,44.01,,,
28FEB2017,KHTC,0832,Khyber Tobacco,1035,1041.96,1030,1041.96,700,992.35,,,
28FEB2017,PAKT,0832,Pak Tobacco,1210.06,1297.49,1210.05,1297.49,1720,1235.71,,,
28FEB2017,ATRL,0825,Attock Refinery,440,445.5,425.6,439.47,378500,440.48,,,
28FEB2017,BYCO,0825,Byco Petroleum,20.75,20.8,19.71,19.98,4793500,20.74,,,
28FEB2017,NRL,0825,National Refinery,705.01,742,677,721.4,280000,710.37,,,
28FEB2017,PRL,0825,Pak Refinery,42.07,42.84,41.9,42.59,865000,42.45,,,
28FEB2017,ALTN,0824,Altern Energy,41.5,41.5,40.75,41,54500,41,,,
28FEB2017,EPQL,0824,Engro Powergen,33,33.95,32.5,32.54,428500,32.95,,,
28FEB2017,AEL,0824,Arshad Energy,14,14,14,14,1000,14.6,,,
28FEB2017,JPGL,0824,Japan Power,6.1,6.25,5.8,5.93,1350500,6.11,,,
28FEB2017,HUBC,0824,Hub Power Co.,131.25,133.49,130.5,130.9,736200,131.81,,,
28FEB2017,KEL,0824,K-Electric Ltd.,9.52,9.65,9.5,9.53,14442500,9.55,,,
28FEB2017,KOHE,0824,Kohinoor Energy,41.45,42,41.45,41.54,53500,41.85,,,
28FEB2017,KOHP,0824,Kohinoor Power,8.24,8.79,8.15,8.51,57000,8.89,,,
28FEB2017,LPL,0824,Lalpir Power,22.23,22.5,21.71,22,199000,22.01,,,
28FEB2017,KAPCO,0824,Kot Addu Power,80.1,80.7,79.76,79.88,147500,80.07,,,
28FEB2017,NCPL,0824,Nishat ChunPow,49,49.85,48.01,48.38,229500,48.96,,,
28FEB2017,NPL,0824,Nishat Power,55.02,55.2,55,55.17,16500,55,,,
28FEB2017,PKGP,0824,Pakgen Power,24.35,24.75,24.13,24.25,137000,23.93,,,
28FEB2017,SPWL,0824,Saif Power Ltd.,30.75,31.1,30.5,30.5,173000,31.03,,,
28FEB2017,TSPL,0824,Tri-Star Power XD,8.5,9.8,8.5,9.67,423000,8.8,,,
28FEB2017,APL,0821,Attock PetroleumXD,620,627,615,624.88,18100,620.55,,,
28FEB2017,PSO,0821,P.S.O.,444,447.8,435.1,440.21,206800,443.6,,,
28FEB2017,BPL,0821,Burshane LPG,65,68.26,65,68.24,34000,65.01,,,
28FEB2017,SHEL,0821,Shell Pakistan,607,609,595,597.71,18200,603.13,,,
28FEB2017,SSGC,0821,Sui South Gas,39.89,40.7,38.85,39.99,4151000,39.65,,,
28FEB2017,SNGP,0821,Sui North Gas,114.5,121,113.25,119.56,11099000,115.3,,,
28FEB2017,HASCOL,0821,Hascol Petrol,315.31,322.95,313,318.74,300600,316.48,,,
28FEB2017,HTL,0821,HI-Tech Lubri.,109.95,110.74,105.1,106.73,301300,109.76,,,
28FEB2017,MARI,0820,Mari PetroleumXD,1350,1350,1332,1340,42800,1349.76,,,
28FEB2017,OGDC,0820,Oil & Gas Dev.,157.55,159.1,157,157.47,692800,157.5,,,
28FEB2017,POL,0820,Pak OilfieldsXD,473.5,477.98,469.02,475.43,211600,473.72,,,
28FEB2017,PPL,0820,Pak PetroleumXD,174.75,175.39,173.75,174.59,408500,175,,,
28FEB2017,ADOS,0808,Ados Pakistan,56,57.8,52.8,52.8,25000,55.57,,,
28FEB2017,ASL,0808,Aisha Steel Mill,23.8,24.15,22.61,23.46,17093500,23.8,,,
28FEB2017,ASTL,0808,Amreli Steels,80,82.73,80,81.54,234000,81.15,,,
28FEB2017,BCL,0808,Bolan Casting,111,111,106,106,4000,107.84,,,
28FEB2017,DADX,0808,Dadex Eternit,60,66,59.85,65.08,5500,63,,,
28FEB2017,DSL,0808,Dost Steels Ltd.,14.1,14.25,13.6,14.1,6630000,14.19,,,
28FEB2017,CSAP,0808,Crescent Steel,205.61,215.8,201.12,211.39,680200,205.61,,,
28FEB2017,DKL,0808,Drekkar Kings,10.21,10.5,10.21,10.37,18000,10.6,,,
28FEB2017,HSPI,0808,Huffaz Seamless,25.8,26.04,25.8,26.04,31500,24.8,,,
28FEB2017,INIL,0808,Int. Ind.Ltd.XD,245,263.49,245,258.76,215100,253.41,,,
28FEB2017,ISL,0808,Inter.Steel Ltd,127,132.27,125.05,131.76,4010500,125.99,,,
28FEB2017,KSBP,0808,K.S.B.Pumps,336,348.1,335,340.51,6700,350.02,,,
28FEB2017,MUGHAL,0808,Mughal Iron&Ste,112.7,115.8,112.5,114.98,169000,112.35,,,
28FEB2017,PECO,0808,Pak Engineering,286,300,286,300,200,300.76,,,
28FEB2017,AGTL,0801,AL-Ghazi Tractors,526,538,525,536.43,16900,526.37,,,
28FEB2017,ATLH,0801,Atlas Honda Ltd,573,573,573,573,150,573.5,,,
28FEB2017,DFML,0801,Dewan Motors,32.39,33.24,30.76,30.91,1883500,32.37,,,
28FEB2017,GAIL,0801,Ghani Automobile,13.7,14.38,13.52,14.18,2711500,13.71,,,
28FEB2017,GHNI,0801,Ghandhara Ind.,905,909,861.13,873.93,55800,901.38,,,
28FEB2017,GHNL,0801,Ghand Nissan,320,320.94,312,315.82,74300,322.38,,,
28FEB2017,HCAR,0801,Honda Atlas Cars,783.07,783.5,765,774.44,52050,782.92,,,
28FEB2017,INDU,0801,Indus Motor Co,1590,1620,1588,1595,36320,1596.55,,,
28FEB2017,MTL,0801,Millat Tractors,1150,1159,1125,1150.46,147650,1151.61,,,
28FEB2017,PSMC,0801,Pak Suzuki,686.15,700,665.48,696.76,4600,700.5,,,
28FEB2017,SAZEW,0801,Sazgar Eng.,92,92,88,89.28,48000,91.79,,,
28FEB2017,AGIL,0802,Agriautos Ind.,279.72,279.99,275,277.3,2000,275,,,
28FEB2017,ATBA,0802,Atlas Battery,903,940,903,930.9,2050,950,,,
28FEB2017,EXIDE,0802,Exide (PAK),862,862,860.1,860.64,200,860.63,,,
28FEB2017,GTYR,0802,General Tyre,266,273.5,265,271.45,197300,264.68,,,
28FEB2017,LOADS,0802,Loads Limited,50.98,51.32,50.3,50.67,490500,50.73,,,
28FEB2017,JOPP,0803,Johnson & Philips,38.5,38.5,36.76,37.5,11500,38.69,,,
28FEB2017,PCAL,0803,Pakistan CablesXD,302.01,319.99,302,311,1100,315.68,,,
28FEB2017,PAEL,0803,Pak Elektron,84.21,85.24,83.15,84.37,2132000,84.43,,,
28FEB2017,TPL,0803,TPL Trakker Ltd,13.6,14,13.35,13.73,1784500,13.7,,,
28FEB2017,AVN,0828,Avanceon Ltd,51,52.4,49.75,49.82,68000,50.94,,,
28FEB2017,SING,0803,Singer Pak.,68,68,64.5,66.04,129000,67.6,,,
28FEB2017,SIEM,0803,Siemens Pak.,898.99,898.99,876,883.5,2980,889.62,,,
28FEB2017,SPEL,0818,Synthetic ProdXB,66,66,65,65.53,8000,65.99,,,
28FEB2017,PNSC,0833,P.N.S.C,162.61,165,162.61,162.61,142700,171.16,,,
28FEB2017,PIBTL,0833,Pak Int.Bulk,28.34,28.57,28,28.31,3160000,28.12,,,
28FEB2017,PIBTLR2,0833,Pak Int Bulk(R),17.5,18,17.11,17.71,2561000,17.56,,,
28FEB2017,PIAA,0833,P.I.A.C.(A),8,8.02,7.72,7.96,1950500,7.94,,,
28FEB2017,HUMNL,0828,Hum Network,12.7,13.55,12.6,13.55,600000,12.55,,,
28FEB2017,NETSOL,0828,Netsol Tech.,79.99,79.99,75.25,78.65,284000,78.24,,,
28FEB2017,PAKD,0828,Pak Datacom,77.9,77.9,77.86,77.86,4000,81.95,,,
28FEB2017,MDTL,0828,Media Times Ltd,4.11,4.18,4.05,4.08,776500,4.09,,,
28FEB2017,SYS,0828,Systems Limited,87.5,93.13,87.5,90.98,98000,88.71,,,
28FEB2017,PTC,0828,P.T.C.L.,16.8,16.9,16.7,16.79,412500,16.8,,,
28FEB2017,TRG,0828,TRG Pak Ltd,54.4,56.8,54.05,55.98,8174500,54.8,,,
28FEB2017,TELE,0828,Telecard Limited,4.24,4.24,4.01,4.07,1594500,4.27,,,
28FEB2017,WTL,0828,WorldCall Telecom,2.21,2.25,2.12,2.17,1105500,2.22,,,
28FEB2017,DAWH,0809,Dawood Hercules,140,142,132.8,135.97,177100,139.59,,,
28FEB2017,ENGRO,0809,Engro Corp,373.5,383.5,369.01,380.01,1402100,373.19,,,
28FEB2017,EFERT,0809,Engro Fert.,67.75,68.21,66.95,67.87,1455500,67.41,,,
28FEB2017,FFBL,0809,Fauji Fert Bin,53.49,53.5,51.75,52.57,662000,52.79,,,
28FEB2017,FFC,0809,Fauji Fert.,108.55,108.55,107.9,108.1,368000,108.66,,,
28FEB2017,ABOT,0823,Abbott Lab.,985,1025.37,936,1003.9,24800,976.55,,,
28FEB2017,FEROZ,0823,Ferozsons (Lab)XD,573,574,556,562.33,8600,571.83,,,
28FEB2017,GLAXO,0823,GlaxoSmithKline,227.5,229.79,225,225.54,63400,227.19,,,
28FEB2017,HINOON,0823,Highnoon (Lab),638,638,619,624.11,5400,613.33,,,
28FEB2017,SAPL,0823,Sanofi-Aventis,2440,2440,2400,2400,340,2350,,,
28FEB2017,OTSU,0823,Otsuka Pak,212.01,231.31,211.5,223.15,1900,222.34,,,
28FEB2017,SEARL,0823,The Searle Co.,670,670,641,656.36,690150,654.65,,,
28FEB2017,WYETH,0823,Wyeth Pak Ltd,3899.99,3899.99,3770,3800,340,3766.88,,,
28FEB2017,BAPL,0805,Bawany Air Products,13.03,13.03,12.1,12.59,57000,13.09,,,
28FEB2017,BIFO,0805,Biafo Ind.,244.99,244.99,227.98,229.06,24300,239.97,,,
28FEB2017,BERG,0805,Berger Paints,219.99,226,208.25,210.62,36500,218.11,,,
28FEB2017,BUXL,0805,Buxly Paints,130,140.28,130,140.01,3500,133.6,,,
28FEB2017,ARPL,0805,Archroma Pak,665,665,650,654.99,10600,658,,,
28FEB2017,CTM,0830,Colony Tex.Mills Ltd,5.45,5.5,5.1,5.22,166000,5.32,,,
28FEB2017,DOL,0805,Descon Oxychem,18.54,18.7,17.7,18,371500,18.15,,,
28FEB2017,DAAG,0805,Data Agro      ,16.78,16.78,16.55,16.55,3500,17.5,,,
28FEB2017,DYNO,0805,Dynea Pakistan,64,64.9,63,63.99,26000,63.08,,,
28FEB2017,EPCL,0805,Engro Polymer,24,24.99,23.37,24.75,3199000,23.82,,,
28FEB2017,FATIMA,0809,Fatima Fert.,38.72,40,38.15,39.3,187500,38.64,,,
28FEB2017,GGL,0805,Ghani Gases,32.05,32.5,31.28,31.28,3162500,32.92,,,
28FEB2017,ICI,0805,ICI PakistanXD,985,1030.4,980,1030.19,42450,981.34,,,
28FEB2017,ICL,0805,Ittehad Chem.,40.25,41,39.8,39.99,205000,40.34,,,
28FEB2017,LOTCHEM,0805,Lotte Chemical,10.68,10.89,10.28,10.78,8257500,10.51,,,
28FEB2017,PPVC,0805,Pak.P.V.C.,9.8,9.8,9.66,9.66,1500,10.46,,,
28FEB2017,NICL,0805,Nimir Ind.Chem.,46,48.3,46,48.3,464500,46,,,
28FEB2017,LINDE,0805,Linde Pakistan,283.45,288.9,280.29,280.29,146500,295.04,,,
28FEB2017,NRSL,0805,Nimir Resins,10.57,10.7,10,10.43,1063500,10.47,,,
28FEB2017,SARC,0805,Sardar Chemical,18.84,18.84,18.8,18.84,41500,17.84,,,
28FEB2017,SHCI,0805,Shaffi Chemical,10.22,10.22,10.22,10.22,28500,11.22,,,
28FEB2017,SITC,0805,Sitara Chemical,535,535,526.5,526.5,3500,535,,,
28FEB2017,SPL,0805,Sitara Peroxide,25,25.24,24.05,24.73,146500,25.31,,,
28FEB2017,WAHN,0805,Wah-Noble,131.78,131.78,131.78,131.78,3300,125.51,,,
28FEB2017,BPBL,0822,B.P.Board,11.2,12.47,11.2,12,8500,11.47,,,
28FEB2017,CEPB,0822,Century Paper,77.5,77.5,72,73.5,47000,75.52,,,
28FEB2017,CPPL,0822,Cherat PackXD,296,305,290,297.58,65500,296.6,,,
28FEB2017,MERIT,0822,Merit Packaging,26.5,26.5,25.3,25.44,119000,26.63,,,
28FEB2017,PKGS,0822,Packages Ltd.,860,860,850,853.55,23350,857.56,,,
28FEB2017,RPL,0822,Roshan Packages,86.7,86.7,81.94,81.94,978500,86.25,,,
28FEB2017,SEPL,0822,Security Paper,142.1,142.5,142,142.5,1500,142.4,,,
28FEB2017,SSOM,0834,S.S.Oil,49,49,46.98,46.98,11500,49.45,,,
28FEB2017,LEUL,0816,Leather Up Ltd.,18,19.26,18,18.99,23500,18.26,,,
28FEB2017,SRVI,0816,Service Ind.Ltd,1440.01,1485,1430,1440,4360,1455,,,
28FEB2017,ASC,0810,Al-Shaheer Corp,46,46,43.55,44.76,332500,45.58,,,
28FEB2017,CLOV,0810,Clover Pakistan,65.49,65.49,59.82,59.82,119500,62.96,,,
28FEB2017,IBLHL,0823,IBL HealthCare,134.02,137.99,133.02,136.55,17600,137.02,,,
28FEB2017,NESTLE,0810,Nestle Pakistan,9155,9155,9155,9155,20,9450,,,
28FEB2017,MUREB,0810,Murree Brewery,753,753,732.05,733.78,2850,744.79,,,
28FEB2017,NATF,0810,National Foods,335,354,335,351.9,3400,340,,,
28FEB2017,FFL,0810,Fauji Foods Ltd,105,104.98,101.15,103.37,96500,105.15,,,
28FEB2017,FFLNV,0810,Fauji FoodsNonV,100.15,104,100.11,103.5,2500,103.1,,,
28FEB2017,QUICE,0810,Quice Food,8.26,8.42,8.1,8.28,374500,8.37,,,
28FEB2017,UPFL,0810,Unilever Foods,5801,5801,5750,5750,40,5825,,,
28FEB2017,RMPL,0810,Rafhan Maize,7800,7800,7800,7800,20,7710,,,
28FEB2017,TREET,0810,Treet Corp,74.51,74.55,70.65,73.09,1276500,73.93,,,
28FEB2017,ZIL,0810,ZIL Limited,126,126,120.71,122.5,24500,126.49,,,
28FEB2017,BGL,0811,Bal.Glass,13.75,14.5,13.75,14.08,93000,14.11,,,
28FEB2017,EMCO,0811,EMCO Industries,33,33,32.43,33,22000,34.13,,,
28FEB2017,FRCL,0811,Frontier Ceram,11.35,11.39,10.3,10.67,6500,11,,,
28FEB2017,GHGL,0811,Ghani Glass Ltd,132,132.25,131.49,132,32800,131.74,,,
28FEB2017,GGGL,0811,GhaniGlobalGlass,23.75,24.85,22.49,24.67,1351000,23.67,,,
28FEB2017,GVGL,0811,Ghani Value Gla.,22.3,23.11,22.3,23.11,27000,22.01,,,
28FEB2017,TGL,0811,Tariq Glass Ind.,103,107.8,102.01,104.99,239300,103.58,,,
28FEB2017,STCL,0811,Shabbir Tiles,13.65,14.09,13.03,13.8,917500,13.46,,,
28FEB2017,GAMON,0818,Gammon Pak,35.99,37.84,35.99,37.84,15500,36.04,,,
28FEB2017,AKGL,0818,AL-Khair Gadoon,11.2,11.2,11.15,11.15,6000,12.1,,,
28FEB2017,HADC,0818,Haydery Const,4.5,4.5,4.25,4.25,3000,4.76,,,
28FEB2017,MACFL,0818,MACPAC Films,23.7,23.7,23.1,23.1,4500,23.8,,,
28FEB2017,ECOP,0818,ECOPACK Ltd,26.05,26.05,26.05,26.05,8000,27.42,,,
28FEB2017,PACE,0818,Pace (Pak) Ltd.,9,9.34,8.8,9,3161500,8.92,,,
28FEB2017,PHDL,0818,Pak Hotels,120.44,120.44,120.44,115.39,100,115.39,,,
28FEB2017,SHFA,0818,Shifa Int.Hosp,260,260,250.49,251,8300,263.67,,,
28FEB2017,STPL,0818,Siddiqsons Tin,19.4,19.7,18.53,18.91,514000,19.53,,,
28FEB2017,TRIPF,0818,Tri-Pack Films,253.5,257,251,254.15,7200,257.15,,,
28FEB2017,UDPL,0818,United Dist.,92.9,92.9,88,89.5,1500,89.99,,,
28FEB2017,HBLTFC,36,HBLTFC Priv. Placed,0,100,0,100,0,100,,,
28FEB2017,BAFLTFC5,36,Bank Alfalah(TFC),0,102.8409,0,102.8409,0,102.8409,,,
28FEB2017,NIBTFC2,36,NIB Bank,0,101.15,0,101.15,0,101.15,,,
28FEB2017,KELSC4,36,K-Elect(SUKUK-4,0,103.5,0,103.5,0,103.5,,,
28FEB2017,FATIMASC,36,Fatima Fert(Suk,0,102.6068,0,102.6068,0,102.6068,,,
28FEB2017,ATRL-MAR,40,ATRL-MAR,445.79,448,429,441.31,804500,444.09,,,
28FEB2017,FCCL-MAR,40,FCCL-MAR,45.25,45.25,44.58,45.03,185500,45.09,,,
28FEB2017,UBL-MAR,40,UBL-MAR,240,243.9,240,243.9,3500,244.39,,,
28FEB2017,HBL-MAR,40,HBL-MAR,269,269,267,269,4500,272,,,
28FEB2017,HBL-CMAR,40,HBL-CMAR,0,275.03,0,275.03,0,275.98,,,
28FEB2017,AICL-CMAR,40,AICL-CMAR,0,75.04,0,75.04,0,74.78,,,
28FEB2017,AKBL-CMAR,40,AKBL-CMAR,0,24.09,0,24.09,0,23.75,,,
28FEB2017,ATRL-CMAR,40,ATRL-CMAR,0,443.42,0,443.42,0,444.57,,,
28FEB2017,BAFL-CMAR,40,BAFL-CMAR,0,39.32,0,39.32,0,38.56,,,
28FEB2017,BAHL-CMAR,40,BAHL-CMAR,0,54.76,0,54.76,0,54.38,,,
28FEB2017,ENGRO-CMAR,40,ENGRO-CMAR,0,383.43,0,383.43,0,376.66,,,
28FEB2017,FCCL-CMAR,40,FCCL-CMAR,0,45.02,0,45.02,0,45.02,,,
28FEB2017,FFBL-CMAR,40,FFBL-CMAR,0,53.04,0,53.04,0,53.28,,,
28FEB2017,FFC-CMAR,40,FFC-CMAR,0,109.07,0,109.07,0,109.67,,,
28FEB2017,HUBC-CMAR,40,HUBC-CMAR,0,132.08,0,132.08,0,133.03,,,
28FEB2017,KAPCO-CMAR,40,KAPCO-CMAR,0,80.6,0,80.6,0,80.81,,,
28FEB2017,MCB-CMAR,40,MCB-CMAR,0,229.24,0,229.24,0,231.15,,,
28FEB2017,NML-CMAR,40,NML-CMAR,0,172.12,0,172.12,0,169.3,,,
28FEB2017,POL-CMAR,40,POL-CMAR,0,479.71,0,479.71,0,478.12,,,
28FEB2017,PPL-CMAR,40,PPL-CMAR,0,176.16,0,176.16,0,176.62,,,
28FEB2017,PSO-CMAR,40,PSO-CMAR,0,444.17,0,444.17,0,447.72,,,
28FEB2017,UBL-CMAR,40,UBL-CMAR,0,246.93,0,246.93,0,248.32,,,
28FEB2017,HBL-CMAY,40,HBL-CMAY,0,279.32,0,279.32,0,280.29,,,
28FEB2017,AKBL-CMAY,40,AKBL-CMAY,0,24.47,0,24.47,0,24.12,,,
28FEB2017,ATRL-CMAY,40,ATRL-CMAY,0,450.34,0,450.34,0,451.51,,,
28FEB2017,BAFL-CMAY,40,BAFL-CMAY,0,39.93,0,39.93,0,39.17,,,
28FEB2017,ENGRO-CMAY,40,ENGRO-CMAY,0,389.41,0,389.41,0,382.54,,,
28FEB2017,FABL-CMAY,40,FABL-CMAY,0,23.74,0,23.74,0,24.14,,,
28FEB2017,FCCL-CMAY,40,FCCL-CMAY,0,45.72,0,45.72,0,45.73,,,
28FEB2017,FFBL-CMAY,40,FFBL-CMAY,0,53.87,0,53.87,0,54.11,,,
28FEB2017,FFC-CMAY,40,FFC-CMAY,0,110.77,0,110.77,0,111.38,,,
28FEB2017,HUBC-CMAY,40,HUBC-CMAY,0,134.14,0,134.14,0,135.11,,,
28FEB2017,KAPCO-CMAY,40,KAPCO-CMAY,0,81.86,0,81.86,0,82.08,,,
28FEB2017,MCB-CMAY,40,MCB-CMAY,0,232.82,0,232.82,0,234.76,,,
28FEB2017,NML-CMAY,40,NML-CMAY,0,174.81,0,174.81,0,171.94,,,
28FEB2017,PSO-CMAY,40,PSO-CMAY,0,451.1,0,451.1,0,454.71,,,
28FEB2017,UBL-CMAY,40,UBL-CMAY,0,250.78,0,250.78,0,252.2,,,
28FEB2017,HBL-CAPR,40,HBL-CAPR,0,277.25,0,277.25,0,278.21,,,
28FEB2017,AKBL-CAPR,40,AKBL-CAPR,0,24.29,0,24.29,0,23.94,,,
28FEB2017,ATRL-CAPR,40,ATRL-CAPR,0,447.01,0,447.01,0,448.16,,,
28FEB2017,BAFL-CAPR,40,BAFL-CAPR,0,39.64,0,39.64,0,38.88,,,
28FEB2017,ENGRO-CAPR,40,ENGRO-CAPR,0,386.53,0,386.53,0,379.7,,,
28FEB2017,FCCL-CAPR,40,FCCL-CAPR,0,45.39,0,45.39,0,45.39,,,
28FEB2017,FFBL-CAPR,40,FFBL-CAPR,0,53.47,0,53.47,0,53.71,,,
28FEB2017,FFC-CAPR,40,FFC-CAPR,0,109.95,0,109.95,0,110.56,,,
28FEB2017,HUBC-CAPR,40,HUBC-CAPR,0,133.14,0,133.14,0,134.11,,,
28FEB2017,KAPCO-CAPR,40,KAPCO-CAPR,0,81.25,0,81.25,0,81.47,,,
28FEB2017,MCB-CAPR,40,MCB-CAPR,0,231.1,0,231.1,0,233.02,,,
28FEB2017,NML-CAPR,40,NML-CAPR,0,173.52,0,173.52,0,170.67,,,
28FEB2017,PSO-CAPR,40,PSO-CAPR,0,447.76,0,447.76,0,451.34,,,
28FEB2017,UBL-CAPR,40,UBL-CAPR,0,248.93,0,248.93,0,250.33,,,
28FEB2017,BOP-CMAR,40,BOP-CMAR,0,15.13,0,15.13,0,14.92,,,
28FEB2017,DGKC-CMAR,40,DGKC-CMAR,0,237.54,0,237.54,0,237.29,,,
28FEB2017,BOP-CAPR,40,BOP-CAPR,0,15.26,0,15.26,0,15.04,,,
28FEB2017,DGKC-CAPR,40,DGKC-CAPR,0,239.46,0,239.46,0,239.21,,,
28FEB2017,DGKC-CMAY,40,DGKC-CMAY,0,241.24,0,241.24,0,241,,,
28FEB2017,NCL-MAR,40,NCL-MAR,63.46,63.6,62.28,62.74,3377500,65.55,,,
28FEB2017,NCL-CMAY,40,NCL-CMAY,0,64.01,0,64.01,0,66.78,,,
28FEB2017,HUBC-MAR,40,HUBC-MAR,132.51,132.51,131,131.5,6500,133.25,,,
28FEB2017,PSO-MAR,40,PSO-MAR,448,450.5,438,443.85,179500,447.74,,,
28FEB2017,MCB-MAR,40,MCB-MAR,226,227,224,225,19500,226.99,,,
28FEB2017,NML-MAR,40,NML-MAR,169.73,173.49,168.21,171.82,613500,169.35,,,
28FEB2017,PTC-MAR,40,PTC-MAR,17.15,17.15,16.79,16.85,245500,17.05,,,
28FEB2017,ENGRO-MAR,40,ENGRO-MAR,368,381.9,367,378.44,907000,370.52,,,
28FEB2017,FFC-MAR,40,FFC-MAR,106.5,107,106.1,106.32,83500,107.02,,,
28FEB2017,FFBL-MAR,40,FFBL-MAR,53.7,53.7,51.9,52.62,194000,52.81,,,
28FEB2017,DGKC-MAR,40,DGKC-MAR,235.94,238,232.88,236.6,438000,236.81,,,
28FEB2017,NBP-MAR,40,NBP-MAR,75.92,77.25,74,75.71,183500,76.16,,,
28FEB2017,MLCF-MAR,40,MLCF-MAR,126.38,126.38,123.75,124.88,97000,125.74,,,
28FEB2017,BOP-MAR,40,BOP-MAR,14.95,15.2,14.65,15.09,5179500,14.93,,,
28FEB2017,FABL-MAR,40,FABL-MAR,21.5,22.5,21.5,22.02,8000,22.11,,,
28FEB2017,AKBL-MAR,40,AKBL-MAR,22.5,22.99,22.25,22.6,284500,22.48,,,
28FEB2017,OGDC-MAR,40,OGDC-MAR,157.5,159,157.01,157.86,47500,157.47,,,
28FEB2017,KAPCO-MAR,40,KAPCO-MAR,81,81,80.5,80.5,10000,81.25,,,
28FEB2017,PIOC-MAR,40,PIOC-MAR,0,145.76,0,145.76,0,145.39,,,
28FEB2017,BAFL-MAR,40,BAFL-MAR,39.13,39.39,38.17,38.92,54500,38.98,,,
28FEB2017,OGDC-CMAR,40,OGDC-CMAR,0,158.89,0,158.89,0,158.96,,,
28FEB2017,PTC-CMAR,40,PTC-CMAR,0,16.94,0,16.94,0,16.96,,,
28FEB2017,NBP-CMAR,40,NBP-CMAR,0,75.69,0,75.69,0,76.25,,,
28FEB2017,OGDC-CAPR,40,OGDC-CAPR,0,160.17,0,160.17,0,160.25,,,
28FEB2017,PTC-CAPR,40,PTC-CAPR,0,17.08,0,17.08,0,17.09,,,
28FEB2017,NBP-CAPR,40,NBP-CAPR,0,76.31,0,76.31,0,76.87,,,
28FEB2017,OGDC-CMAY,40,OGDC-CMAY,0,161.37,0,161.37,0,161.44,,,
28FEB2017,PTC-CMAY,40,PTC-CMAY,0,17.21,0,17.21,0,17.22,,,
28FEB2017,NBP-CMAY,40,NBP-CMAY,0,76.88,0,76.88,0,77.44,,,
28FEB2017,NCL-CMAR,40,NCL-CMAR,0,63.02,0,63.02,0,65.75,,,
28FEB2017,NCL-CAPR,40,NCL-CAPR,0,63.53,0,63.53,0,66.29,,,
28FEB2017,FATIMA-MAR,40,FATIMA-MAR,0,38.85,38.85,38.85,6000,38.85,,,
28FEB2017,FATIMA-CMAY,40,FATIMA-CMAY,0,40.27,0,40.27,0,39.61,,,
28FEB2017,EFOODS-CMAR,40,EFOODS-CMAR,0,180.4,0,180.4,0,183.62,,,
28FEB2017,FATIMA-CMAR,40,FATIMA-CMAR,0,39.65,0,39.65,0,39,,,
28FEB2017,EFOODS-CAPR,40,EFOODS-CAPR,0,181.86,0,181.86,0,185.1,,,
28FEB2017,FATIMA-CAPR,40,FATIMA-CAPR,0,39.97,0,39.97,0,39.31,,,
28FEB2017,EFOODS-MAR,40,EFOODS-MAR,172.7,174.99,167.5,170.43,966000,173.36,,,
28FEB2017,EFOODS-CMAY,40,EFOODS-CMAY,0,183.21,0,183.21,0,186.49,,,
28FEB2017,PIOC-CMAR,40,PIOC-CMAR,0,145.72,0,145.72,0,145.35,,,
28FEB2017,BOP-CMAY,40,BOP-CMAY,0,15.37,0,15.37,0,15.15,,,
28FEB2017,MLCF-CMAY,40,MLCF-CMAY,0,128.7,0,128.7,0,130.15,,,
28FEB2017,CHCC-CMAR,40,CHCC-CMAR,0,181.62,0,181.62,0,181.72,,,
28FEB2017,KEL-CMAR,40,KEL-CMAR,0,9.62,0,9.62,0,9.64,,,
28FEB2017,MLCF-CMAR,40,MLCF-CMAR,0,126.72,0,126.72,0,128.15,,,
28FEB2017,PAEL-CMAR,40,PAEL-CMAR,0,85.13,0,85.13,0,85.21,,,
28FEB2017,KEL-CAPR,40,KEL-CAPR,0,9.69,0,9.69,0,9.72,,,
28FEB2017,MLCF-CAPR,40,MLCF-CAPR,0,127.74,0,127.74,0,129.18,,,
28FEB2017,PAEL-CAPR,40,PAEL-CAPR,0,85.82,0,85.82,0,85.9,,,
28FEB2017,PAEL-MAR,40,PAEL-MAR,84.56,85.9,83.35,84.96,1945000,84.87,,,
28FEB2017,EFERT-MAR,40,EFERT-MAR,65.15,66.4,64.75,65.85,304500,65.38,,,
28FEB2017,KEL-MAR,40,KEL-MAR,9.7,9.7,9.52,9.6,1194000,9.65,,,
28FEB2017,EFERT-CMAY,40,EFERT-CMAY,0,69.55,0,69.55,0,69.1,,,
28FEB2017,KEL-CMAY,40,KEL-CMAY,0,9.77,0,9.77,0,9.79,,,
28FEB2017,PAEL-CMAY,40,PAEL-CMAY,0,86.46,0,86.46,0,86.54,,,
28FEB2017,EFERT-CMAR,40,EFERT-CMAR,0,68.48,0,68.48,0,68.04,,,
28FEB2017,EFERT-CAPR,40,EFERT-CAPR,0,69.03,0,69.03,0,68.59,,,
28FEB2017,ISL-MAR,40,ISL-MAR,127.51,133,125.62,132.11,2608000,126.94,,,
28FEB2017,POWER-MAR,40,POWER-MAR,17.51,17.67,17,17.08,5406500,18,,,
28FEB2017,TPL-MAR,40,TPL-MAR,13.99,14.1,13.25,13.91,1390000,13.86,,,
28FEB2017,TRG-MAR,40,TRG-MAR,54.91,57.1,54.5,56.49,13198500,55.45,,,
28FEB2017,ISL-CMAY,40,ISL-CMAY,0,135.02,0,135.02,0,129.15,,,
28FEB2017,POWER-CMAY,40,POWER-CMAY,0,17.36,0,17.36,0,18.19,,,
28FEB2017,TPL-CMAY,40,TPL-CMAY,0,14.07,0,14.07,0,14.04,,,
28FEB2017,TRG-CMAY,40,TRG-CMAY,0,57.36,0,57.36,0,56.17,,,
28FEB2017,ASTL-CMAR,40,ASTL-CMAR,0,82.27,0,82.27,0,81.9,,,
28FEB2017,TPL-CMAR,40,TPL-CMAR,0,13.85,0,13.85,0,13.83,,,
28FEB2017,TRG-CMAR,40,TRG-CMAR,0,56.48,0,56.48,0,55.31,,,
28FEB2017,ISL-CMAR,40,ISL-CMAR,0,132.95,0,132.95,0,127.16,,,
28FEB2017,HASCOL-CMAR,40,HASCOL-CMAR,0,321.61,0,321.61,0,319.42,,,
28FEB2017,TPL-CAPR,40,TPL-CAPR,0,13.97,0,13.97,0,13.94,,,
28FEB2017,TRG-CAPR,40,TRG-CAPR,0,56.94,0,56.94,0,55.76,,,
28FEB2017,ASTL-CAPR,40,ASTL-CAPR,0,82.94,0,82.94,0,82.57,,,
28FEB2017,HASCOL-CAPR,40,HASCOL-CAPR,0,324.21,0,324.21,0,322,,,
28FEB2017,ISL-CAPR,40,ISL-CAPR,0,134.02,0,134.02,0,128.19,,,
28FEB2017,TREET-MAR,40,TREET-MAR,75,75.3,71.35,73.75,749500,74.68,,,
28FEB2017,QUICE-MAR,40,QUICE-MAR,8.59,8.59,8.2,8.31,104500,8.44,,,
28FEB2017,QUICE-CMAY,40,QUICE-CMAY,0,8.48,0,8.48,0,8.58,,,
28FEB2017,TREET-CMAY,40,TREET-CMAY,0,74.9,0,74.9,0,75.78,,,
28FEB2017,DCR,0836,Dolmen City Reit,10.83,10.95,10.81,10.85,161000,10.81,,,
