06APR2018,GASF,0806,Golden Arrow,9.77,9.77,9.56,9.59,105500,9.64,,,
06APR2018,PGF,0806,PICIC Growth,31.44,31.5,30.6,31.14,19000,31,,,
06APR2018,PIF,0806,PICIC Inv.Fund,13.65,13.88,13.65,13.8,44000,13.6,,,
06APR2018,ARM,0819,Allied Rent.,18,18,18,18,2500,18,,,
06APR2018,BRR,0819,B.R.R.Guardian,8.06,8.1,8.05,8.1,7500,8.1,,,
06APR2018,FECM,0819,Elite Cap.Mod,2.85,2.87,2.75,2.82,6500,2.75,,,
06APR2018,FEM,0819,Equity Modaraba,4.01,4.02,4,4,27000,4.08,,,
06APR2018,CSM,0819,Cres. Stand.Mod,3.3,3.3,3.3,3.3,1000,3.13,,,
06APR2018,ORIXM,0819,Orix Modaraba,20.28,20.28,19.99,19.99,1500,19.36,,,
06APR2018,HMM,0819,Habib Metro Mod,10.1,10.1,10.1,10.1,3500,10.1,,,
06APR2018,MODAM,0819,Mod.Al-Mali,3.4,3.5,3.4,3.5,6000,3.5,,,
06APR2018,ORM,0819,Orient Rental M,10.4,10.4,10.4,10.4,2000,10.1,,,
06APR2018,FNBM,0819,Nat.Bank Mod.,2,2,2,2,3000,1.95,,,
06APR2018,PAKMI,0819,Pak Mod.,2.24,2.24,2.24,2.24,500,2.14,,,
06APR2018,FPRM,0819,Paramount Mod,6.2,6.2,6.2,6.2,500,6.9,,,
06APR2018,PMI,0819,Prud Mod.1st,1.98,2.02,1.9,1.94,63500,1.95,,,
06APR2018,FPJM,0819,Punjab ModXD,4.51,4.85,4.51,4.85,5500,4.85,,,
06APR2018,TRSM,0819,Trust Modaraba,4.6,5.35,4.6,5.35,1000,4.5,,,
06APR2018,FUDLM,0819,U.D.L.Modaraba,23.02,23.1,23.02,23.1,41000,23.45,,,
06APR2018,UCAPM,0819,Unicap Modaraba,1.1,1.1,1.1,1.1,500,1.1,,,
06APR2018,OLPL,0815,Orix Leasing,41.89,42,41.1,41.1,5000,41.5,,,
06APR2018,PGLC,0815,Pak Gulf Leasin,11.4,11.4,11.4,11.4,500,10.98,,,
06APR2018,SLCL,0815,Security Leasin,9,9,8.98,8.98,10500,8.99,,,
06APR2018,AHL,0813,Arif Habib Ltd.,51.5,51.5,50.15,50.51,35500,50.89,,,
06APR2018,AHCL,0809,Arif Habib Corp,34.98,35.5,34.98,35.23,680000,34.62,,,
06APR2018,ICIBL,0813,Invest Bank,1.53,1.55,1.51,1.51,26500,1.54,,,
06APR2018,FDIBL,0813,Ist.Dawood Bank,1.86,1.86,1.7,1.72,184000,1.7,,,
06APR2018,JSCL,0813,Jah.Sidd. Co.,18.69,19.57,18.51,19.57,3994500,18.57,,,
06APR2018,NEXT,0813,Next Capital,8.81,9.63,8.81,9.59,2000,9.38,,,
06APR2018,ESBL,0813,Escorts Bank,33.98,35.24,32.31,35.24,640000,33.57,,,
06APR2018,PSX,0813,Pak Stock Exchange,25.98,25.99,24.8,24.95,345000,25.3,,,
06APR2018,FCSC,0813,Ist.Capital Sec,2.18,2.29,2.14,2.17,128000,2.17,,,
06APR2018,FCIBL,0813,F.Credit & Inv,3.73,4.26,4.01,4.22,2000,4.45,,,
06APR2018,EFGH,0813,EFG Hermes Pak,58.1,59,57.95,57.95,6000,61,,,
06APR2018,FNEL,0813,F. Nat.Equities,5.48,5.59,5.48,5.54,19500,5.45,,,
06APR2018,JSIL,0813,JS Investments,10.65,10.8,10.65,10.8,6500,10.02,,,
06APR2018,DEL,0813,Dawood Equities,4,4,4,4,3500,4,,,
06APR2018,PASL,0813,Pervez Ahmed,0.95,0.96,0.91,0.94,135500,0.92,,,
06APR2018,SIBL,0813,Sec. Inv. Bank,6.8,6.8,6.1,6.1,1500,6.38,,,
06APR2018,TRIBL,0813,Trust Inv.Bank,1.55,1.6,1.5,1.5,35500,1.55,,,
06APR2018,TSBL,0813,Trust Brokerage,11.39,11.39,11.39,11.39,500,10.81,,,
06APR2018,ABL,0807,Allied Bank Ltd XD,101.79,101.8,98.98,99.61,113500,99.73,,,
06APR2018,SMBL,0807,Summit Bank,2.8,2.9,2.72,2.77,1362000,2.94,,,
06APR2018,AKBL,0807,Askari Bank,23.2,23.31,22.7,22.76,1898500,22.84,,,
06APR2018,BAFL,0807,Bank Al-FalahXD,55.89,56,53.51,53.94,1397500,54.73,,,
06APR2018,BIPL,0807,Bankislami Pak.,12,12.2,11.7,11.7,4500,11.98,,,
06APR2018,BOK,0807,Bank Of KhyberXD,14.19,14.19,13.6,13.6,13000,13.75,,,
06APR2018,BAHL,0807,Bank AL-HabibXD,81,81,78.55,78.9,193500,79.97,,,
06APR2018,BOP,0807,B.O.Punjab,9.69,9.88,9.6,9.63,3410500,9.65,,,
06APR2018,FABL,0807,Faysal BankXB,27,27,26.01,26.82,832500,26.88,,,
06APR2018,HBL,0807,Habib Bank,221,229.72,215,218.99,4621400,218.79,,,
06APR2018,MEBL,0807,Meezan BankXD,79.8,79.8,78.7,79.47,256500,79.8,,,
06APR2018,NBP,0807,National Bank,52.5,53.15,52,52.3,4724000,51.83,,,
06APR2018,HMB,0807,Habib Metropol.XD,45.99,46,44.16,44.54,551000,44.65,,,
06APR2018,MCB,0807,MCB Bank LtdXD,220.95,224.01,219.99,220.31,635100,219.81,,,
06APR2018,JSBL,0807,JS Bank Ltd,8.5,9.45,8.5,9.23,1979500,8.45,,,
06APR2018,SBL,0807,Samba Bank,7.6,8.25,7.6,8.11,289500,7.25,,,
06APR2018,SILK,0807,Silk Bank Ltd,1.42,1.42,1.39,1.4,522000,1.4,,,
06APR2018,SNBL,0807,Soneri Bank LtdXD,12.45,13.27,12.34,12.99,883000,12.27,,,
06APR2018,SCBPL,0807,St.Chart.Bank XD,24.2,25.65,24.2,25.25,9000,24.43,,,
06APR2018,UBL,0807,United BankXD,211.5,219.7,210.01,211.12,2211000,211.43,,,
06APR2018,AICL,0812,Adamjee Ins.,58.75,58.75,58.01,58.06,10500,58.99,,,
06APR2018,AGIC,0812,Ask.Gen.Insur.,27.55,28,26.75,27.98,22000,27.5,,,
06APR2018,CYAN,0812,Cyan Limited,50.98,51.44,49.7,50.57,51500,49,,,
06APR2018,CENI,0812,Century Ins.,27.93,28.03,27.93,28.01,9000,26.7,,,
06APR2018,JLICL,0812,Jubile Life InsXD,720.05,720.05,720,720,1600,720,,,
06APR2018,CSIL,0812,Cres.Star Ins.,4.45,4.69,4.32,4.4,1201500,4.5,,,
06APR2018,EFUG,0812,EFU General XD,140.99,140.99,139.99,140,300,138,,,
06APR2018,EFUL,0812,EFU Life AssrXD,250,258,249,254,2500,247.01,,,
06APR2018,HICL,0812,Habib Ins.,14,14.74,14,14.42,2500,14,,,
06APR2018,IGIIL,0812,IGI Insurance,300,300,295,298,7800,297.89,,,
06APR2018,ATIL,0812,Atlas Ins. Ltd XD,68.01,68.26,68.01,68.26,1000,69,,,
06APR2018,JGICL,0812,Jubilee Gen.Ins,81,81.1,81,81.1,1500,81,,,
06APR2018,PIL,0812,PICIC Ins.Ltd.XR,3.39,3.39,3.3,3.35,200500,3.33,,,
06APR2018,PKGI,0812,Pak Gen.Ins.,8.1,8.1,8.1,8.1,2500,8.15,,,
06APR2018,PAKRI,0812,Pak Reinsurance,43,44,43,43.34,197500,42.9,,,
06APR2018,RICL,0812,Reliance Ins.,7.51,7.73,7.51,7.63,8500,7.6,,,
06APR2018,SHNI,0812,Shaheen Ins.,6.6,6.6,6,6.35,33000,6.39,,,
06APR2018,TPLI,0812,TPL Insurance,21.01,21.01,21,21.01,16000,20.01,,,
06APR2018,UNIC,0812,United Insuranc,15.2,15.5,15.2,15.46,15000,15.48,,,
06APR2018,AMTEX,0830,Amtex Limited,1.53,1.69,1.52,1.59,65500,1.54,,,
06APR2018,ASTM,0830,Asim Textile,9.11,10.9,9.11,10,9000,9.9,,,
06APR2018,BILF,0830,Bilal Fibres,3.32,4.31,3.3,4.18,1010000,3.31,,,
06APR2018,CWSM,0830,Chakwal Spinning,4.18,4.2,4.1,4.1,47500,4.11,,,
06APR2018,HIRAT,0830,Hira Textile,8.5,8.55,8.4,8.43,29500,8.69,,,
06APR2018,CFL,0830,Crescent Fibres,28.3,29.65,28.3,29.65,3500,28.25,,,
06APR2018,DFSM,0830,Dewan Farooque Sp.,3.19,3.21,3.09,3.11,180000,3.19,,,
06APR2018,DKTM,0830,Dewan Khalid,3,3,3,3,1500,3,,,
06APR2018,DMTM,0830,Dewan Mushtaq,5.2,5.2,3.65,4.12,3000,4.28,,,
06APR2018,DWTM,0830,Dewan Textile,3.55,3.6,3.01,3.29,14000,3.55,,,
06APR2018,DSIL,0830,D.S. Ind. Ltd.,3.08,3.15,3,3.08,1478500,3.04,,,
06APR2018,ELSM,0830,Ellcot Spinning,65,65,65,65,500,68,,,
06APR2018,GADT,0830,Gadoon Textile,258,264,254,254.55,101100,255.65,,,
06APR2018,IDYM,0830,Indus Dyeing,596.31,596.31,596.31,596.31,300,567.92,,,
06APR2018,KOSM,0830,Kohinoor Spining,3.62,3.62,3.47,3.5,145500,3.52,,,
06APR2018,NCML,0830,Nazir Cotton Mills,3.33,3.4,3,3.2,26500,3.32,,,
06APR2018,RAVT,0830,Ravi Textile,4.75,4.8,4.75,4.8,3000,4.7,,,
06APR2018,RUBY,0830,Ruby Textile,4.9,5.55,4.9,5.55,46500,4.55,,,
06APR2018,SAIF,0830,Saif Textile,18.85,18.88,18.85,18.88,1000,18.24,,,
06APR2018,SJTM,0830,Sajjad Tex.,3.3,3.3,3.3,3.3,1000,3.35,,,
06APR2018,SERT,0830,Service Textile,17.4,17.6,17.4,17.6,2000,18.4,,,
06APR2018,UNITY,0834,Unity Foods Ltd,27.1,27.54,27.02,27.11,2675000,26.98,,,
06APR2018,TATM,0830,Tata Textile,39,39,39,39,2000,38.05,,,
06APR2018,ASHT,0831,Ashfaq Textile,9.5,9.5,9.5,9.5,1000,9.61,,,
06APR2018,FML,0831,Feroze 1888XD,63.49,64,62,64,34500,60.96,,,
06APR2018,SMTM,0831,Samin Textile,5.75,5.95,5.75,5.95,4500,5.85,,,
06APR2018,SERF,0831,Service Fabrics,4,4.15,3.88,4.07,14000,3.95,,,
06APR2018,STJT,0831,Shahtaj Textile,76,76,76,75.86,300,75.86,,,
06APR2018,YOUW,0831,Yousuf Weaving,5.08,5.08,4.8,4.84,281000,4.95,,,
06APR2018,ZTL,0831,Zephyr Textile,9.55,10,10,10,1500,9.97,,,
06APR2018,CRTM,0829,Crescent Tex.,34,34.6,33.2,34.27,240500,33.45,,,
06APR2018,NCL,0829,Nishat (Chun.),53,53.4,52,52.16,344500,52.92,,,
06APR2018,DLL,0829,Dawood Law,178,178,178,171.39,500,171.39,,,
06APR2018,REWM,0829,Reliance Weaving,29.5,31.04,29.5,30.8,21000,29.57,,,
06APR2018,GFIL,0829,Ghazi Fabrics,4.01,4.2,4,4.16,2500,4.05,,,
06APR2018,GATM,0829,Gul Ahmed,44.11,44.85,43.78,43.94,59000,44.1,,,
06APR2018,HAEL,0829,Hala Enterprise,8.22,9,8.15,8.7,6500,8.55,,,
06APR2018,JUBS,0829,Jubilee Spinning,6.1,6.35,6.03,6.03,4500,6.14,,,
06APR2018,KML,0829,Kohinoor Mills,37.25,37.25,37,37,25000,37,,,
06APR2018,KOIL,0829,Kohinoor Ind.,4.79,4.85,4.79,4.85,10000,4.53,,,
06APR2018,ANL,0829,Azgard Nine,16.3,16.55,15.8,16.32,7699500,16.09,,,
06APR2018,MEHT,0829,Mehmood Tex.,312.01,312.01,300.5,300.5,800,297.16,,,
06APR2018,MTIL,0829,Mian Textile,3.26,3.4,3.02,3.02,7000,3.14,,,
06APR2018,NML,0829,Nishat Mills Ltd,164,164.25,160.41,161.4,1132000,162.69,,,
06APR2018,REDCO,0829,Redco Textile,4.1,4.1,3.6,3.75,8500,3.8,,,
06APR2018,TOWL,0829,Towellers Limited,87,87,87,86,2200,86,,,
06APR2018,ZAHID,0829,ZahidJee Tex.,15.06,15.06,15.05,15.05,1500,15.01,,,
06APR2018,FASM,0829,Faisal Spinning,315,323,312,317.5,800,326,,,
06APR2018,QUET,0829,Quetta Textile,13.05,13.05,13.05,13.05,500,14,,,
06APR2018,SAPT,0829,Sapphire Tex.,1746,1746,1746,1746,20,1666.1,,,
06APR2018,BNWM,0835,Bannu Woollen,55.9,57.85,54.8,54.98,26000,55.14,,,
06APR2018,AGL,0805,Agritech Limited,6.88,6.88,6.65,6.68,550000,6.69,,,
06APR2018,IBFL,0827,Ibrahim Fibres,63.69,63.7,63.69,63.7,1000,60.79,,,
06APR2018,RUPL,0827,Rupali Polyester,36,36,36,36,4000,36.4,,,
06APR2018,TRPOL,0827,Tri-Star Poly,23.84,24,23.35,23.51,376500,23.84,,,
06APR2018,THALL,0802,Thal LimitedXD,532.99,541.45,525.2,529.77,26550,527.96,,,
06APR2018,ADAMS,0826,Adam Sugar,36.05,37.5,36,37.5,19000,36.35,,,
06APR2018,AABS,0826,AL-Abbas Sugar,185.69,185.69,175,182.13,300,176.86,,,
06APR2018,ALNRS,0826,AL-Noor Sugar,50.94,50.94,50.94,50.94,500,49.49,,,
06APR2018,ANSM,0826,Ansari Sugar,23,23,22.14,22.25,46500,23.3,,,
06APR2018,CHAS,0826,Chashma SugarXD,44.89,44.9,43.06,43.53,4500,43.04,,,
06APR2018,DWSM,0826,Dewan Sugar,7.48,7.49,7.1,7.15,23500,7.32,,,
06APR2018,EFOODS,0810,Engro Foods Ltd.,102,106.24,101.26,104.65,2251000,101.19,,,
06APR2018,FRSM,0826,Faran Sugar,86.5,86.5,83,83,1000,85.7,,,
06APR2018,HABSM,0826,Habib Sugar,35.5,36,35.5,35.58,9000,36,,,
06APR2018,HAL,0826,Habib-ADM Ltd,33.3,34.28,32.8,33.13,223000,32.65,,,
06APR2018,HWQS,0826,Haseeb Waqas Sugar,7.7,7.75,7.5,7.75,16500,7.73,,,
06APR2018,HSM,0826,Husein Sugar Mills,31.2,31.7,30.5,31.51,37500,30.59,,,
06APR2018,JSML,0826,Jauharabad Sug,38.31,38.31,38.31,38.31,500,40.09,,,
06APR2018,MIRKS,0826,Mirpurkhas Sugar,149.5,149.5,149.5,147,100,147,,,
06APR2018,MZSM,0826,Mirza Sugar,5.59,5.6,5.53,5.53,18000,5.7,,,
06APR2018,NONS,0826,Noon Sugar,59.05,59.05,57.55,58.3,3000,60.5,,,
06APR2018,SKRS,0826,Sakrand Sugar,26.33,26.33,25.86,26.33,439000,25.08,,,
06APR2018,SHJS,0826,Shahtaj SugarXD,137.49,137.49,132,135.89,600,130.98,,,
06APR2018,SHSML,0826,Shahmurad SugarXD,74,74,74,74,2500,73.45,,,
06APR2018,SML,0826,Shakarganj Limited,76.99,76.99,73.9,73.96,160000,74,,,
06APR2018,TSML,0826,Tandlianwala Sugar,0,132,0,132,0,133,,,
06APR2018,ACPL,0804,Attock Cement,189.11,191,186.05,189.88,9500,189,,,
06APR2018,BWCL,0804,Bestway CementXD,161.5,163.55,159.11,160.01,40800,161,,,
06APR2018,CHCC,0804,Cherat Cement,135,137.3,133.6,134.82,441500,132.5,,,
06APR2018,DNCC,0804,Dandot Cement,10.51,10.55,10.51,10.55,1000,10.45,,,
06APR2018,DGKC,0804,D.G.K.Cement,168.1,170.99,166.25,167.41,1421700,167.8,,,
06APR2018,AKZO,0805,Akzo Nobel Pak.,223,225.5,222.3,223.92,4700,220.42,,,
06APR2018,POWER,0804,Power Cement,10,10.05,9.76,9.78,2758500,9.83,,,
06APR2018,FCCL,0804,Fauji Cement,31.05,31.6,30.65,31.22,10670500,30.72,,,
06APR2018,FECTC,0804,Fecto Cement,51,51,50.3,50.6,10000,50.44,,,
06APR2018,FLYNG,0804,Flying Cement,17.99,18.74,17.99,18.74,1339500,17.74,,,
06APR2018,GWLC,0804,Gharibwal Cement,27.98,28.18,27.5,27.56,184500,27.67,,,
06APR2018,JVDC,0804,Javedan Corp.,41.5,41.5,41.5,41.5,4000,41.5,,,
06APR2018,KOHC,0804,Kohat Cement,165,169,163,163.77,92900,164.85,,,
06APR2018,LUCK,0804,Lucky Cement,725,725,714,715.86,431150,717.16,,,
06APR2018,MLCF,0804,Maple LeafXD,79.25,80.25,78.1,79.06,9859500,78.54,,,
06APR2018,DCL,0804,Dewan Cement,27.84,28.15,27.25,27.5,1563500,27.57,,,
06APR2018,PIOC,0804,Pioneer Cement,73.89,73.89,71.51,72.18,284000,72.48,,,
06APR2018,SMCPL,0804,Safe Mix Con.Ltd,10.6,11.32,10.4,11.24,2685000,10.32,,,
06APR2018,THCCL,0804,Thatta Cement,25.79,25.79,24.7,24.76,271500,25.2,,,
06APR2018,KHTC,0832,Khyber TobaccoXB,690,690,670,681.16,640,673.4,,,
06APR2018,PMPK,0832,Philip Morris Pak.,2992.49,2992.5,2975,2992.5,400,2850,,,
06APR2018,ATRL,0825,Attock Refinery,271,271,263.6,264.69,399600,268.26,,,
06APR2018,BYCO,0825,Byco Petroleum,15.25,15.34,15.01,15.08,1910500,15.1,,,
06APR2018,NRL,0825,National Refinery,442,443.2,431,432.9,68400,441.02,,,
06APR2018,PRL,0825,Pak Refinery,38.5,39,38.42,38.51,737500,38.64,,,
06APR2018,ALTN,0824,Altern Energy,41,41.35,41,41.35,1000,40.1,,,
06APR2018,EPQL,0824,Engro PowergenXD,33.88,33.9,33.5,33.68,28000,33.56,,,
06APR2018,AEL,0824,Arshad Energy,9.27,9.69,8.1,9.69,7000,8.74,,,
06APR2018,HUBC,0824,Hub Power Co.,102.99,105.5,102.99,104.17,4582000,102.48,,,
06APR2018,KEL,0824,K-Electric Ltd.,7.04,7.14,6.9,6.91,4905000,7,,,
06APR2018,KOHE,0824,Kohinoor Energy,39.02,39.02,38.9,39,13500,39,,,
06APR2018,KOHP,0824,Kohinoor Power,4.05,4.06,4.05,4.05,2000,4.01,,,
06APR2018,LPL,0824,Lalpir Power,20.87,21.18,20.87,21,67000,21,,,
06APR2018,KAPCO,0824,Kot Addu Power,65.87,65.87,63.99,64.41,1454000,64.24,,,
06APR2018,NCPL,0824,Nishat ChunPow,30.54,30.97,30.5,30.79,146000,30.56,,,
06APR2018,NPL,0824,Nishat Power,33.1,33.51,33.1,33.31,48000,33.25,,,
06APR2018,PKGP,0824,Pakgen Power,21.69,21.69,20.92,21,242000,21.03,,,
06APR2018,SPWL,0824,Saif Power Ltd.,28.75,28.75,28.5,28.5,25500,29.02,,,
06APR2018,TSPL,0824,Tri-Star Power XD,5.75,5.85,5.75,5.85,10000,6.04,,,
06APR2018,APL,0821,Attock PetroleumXD,607,614,605,606.6,2000,606.18,,,
06APR2018,PSO,0821,P.S.O.,341.02,345,333.12,335.17,1688100,337.56,,,
06APR2018,BPL,0821,Burshane LPG,54.5,55.24,53,54.44,41000,55.75,,,
06APR2018,SHEL,0821,Shell PakistanXD,377,379,365,365.75,90000,374.37,,,
06APR2018,SSGC,0821,Sui South Gas,36.93,37.2,36.51,36.66,4537000,36.59,,,
06APR2018,SNGP,0821,Sui North Gas,117,119.9,115.1,117.66,12941900,114.31,,,
06APR2018,HASCOL,0821,Hascol Petrol,264.7,268,264,267.08,80800,263.76,,,
06APR2018,HTL,0821,HI-Tech Lub.,106.85,108.35,105.7,106.15,218500,105.18,,,
06APR2018,MARI,0820,Mari PetroleumXD,1481,1525,1481,1517.35,183060,1490.53,,,
06APR2018,OGDC,0820,Oil & Gas Dev.,175.18,176.5,175.18,175.66,1008500,175.16,,,
06APR2018,POL,0820,Pak Oilfields,710,719,699,707.34,519750,705.52,,,
06APR2018,PPL,0820,Pak Petroleum,214.9,216.49,212.75,213.06,462900,213.81,,,
06APR2018,ASL,0808,Aisha Steel Mill,20.65,20.8,20.33,20.38,2341500,20.52,,,
06APR2018,ASTL,0808,Amreli Steels,92.98,93.5,91.5,91.73,165000,92.46,,,
06APR2018,BCL,0808,Bolan Casting,169,169,161,161.86,119600,167.13,,,
06APR2018,DADX,0808,Dadex Eternit,53.6,53.6,53.6,53.6,1500,51.08,,,
06APR2018,DSL,0808,Dost Steels Ltd.,11.55,11.68,11.38,11.41,3025500,11.53,,,
06APR2018,CSAP,0808,Crescent Steel,126.58,128,125,125.1,171800,126.48,,,
06APR2018,DKL,0808,Drekkar Kings,7.01,7.3,7,7.05,26000,7.45,,,
06APR2018,INIL,0808,Int. Ind.Ltd.XD,295.99,297.5,290.1,291.77,61000,293.63,,,
06APR2018,ISL,0808,Inter.Steel Ltd,124.1,125.8,122.3,123.13,1427300,123.43,,,
06APR2018,ITTEFAQ,0808,Ittefaq Iron Ind Ltd,21.6,21.6,20.81,21.27,104000,21.29,,,
06APR2018,KSBP,0808,K.S.B.Pumps,405,416,405,416,4400,413,,,
06APR2018,MUGHAL,0808,Mughal Iron,75.25,76.3,75,75.15,577500,75.05,,,
06APR2018,PECO,0808,Pak Engineering,222,222,222,222,500,231.02,,,
06APR2018,AGTL,0801,AL-Ghazi Tractors,734.78,734.9,720,724.09,9100,728.85,,,
06APR2018,ATLH,0801,Atlas Honda Ltd,557,557,557,557,7550,555.17,,,
06APR2018,DFML,0801,Dewan Motors,43.51,43.9,43,43.27,1661500,43.34,,,
06APR2018,GAIL,0801,Ghani Automobile,9.95,10.02,9.51,9.74,1440500,9.69,,,
06APR2018,GHNI,0801,Ghandhara Ind.,888.9,915,875.55,890.05,105950,879.93,,,
06APR2018,GHNL,0801,Ghand Nissan,263.8,270.75,259.15,265.75,621800,261,,,
06APR2018,HINO,0801,Hinopak Motor,1180,1180,1162.79,1178,280,1180.5,,,
06APR2018,HCAR,0801,Honda Atlas Cars,484.99,485,480,480.96,46600,479.03,,,
06APR2018,INDU,0801,Indus Motor Co,1807,1850.01,1807,1845.92,13520,1800,,,
06APR2018,MTL,0801,Millat Tractors,1395,1395,1356.1,1363.11,14940,1372.25,,,
06APR2018,PSMC,0801,Pak Suzuki,494.49,501,489,498.4,112950,490.67,,,
06APR2018,SAZEW,0801,Sazgar Eng,255,256.9,245,246.96,87900,253.14,,,
06APR2018,AGIL,0802,Agriautos Ind.,321.5,321.5,320,320,300,320,,,
06APR2018,ATBA,0802,Atlas Battery,409.45,409.45,405.6,407.08,1250,405,,,
06APR2018,BWHL,0802,Bal.Wheels,135,135.25,128,128.5,600,129,,,
06APR2018,EXIDE,0802,Exide (PAK),400,400,398.09,398.09,3900,398.52,,,
06APR2018,GTYR,0802,General Tyre,205,206.9,196,198.15,198600,203.01,,,
06APR2018,LOADS,0802,Loads Limited,40.88,41.24,40.55,40.6,218500,40.87,,,
06APR2018,JOPP,0803,Johnson & Philips,39.82,39.82,37.2,38.42,44000,37.93,,,
06APR2018,PCAL,0803,Pakistan CablesXD,285,285,280,280,500,285.47,,,
06APR2018,PAEL,0803,Pak Elektron,49.5,49.99,48.2,48.48,10452000,48.37,,,
06APR2018,TPL,0803,TPL Corp Ltd,9,9.06,8.78,8.86,874500,8.98,,,
06APR2018,AVN,0828,Avanceon Ltd,55.3,57.36,53.7,56.63,598000,54.63,,,
06APR2018,SING,0803,Singer Pak.,47.5,48,46.8,47.19,118500,47.7,,,
06APR2018,SIEM,0803,Siemens Pak.,900,900,898,898,500,910,,,
06APR2018,PNSC,0833,P.N.S.C,113.5,113.5,108.9,109.12,327400,111,,,
06APR2018,PIBTL,0833,Pak Int.Bulk,18.84,18.89,18.47,18.51,1548500,18.74,,,
06APR2018,PIAA,0833,P.I.A.C.(A),5.2,5.44,5.17,5.31,1945000,5.19,,,
06APR2018,HUMNL,0828,Hum Network,9.28,9.45,9.27,9.4,75500,9.45,,,
06APR2018,NETSOL,0828,Netsol Tech.,69,69.8,67.5,68,174500,67.99,,,
06APR2018,MDTL,0828,Media Times Ltd,1.85,1.95,1.85,1.87,237500,1.86,,,
06APR2018,SYS,0828,Systems Limited,96,97.5,94.21,96.48,56000,96.75,,,
06APR2018,PTC,0828,P.T.C.L.,12.81,12.85,12.6,12.72,694500,12.72,,,
06APR2018,TRG,0828,TRG Pak Ltd,36.25,36.82,35.71,36.23,10731000,35.66,,,
06APR2018,TELE,0828,Telecard Limited,1.99,1.99,1.92,1.95,97000,1.95,,,
06APR2018,WTL,0828,WorldCall Telecom,2.23,2.29,2.22,2.27,1161500,2.25,,,
06APR2018,DAWH,0809,Dawood Hercules,129,130,128.25,128.38,21800,128,,,
06APR2018,ENGRO,0809,Engro Corp,322,326.05,317.1,318.65,1878500,318.02,,,
06APR2018,EFERT,0809,Engro Fert.XD,70.4,70.8,70.01,70.65,1383000,70.04,,,
06APR2018,FFBL,0809,Fauji Fert BinXD,44.05,44.25,43.5,43.62,358500,43.97,,,
06APR2018,FFC,0809,Fauji Fert.,97.6,99.74,95.75,96.55,1837000,97.37,,,
06APR2018,ABOT,0823,Abbott Lab.,735,735,703,711.9,4900,724,,,
06APR2018,AGP,0823,AGP Limited,97,99,96.05,98.02,4803500,94.66,,,
06APR2018,FEROZ,0823,Ferozsons (Lab),258.9,265,255.5,259.12,228300,255.52,,,
06APR2018,GLAXO,0823,GlaxoSmithKline,194,195.5,192,192.14,33300,192.89,,,
06APR2018,GSKCH,0823,Glaxo HealthcareXD,523,525,510,515.91,100400,518.81,,,
06APR2018,HINOON,0823,Highnoon (Lab),471.49,473,469,470.75,21400,469.99,,,
06APR2018,SAPL,0823,Sanofi-Aventis,1323,1330,1315,1318.5,240,1322.5,,,
06APR2018,SEARL,0823,The Searle Co.,368.8,371.89,363.5,365.06,365100,367.26,,,
06APR2018,WYETH,0823,Wyeth Pak LtdXD,1723.99,1731.99,1716.01,1731.99,180,1716,,,
06APR2018,BIFO,0805,Biafo Ind.,326.95,335,326.1,329.98,6600,324.67,,,
06APR2018,BERG,0805,Berger Paints,150.01,150.01,149,149.72,2700,151,,,
06APR2018,BUXL,0805,Buxly Paints,99.75,99.75,90.36,90.36,8000,95.1,,,
06APR2018,ARPL,0805,Archroma Pak,572,572,572,572,400,570,,,
06APR2018,COLG,0805,Colgate Palmolive,3255,3255,3255,3255,20,3100,,,
06APR2018,CTM,0830,Colony Tex.Mills Ltd,4.1,4.2,4.06,4.14,40500,4.14,,,
06APR2018,DOL,0805,Descon Oxychem,21.22,21.55,20.9,21.13,1372500,21.14,,,
06APR2018,DAAG,0805,Data Agro      ,18,18.15,16.15,16.15,3500,17.15,,,
06APR2018,DYNO,0805,Dynea Pakistan,200,209.55,197.25,209.55,189500,199.58,,,
06APR2018,EPCL,0805,Engro PolymerXD,37.19,37.83,36.88,37.7,16299000,36.94,,,
06APR2018,FATIMA,0809,Fatima Fert.,32.15,32.75,32.15,32.24,279500,32.44,,,
06APR2018,GGL,0805,Ghani Gases,21.2,21.34,20.65,20.73,1020500,21.09,,,
06APR2018,ICI,0805,ICI Pakistan,883,894.5,881,890,4500,880.57,,,
06APR2018,ICL,0805,Ittehad Chem.,39,39.72,38.95,39.72,1883000,37.83,,,
06APR2018,LPGL,0805,Leiner Pak Gelat,22,22,21.9,22,40000,20.96,,,
06APR2018,LOTCHEM,0805,Lotte Chemical,10.93,11.1,10.85,10.95,9772500,10.86,,,
06APR2018,PPVC,0805,Pak.P.V.C.,7.5,7.5,7.38,7.49,17500,7.39,,,
06APR2018,NICL,0805,Nimir Ind.Chem.,63.45,63.45,63,63.23,11000,62.95,,,
06APR2018,PAKOXY,0805,Pak Oxygen Ltd.,240,240.9,239,239.95,8600,239.47,,,
06APR2018,NRSL,0805,Nimir Resins,12.92,13.75,12.89,13.62,6521000,12.85,,,
06APR2018,SARC,0805,Sardar Chemical,11,12.47,10.5,12,32000,11.5,,,
06APR2018,SITC,0805,Sitara Chemical,338,342,330.33,334.33,17100,335,,,
06APR2018,SPL,0805,Sitara Peroxide,21.6,21.6,20.61,20.9,207500,21.21,,,
06APR2018,WAHN,0805,Wah-Noble,245.1,255,245.1,252,5900,246.12,,,
06APR2018,BPBL,0822,B.P.Board,4.71,4.9,4.62,4.9,2000,5,,,
06APR2018,CEPB,0822,Century Paper,75,75.35,72,72.34,202000,73.5,,,
06APR2018,CPPL,0822,Cherat Pack,170.5,174.9,169,169.54,139300,169.03,,,
06APR2018,MERIT,0822,Merit Packaging,23.9,23.9,22.95,23.25,137000,23.5,,,
06APR2018,PKGS,0822,Packages Ltd.,585,593,585,585.84,28150,582.13,,,
06APR2018,PPP,0822,Pak Paper Prod,125.18,125.18,125.18,125.18,500,119.22,,,
06APR2018,RPL,0822,Roshan Packages,36,36,35.4,35.62,158500,35.59,,,
06APR2018,SEPL,0822,Security Paper,124,124,122.1,123.59,3100,123,,,
06APR2018,POML,0834,Punjab OilXD,271.6,271.6,271.6,271.6,200,258.67,,,
06APR2018,SSOM,0834,S.S.Oil,45.6,45.6,45.6,45.6,7500,44.77,,,
06APR2018,BATA,0816,Bata (Pak),3137,3137,3129,3129,60,3000,,,
06APR2018,LEUL,0816,Leather Up Ltd.,22.01,23,22,22.68,8500,23.11,,,
06APR2018,SRVI,0816,Service Ind.Ltd,870.01,887,850,877,1650,881,,,
06APR2018,ASC,0810,Al-Shaheer Corp,29.25,29.5,28.82,28.98,262500,29.05,,,
06APR2018,CLOV,0810,Clover Pakistan,85.5,86.48,83.5,83.88,40500,85.17,,,
06APR2018,IBLHL,0823,IBL HealthCare,90.99,91,89.12,89.15,15500,90.69,,,
06APR2018,MACTER,0823,Macter Int. Ltd,235,240,235,240,900,236.47,,,
06APR2018,MFL,0810,Matco Foods LtdXD,39.05,39.6,38.56,38.84,2578000,38.58,,,
06APR2018,NESTLE,0810,Nestle PakistanXD,0,12859,12859,12859,60,12859,,,
06APR2018,MFFL,0810,MithchellsFruit,297.9,300,297.9,299.37,2000,290,,,
06APR2018,MUREB,0810,Murree BreweryXD,813,813,784,793.48,2800,791.88,,,
06APR2018,NATF,0810,National Foods,305.1,306.3,305,306.3,2100,307.6,,,
06APR2018,FFL,0810,Fauji Foods Ltd,36.71,38.39,36.5,38.39,9090500,36.57,,,
06APR2018,QUICE,0810,Quice Food,6.88,6.88,6.6,6.7,328000,6.76,,,
06APR2018,SHEZ,0810,Shezan Inter.,516.01,516.01,515,515.1,1500,522.1,,,
06APR2018,SCL,0810,Shield Corp.,323,335.9,323,333,700,320,,,
06APR2018,TREET,0810,Treet Corp,43.4,43.78,42.83,42.96,863000,43.16,,,
06APR2018,ZIL,0810,ZIL Limited,134,142.03,131.26,139.89,36500,135.27,,,
06APR2018,BGL,0811,Bal.Glass,12.5,12.8,12.01,12.66,6705500,11.97,,,
06APR2018,EMCO,0811,EMCO Industries,22.99,22.99,22.9,22.9,2000,22.45,,,
06APR2018,GHGL,0811,Ghani Glass Ltd,66.6,67.8,65.6,66.33,53000,66.5,,,
06APR2018,GGGL,0811,GhaniGlobalGlass,16.75,17.2,16.2,16.26,1956000,16.62,,,
06APR2018,GVGL,0811,Ghani Value Gla.,22.72,23.4,22.72,23.3,7500,23.24,,,
06APR2018,GVGLR2,0811,Ghani Val. Glass(R),12,12,11.5,12,4500,12,,,
06APR2018,TGL,0811,Tariq Glass Ind.,109.7,110.5,109,109.59,189500,108.38,,,
06APR2018,STCL,0811,Shabbir Tiles,20.5,21.37,20.5,21.13,2818000,20.36,,,
06APR2018,AKGL,0818,AL-Khair Gadoon,11.4,11.4,10.81,10.81,4500,11.66,,,
06APR2018,MACFL,0818,MACPAC Films,22.9,23.55,22.75,23.55,308000,22.43,,,
06APR2018,ECOP,0818,ECOPACK Ltd,22.99,23.88,22.5,23.5,195500,22.75,,,
06APR2018,PACE,0818,Pace (Pak) Ltd.,4.3,4.72,4.24,4.57,8147500,4.25,,,
06APR2018,PHDL,0818,Pak Hotels,115.37,115.37,115.37,115.37,1000,109.88,,,
06APR2018,AKDCL,0818,AKD Capital,161,161,147.02,151.01,500,153.49,,,
06APR2018,SHFA,0818,Shifa Int.Hosp,292.5,298.5,292.5,298.5,200,292.5,,,
06APR2018,STPL,0818,Siddiqsons Tin,26.38,26.4,26,26.06,407000,26.21,,,
06APR2018,TPLP,0818,TPL Properties,9.8,9.8,9.7,9.75,1000,9.85,,,
06APR2018,TRIPF,0818,Tri-Pack Films,182,183,178.5,179.9,14100,182.13,,,
06APR2018,UBDL,0818,United Brands,91,92.63,85,86.35,19300,88.22,,,
06APR2018,UBDLR,0818,United Brand(R),60.5,63.08,58,58.97,64800,60.18,,,
06APR2018,HBLTFC,36,HBLTFC Priv. Placed,0,99.25,0,99.25,0,99.25,,,
06APR2018,BAFLTFC5,36,Bank Alfalah(TFC),0,100.6896,0,100.6896,0,100.6896,,,
06APR2018,MCBTFC2,36,MCB Bank,0,100.475,0,100.475,0,100.475,,,
06APR2018,ENGROSC2,36,EngroCorp(SUKUK,0,115.5,0,115.5,0,115.5,,,
06APR2018,KELSC4,36,K-Elect(SUKUK-4,0,101.5031,0,101.5031,0,101.5031,,,
06APR2018,FATIMASC,36,Fatima Fert(Suk,0,101.5619,0,101.5619,0,101.5619,,,
06APR2018,HBL-CMAY,40,HBL-CMAY,0,222.01,0,222.01,0,221.87,,,
06APR2018,AKBL-CMAY,40,AKBL-CMAY,0,23.07,0,23.07,0,23.16,,,
06APR2018,ATRL-CMAY,40,ATRL-CMAY,0,268.34,0,268.34,0,272.04,,,
06APR2018,BAFL-CMAY,40,BAFL-CMAY,0,54.68,0,54.68,0,55.5,,,
06APR2018,ENGRO-CMAY,40,ENGRO-CMAY,0,323.04,0,323.04,0,322.5,,,
06APR2018,FCCL-CMAY,40,FCCL-CMAY,0,31.65,0,31.65,0,31.15,,,
06APR2018,FFBL-CMAY,40,FFBL-CMAY,0,44.22,0,44.22,0,44.59,,,
06APR2018,FFC-CMAY,40,FFC-CMAY,0,97.88,0,97.88,0,98.74,,,
06APR2018,HUBC-CMAY,40,HUBC-CMAY,0,105.61,0,105.61,0,103.92,,,
06APR2018,KAPCO-CMAY,40,KAPCO-CMAY,0,65.3,0,65.3,0,65.15,,,
06APR2018,LUCK-CMAY,40,LUCK-CMAY,0,725.73,0,725.73,0,727.27,,,
06APR2018,MCB-CMAY,40,MCB-CMAY,0,223.35,0,223.35,0,222.91,,,
06APR2018,NML-CMAY,40,NML-CMAY,0,163.62,0,163.62,0,164.98,,,
06APR2018,PPL-CMAY,40,PPL-CMAY,0,216,0,216,0,216.82,,,
06APR2018,PRL-CMAY,40,PRL-CMAY,0,39.04,0,39.04,0,39.18,,,
06APR2018,PSO-CMAY,40,PSO-CMAY,0,339.79,0,339.79,0,342.32,,,
06APR2018,UBL-CMAY,40,UBL-CMAY,0,214.03,0,214.03,0,214.41,,,
06APR2018,HBL-CAPR,40,HBL-CAPR,0,220.25,0,220.25,0,220.11,,,
06APR2018,AKBL-CAPR,40,AKBL-CAPR,0,22.89,0,22.89,0,22.98,,,
06APR2018,ATRL-CAPR,40,ATRL-CAPR,0,266.21,0,266.21,0,269.88,,,
06APR2018,BAFL-CAPR,40,BAFL-CAPR,0,54.25,0,54.25,0,55.06,,,
06APR2018,ENGRO-CAPR,40,ENGRO-CAPR,0,320.48,0,320.48,0,319.94,,,
06APR2018,FCCL-CAPR,40,FCCL-CAPR,0,31.4,0,31.4,0,30.91,,,
06APR2018,FFBL-CAPR,40,FFBL-CAPR,0,43.87,0,43.87,0,44.24,,,
06APR2018,FFC-CAPR,40,FFC-CAPR,0,97.1,0,97.1,0,97.96,,,
06APR2018,HUBC-CAPR,40,HUBC-CAPR,0,104.77,0,104.77,0,103.1,,,
06APR2018,MCB-CAPR,40,MCB-CAPR,0,221.58,0,221.58,0,221.14,,,
06APR2018,NML-CAPR,40,NML-CAPR,0,162.33,0,162.33,0,163.67,,,
06APR2018,PPL-CAPR,40,PPL-CAPR,0,214.28,0,214.28,0,215.1,,,
06APR2018,PSO-CAPR,40,PSO-CAPR,0,337.09,0,337.09,0,339.6,,,
06APR2018,UBL-CAPR,40,UBL-CAPR,0,212.33,0,212.33,0,212.71,,,
06APR2018,HBL-CJUN,40,HBL-CJUN,0,224.21,0,224.21,0,224.08,,,
06APR2018,AKBL-CJUN,40,AKBL-CJUN,0,23.3,0,23.3,0,23.39,,,
06APR2018,ATRL-CJUN,40,ATRL-CJUN,0,271,0,271,0,274.74,,,
06APR2018,BAFL-CJUN,40,BAFL-CJUN,0,55.23,0,55.23,0,56.05,,,
06APR2018,ENGRO-CJUN,40,ENGRO-CJUN,0,326.24,0,326.24,0,325.7,,,
06APR2018,FCCL-CJUN,40,FCCL-CJUN,0,31.96,0,31.96,0,31.46,,,
06APR2018,FFBL-CJUN,40,FFBL-CJUN,0,44.66,0,44.66,0,45.03,,,
06APR2018,FFC-CJUN,40,FFC-CJUN,0,98.85,0,98.85,0,99.72,,,
06APR2018,HUBC-CJUN,40,HUBC-CJUN,0,106.65,0,106.65,0,104.96,,,
06APR2018,KAPCO-CJUN,40,KAPCO-CJUN,0,65.94,0,65.94,0,65.79,,,
06APR2018,LUCK-CJUN,40,LUCK-CJUN,0,732.92,0,732.92,0,734.49,,,
06APR2018,MCB-CJUN,40,MCB-CJUN,0,225.56,0,225.56,0,225.12,,,
06APR2018,NML-CJUN,40,NML-CJUN,0,165.25,0,165.25,0,166.62,,,
06APR2018,PPL-CJUN,40,PPL-CJUN,0,218.14,0,218.14,0,218.98,,,
06APR2018,PRL-CJUN,40,PRL-CJUN,0,39.43,0,39.43,0,39.57,,,
06APR2018,PSO-CJUN,40,PSO-CJUN,0,343.16,0,343.16,0,345.72,,,
06APR2018,UBL-CJUN,40,UBL-CJUN,0,216.15,0,216.15,0,216.54,,,
06APR2018,BOP-CAPR,40,BOP-CAPR,0,9.69,0,9.69,0,9.71,,,
06APR2018,DGKC-CAPR,40,DGKC-CAPR,0,168.37,0,168.37,0,168.81,,,
06APR2018,DGKC-CMAY,40,DGKC-CMAY,0,169.72,0,169.72,0,170.17,,,
06APR2018,DGKC-CJUN,40,DGKC-CJUN,0,171.4,0,171.4,0,171.85,,,
06APR2018,NCL-CMAY,40,NCL-CMAY,0,52.88,0,52.88,0,53.67,,,
06APR2018,NCL-CJUN,40,NCL-CJUN,0,53.4,0,53.4,0,54.2,,,
06APR2018,HUBC-APR,40,HUBC-APR,104.5,104.5,104.2,104.41,8500,103.16,,,
06APR2018,PSO-APR,40,PSO-APR,340,345.5,335.01,335.98,558000,338.76,,,
06APR2018,SNGP-APR,40,SNGP-APR,117,119.9,116.66,118.02,1550500,114.4,,,
06APR2018,MCB-APR,40,MCB-APR,224,224.49,220,220.39,23500,220.42,,,
06APR2018,NML-APR,40,NML-APR,164.4,164.5,161.4,162.06,170500,163.45,,,
06APR2018,PTC-APR,40,PTC-APR,12.9,12.9,12.75,12.79,16000,12.78,,,
06APR2018,ENGRO-APR,40,ENGRO-APR,322,323.8,316,317.01,354500,316.82,,,
06APR2018,FFC-APR,40,FFC-APR,98.75,99.84,96.3,96.97,227000,97.64,,,
06APR2018,FFBL-APR,40,FFBL-APR,44.4,44.4,43.6,43.82,137000,44.19,,,
06APR2018,LOTCHEM-APR,40,LOTCHEM-APR,10.8,10.94,10.7,10.79,1746000,10.7,,,
06APR2018,DGKC-APR,40,DGKC-APR,168.99,171.2,166.5,167.77,977500,168.09,,,
06APR2018,POL-APR,40,POL-APR,711,718.5,700,706.77,97000,707.2,,,
06APR2018,NBP-APR,40,NBP-APR,52.5,53.17,52.2,52.7,270500,52.16,,,
06APR2018,MLCF-APR,40,MLCF-APR,79.83,80.49,78.5,79.37,404000,78.64,,,
06APR2018,LUCK-APR,40,LUCK-APR,722,722,710.01,714.33,20000,718.95,,,
06APR2018,SSGC-APR,40,SSGC-APR,37,37.34,36.6,36.78,1168500,36.74,,,
06APR2018,BOP-APR,40,BOP-APR,9.79,9.91,9.63,9.66,840000,9.69,,,
06APR2018,WTL-APR,40,WTL-APR,2.25,2.28,2.23,2.27,37500,2.27,,,
06APR2018,AKBL-APR,40,AKBL-APR,23.4,23.45,22.84,22.98,295500,23.04,,,
06APR2018,PPL-APR,40,PPL-APR,211.8,212,209.65,209.96,68000,210.66,,,
06APR2018,OGDC-APR,40,OGDC-APR,176.25,176.3,175.75,176.25,15000,175.87,,,
06APR2018,KAPCO-APR,40,KAPCO-APR,60.25,60.25,60.25,55.9,1000,60.99,,,
06APR2018,PIOC-APR,40,PIOC-APR,73.09,74.48,72,72.55,110000,72.89,,,
06APR2018,BAFL-APR,40,BAFL-APR,54.5,54.6,53.8,54,20500,54.55,,,
06APR2018,OGDC-CJUN,40,OGDC-CJUN,0,179.85,0,179.85,0,179.39,,,
06APR2018,NBP-CJUN,40,NBP-CJUN,0,53.55,0,53.55,0,53.08,,,
06APR2018,OGDC-CAPR,40,OGDC-CAPR,0,176.67,0,176.67,0,176.22,,,
06APR2018,NBP-CAPR,40,NBP-CAPR,0,52.6,0,52.6,0,52.14,,,
06APR2018,OGDC-CMAY,40,OGDC-CMAY,0,178.08,0,178.08,0,177.63,,,
06APR2018,NBP-CMAY,40,NBP-CMAY,0,53.02,0,53.02,0,52.56,,,
06APR2018,AICL-APR,40,AICL-APR,0,58.43,0,57.43,0,58.38,,,
06APR2018,ATRL-APR,40,ATRL-APR,270,271.65,265.01,265.65,387500,268.95,,,
06APR2018,HBL-APR,40,HBL-APR,220,228,215,218.59,377500,218.28,,,
06APR2018,FCCL-APR,40,FCCL-APR,31.3,31.55,30.75,31.33,4608000,30.78,,,
06APR2018,UBL-APR,40,UBL-APR,217,218.16,211,211.2,45000,212.03,,,
06APR2018,NCL-CAPR,40,NCL-CAPR,0,52.46,0,52.46,0,53.24,,,
06APR2018,BAHL-APR,40,BAHL-APR,0,79.4,0,79.4,0,79.65,,,
06APR2018,EFOODS-CAPR,40,EFOODS-CAPR,0,105.25,0,105.25,0,101.8,,,
06APR2018,EFOODS-CMAY,40,EFOODS-CMAY,0,106.09,0,106.09,0,102.62,,,
06APR2018,NCL-APR,40,NCL-APR,52.71,53.65,52.2,52.39,191000,53.13,,,
06APR2018,CHCC-APR,40,CHCC-APR,136.32,136.93,134,134.31,63500,132.5,,,
06APR2018,EFOODS-APR,40,EFOODS-APR,102,106.31,101.15,104.68,1717500,101.25,,,
06APR2018,EFOODS-CJUN,40,EFOODS-CJUN,0,107.14,0,107.14,0,103.64,,,
06APR2018,BOP-CMAY,40,BOP-CMAY,0,9.76,0,9.76,0,9.79,,,
06APR2018,MLCF-CMAY,40,MLCF-CMAY,0,80.15,0,80.15,0,79.65,,,
06APR2018,BOP-CJUN,40,BOP-CJUN,0,9.86,0,9.86,0,9.88,,,
06APR2018,MLCF-CJUN,40,MLCF-CJUN,0,80.94,0,80.94,0,80.44,,,
06APR2018,KEL-CAPR,40,KEL-CAPR,0,6.95,0,6.95,0,7.04,,,
06APR2018,MLCF-CAPR,40,MLCF-CAPR,0,79.51,0,79.51,0,79.01,,,
06APR2018,PAEL-CAPR,40,PAEL-CAPR,0,48.76,0,48.76,0,48.66,,,
06APR2018,EFERT-CMAY,40,EFERT-CMAY,0,71.62,0,71.62,0,71.03,,,
06APR2018,KEL-CMAY,40,KEL-CMAY,0,7.01,0,7.01,0,7.1,,,
06APR2018,PAEL-CMAY,40,PAEL-CMAY,0,49.15,0,49.15,0,49.05,,,
06APR2018,EFERT-APR,40,EFERT-APR,70.8,70.95,70.2,70.78,147000,70.3,,,
06APR2018,KEL-APR,40,KEL-APR,7.09,7.1,6.9,6.91,251000,7,,,
06APR2018,PAEL-APR,40,PAEL-APR,48.16,48.9,47.34,47.48,6286000,47.34,,,
06APR2018,SEARL-APR,40,SEARL-APR,370,372,365,366,160500,367.48,,,
06APR2018,EFERT-CJUN,40,EFERT-CJUN,0,72.33,0,72.33,0,71.73,,,
06APR2018,KEL-CJUN,40,KEL-CJUN,0,7.07,0,7.07,0,7.17,,,
06APR2018,PAEL-CJUN,40,PAEL-CJUN,0,49.64,0,49.64,0,49.54,,,
06APR2018,EFERT-CAPR,40,EFERT-CAPR,0,71.06,0,71.06,0,70.46,,,
06APR2018,ISL-CMAY,40,ISL-CMAY,0,124.83,0,124.83,0,125.17,,,
06APR2018,POWER-CMAY,40,POWER-CMAY,0,9.91,0,9.91,0,9.97,,,
06APR2018,TRG-CMAY,40,TRG-CMAY,0,36.73,0,36.73,0,36.16,,,
06APR2018,ISL-APR,40,ISL-APR,125,125.8,122.7,123.6,1173500,123.82,,,
06APR2018,POWER-APR,40,POWER-APR,10,10.05,9.8,9.84,905000,9.88,,,
06APR2018,TRG-APR,40,TRG-APR,36.35,37,35.85,36.41,12432500,35.88,,,
06APR2018,ISL-CJUN,40,ISL-CJUN,0,126.06,0,126.06,0,126.41,,,
06APR2018,POWER-CJUN,40,POWER-CJUN,0,10.01,0,10.01,0,10.07,,,
06APR2018,TRG-CJUN,40,TRG-CJUN,0,37.09,0,37.09,0,36.52,,,
06APR2018,TRG-CAPR,40,TRG-CAPR,0,36.44,0,36.44,0,35.88,,,
06APR2018,ISL-CAPR,40,ISL-CAPR,0,123.84,0,123.84,0,124.18,,,
06APR2018,TREET-CMAY,40,TREET-CMAY,0,43.55,0,43.55,0,43.77,,,
06APR2018,TREET-APR,40,TREET-APR,43.69,43.85,43.02,43.1,119500,43.4,,,
06APR2018,TREET-CJUN,40,TREET-CJUN,0,43.98,0,43.98,0,44.2,,,
06APR2018,POWER-CAPR,40,POWER-CAPR,0,9.84,0,9.84,0,9.89,,,
06APR2018,GATM-CAPR,40,GATM-CAPR,0,44.19,0,44.19,0,44.37,,,
06APR2018,MUGHAL-CMAY,40,MUGHAL-CMAY,0,76.19,0,76.19,0,76.11,,,
06APR2018,BYCO-CMAY,40,BYCO-CMAY,0,15.29,0,15.29,0,15.31,,,
06APR2018,LOADS-CMAY,40,LOADS-CMAY,0,41.16,0,41.16,0,41.45,,,
06APR2018,BYCO-APR,40,BYCO-APR,15.3,15.3,15.1,15.14,623000,15.1,,,
06APR2018,LOADS-APR,40,LOADS-APR,41.98,41.98,40.65,40.97,23000,41.25,,,
06APR2018,MUGHAL-APR,40,MUGHAL-APR,76,76.5,75.2,75.41,19000,75.01,,,
06APR2018,PRL-APR,40,PRL-APR,39.1,39.1,38.53,38.74,44000,38.82,,,
06APR2018,ASL-APR,40,ASL-APR,20.8,20.81,20.4,20.46,610000,20.63,,,
06APR2018,DOL-APR,40,DOL-APR,21.26,21.66,21.01,21.19,695500,21.22,,,
06APR2018,EPCL-APR,40,EPCL-APR,37.48,38,37.02,37.83,7629000,37.12,,,
06APR2018,HMB-APR,40,HMB-APR,44.99,44.99,43.01,44,11500,44.95,,,
06APR2018,INIL-APR,40,INIL-APR,297,298.5,292.51,293,38500,295.3,,,
06APR2018,PIBTL-APR,40,PIBTL-APR,18.8,18.9,18.55,18.64,140500,18.84,,,
06APR2018,STCL-APR,40,STCL-APR,20.8,21.35,20.46,21.17,668500,20.5,,,
06APR2018,STPL-APR,40,STPL-APR,26.5,26.59,26.11,26.17,73500,26.4,,,
06APR2018,BYCO-CJUN,40,BYCO-CJUN,0,15.44,0,15.44,0,15.46,,,
06APR2018,LOADS-CJUN,40,LOADS-CJUN,0,41.57,0,41.57,0,41.86,,,
06APR2018,MUGHAL-CJUN,40,MUGHAL-CJUN,0,76.94,0,76.94,0,76.86,,,
06APR2018,DCR,0836,Dolmen City,12.8,12.99,12.61,12.99,66000,12.99,,,
