16NOV2016,GASF,0806,Golden ArrowXD,11.73,11.95,11.73,11.9,149000,11.84,,,
16NOV2016,PGF,0806,PICIC Growth,26.4,26.6,26.4,26.5,101000,26.36,,,
16NOV2016,PIF,0806,PICIC Inv.Fund,11.26,11.4,11.26,11.4,51000,11.78,,,
16NOV2016,SINDM,0819,Sindh ModarabaXD,4.07,4.1,4.06,4.06,3500,4.41,,,
16NOV2016,TSMF,0806,Tri-Star Mutual,18.76,19,18.75,18.75,44500,19.75,,,
16NOV2016,FANM,0819,AL-Noor Modarab,4.26,4.95,4.26,4.95,2500,5,,,
16NOV2016,ARM,0819,Allied Rent.XD,23.51,25.15,23.51,25.15,1500,24.25,,,
16NOV2016,BRR,0819,B.R.R.GuardianXD,7.05,7.05,7.01,7.02,40500,7.23,,,
16NOV2016,FECM,0819,Elite Cap.Mod,3.56,3.69,3.3,3.5,167500,3.62,,,
16NOV2016,FEM,0819,Equity ModarabaXD,4.6,4.6,4.6,4.6,1000,4.57,,,
16NOV2016,CSM,0819,Cres. Stand.ModXD,3.04,3.22,3.04,3.22,7500,3.18,,,
16NOV2016,FFLM,0819,1st.Fid.Leasing,4.08,4.08,3.76,3.76,1000,3.8,,,
16NOV2016,ORIXM,0819,Orix ModarabaXD,22.1,22.25,22.1,22.25,11500,22,,,
16NOV2016,FHAM,0819,Habib ModarabaXD,10.05,10.05,10,10,45000,10,,,
16NOV2016,FIBLM,0819,I.B.L.Modaraba,3.99,4.28,3.68,4.19,5000,4,,,
16NOV2016,FIMM,0819,Imrooz ModarabaXD,190,190,190,197.5,100,197.5,,,
16NOV2016,PIM,0819,Popular Islamic Mod.,5.5,5.5,5.5,5.5,10000,4.5,,,
16NOV2016,FNBM,0819,Nat.Bank Mod.,3.5,3.5,3.5,3.5,2500,3.5,,,
16NOV2016,PAKMI,0819,Pak Mod.,2.24,2.24,2.24,2.24,500,2.79,,,
16NOV2016,FPRM,0819,Paramount ModXD,8.4,8.61,8.4,8.6,4500,8.55,,,
16NOV2016,PMI,0819,Prud Mod.1stXD,1.76,2.1,1.76,2.05,24500,1.9,,,
16NOV2016,FPJM,0819,Punjab ModarabaXD,6,6.49,6,6,809500,6,,,
16NOV2016,FTSM,0819,Tri-Star 1st. M,0,16.655,0,16.655,0,16.66,,,
16NOV2016,TRSM,0819,Trust ModarabaXD,4.25,4.25,4.25,4.25,500,4.12,,,
16NOV2016,FUDLM,0819,U.D.L.ModarabaXD,37.85,38,35.96,36.48,72000,37.85,,,
16NOV2016,UCAPM,0819,Unicap Modaraba,1.74,1.74,1.73,1.73,2500,1.85,,,
16NOV2016,CPAL,0815,Cap.Assets Leas,13.12,13.12,13.12,13.12,500,13.9483,,,
16NOV2016,GRYL,0815,Grays Leasing,7.46,7.46,6.5,6.5,6500,6.67,,,
16NOV2016,OLPL,0815,Orix Leasing,44.99,46.5,44.98,45.59,141500,44.75,,,
16NOV2016,PGLC,0815,Pak Gulf Leasin,7.14,8.12,8.12,8.12,1000,8.12,,,
16NOV2016,SLL,0815,SME Leasing Ltd,3.5,3.59,3.02,3.42,14500,3.52,,,
16NOV2016,SLCL,0815,Security Leasin,8.2,8.2,7.5,7.77,225500,7.95,,,
16NOV2016,SPLC,0815,Saudi Pak Leasi,2.66,2.66,2.52,2.55,11500,2.55,,,
16NOV2016,AHL,0813,Arif Habib Ltd.,70.99,71.45,69.01,70.14,132000,70.08,,,
16NOV2016,AHCL,0809,Arif Habib CorpXD,40.3,40.3,39.65,39.8,81000,40.32,,,
16NOV2016,ICIBL,0813,Invest Bank,2.35,2.45,2.21,2.24,1041500,2.25,,,
16NOV2016,FDIBL,0813,Ist.Dawood Bank,3.96,4.15,3.79,3.86,4748500,3.89,,,
16NOV2016,JSCL,0813,Jah.Sidd. Co.,23.7,23.91,22.95,23.07,5997000,23.58,,,
16NOV2016,KASBSL,0813,KASB Securities,9.5,9.5,9.5,9.5,4000,9.73,,,
16NOV2016,NEXT,0815,Next Capital,15.52,16.4,15.1,16.08,238000,15.96,,,
16NOV2016,FCSC,0813,Ist.Capital Sec,6.06,6.28,6.01,6.12,2201000,6.01,,,
16NOV2016,FCIBL,0813,F.Credit & Inv,7.2,7.2,7.2,7.2,500,7.2,,,
16NOV2016,IGIBL,0813,IGI Inv.Bank,2.48,2.58,2.36,2.42,682000,2.46,,,
16NOV2016,IFSL,0813,Invest & Fin.Se,48.55,49,47.52,48,23000,49.49,,,
16NOV2016,FNEL,0813,F. Nat.Equities,11.69,11.69,11.17,11.29,286500,11.35,,,
16NOV2016,JSIL,0813,JS Investments,14.16,14.3,14.15,14.24,38500,14.13,,,
16NOV2016,JSGCL,0813,JS Global Cap.,0,47.49,47.49,47.49,500,47.49,,,
16NOV2016,DEL,0813,Dawood Equities,4.52,5.4,4.52,4.94,313500,4.65,,,
16NOV2016,PASL,0813,Pervez Ahmed,2.54,2.54,2.45,2.5,1424000,2.47,,,
16NOV2016,SIBL,0813,Sec. Inv. Bank,4.02,4.03,4,4,13000,4.25,,,
16NOV2016,TRIBL,0813,Trust Inv.Bank,2.9,3.28,2.9,3.03,31500,3.11,,,
16NOV2016,TSBL,0813,Trust Brokerage,3.18,4.35,3.18,4.01,7000,4.12,,,
16NOV2016,ABL,0807,Allied Bank Ltd.XD,105.31,105.31,104.01,104.6,13000,106,,,
16NOV2016,SMBL,0807,Summit Bank,4.2,4.3,4.15,4.23,9708500,4.15,,,
16NOV2016,AKBL,0807,Askari Bank,23.9,24.1,23.5,24.01,1306000,23.79,,,
16NOV2016,BAFL,0807,Bank Al-Falah,33.2,33.44,32.8,32.99,1605000,33.17,,,
16NOV2016,BIPL,0807,Bankislami Pak.,12.5,13.27,12.5,13.14,130000,12.5,,,
16NOV2016,BOK,0807,Bank Of Khyber,15.48,15.56,15.1,15.56,102500,14.56,,,
16NOV2016,BAHL,0807,Bank AL-Habib,50.05,51.15,50,51,404500,50.23,,,
16NOV2016,BOP,0807,B.O.Punjab,20,20.15,19.62,19.72,22881500,19.86,,,
16NOV2016,FABL,0807,Faysal Bank,19.5,19.6,18.93,19.08,1699500,19.45,,,
16NOV2016,HBL,0807,Habib BankXD,240.01,241.76,238.01,239.9,1007500,240.08,,,
16NOV2016,MEBL,0807,Meezan Bank,60.99,62.65,60.5,61.07,159000,59.68,,,
16NOV2016,NBP,0807,National Bank,73.25,73.4,72.5,72.8,535500,72.95,,,
16NOV2016,HMB,0807,Habib Metropol.,32,32.06,31.95,31.99,47000,32.01,,,
16NOV2016,MCB,0807,MCB Bank Ltd,225.11,227.5,225,226.94,444400,225.35,,,
16NOV2016,NIB,0807,NIB Bank Limite,2.12,2.15,2.11,2.14,2499000,2.12,,,
16NOV2016,JSBL,0807,JS Bank Ltd,9.45,9.46,9.07,9.21,2000000,9.35,,,
16NOV2016,SBL,0807,Samba Bank,7.8,7.8,7.6,7.61,6000,7.75,,,
16NOV2016,SILK,0807,Silk Bank Ltd,1.94,1.96,1.87,1.88,2909000,1.92,,,
16NOV2016,SNBL,0807,Soneri Bank Ltd,14.7,14.86,14.65,14.77,92000,14.72,,,
16NOV2016,SCBPL,0807,St.Chart.Bank,22.5,22.5,22.25,22.25,2000,22.5,,,
16NOV2016,UBL,0807,United BankXD,214.9,215,212.1,212.9,525600,212.64,,,
16NOV2016,AICL,0812,Adamjee Ins.,59.5,59.5,58.65,58.9,233000,59.14,,,
16NOV2016,IGIL,0812,IGI Life Ins,92.98,96.18,91,92.5,6000,93.16,,,
16NOV2016,AGIC,0812,Ask.Gen.Insur.,26.1,26.2,26,26,8500,26.04,,,
16NOV2016,CYAN,0812,Cyan Limited,70,70.5,69.7,69.7,5500,70.17,,,
16NOV2016,CENI,0812,Century Ins.,27.5,27.5,27.5,27.5,1500,27.65,,,
16NOV2016,JLICL,0812,Jubile Life Ins,525,525,516,520,13550,520,,,
16NOV2016,CSIL,0812,Cres.Star Ins.,10.1,10.19,9.9,9.96,295000,10.01,,,
16NOV2016,EFUG,0812,EFU GeneralXD,137.5,137.5,136,136,7000,136.55,,,
16NOV2016,EFUL,0812,EFU Life Assr.XD,205,205,203,203.4,1900,204.97,,,
16NOV2016,HICL,0812,Habib Ins.,18.94,19.48,18.2,18.48,26500,18.53,,,
16NOV2016,IGIIL,0812,IGI Insurance,235.8,239.3,235,236.1,58900,235,,,
16NOV2016,EWLA,0812,East West Life,17,17,17,17,10000,17.04,,,
16NOV2016,ATIL,0812,Atlas Ins. Ltd,82.8,82.8,82.8,82.8,1000,82.3,,,
16NOV2016,JGICL,0812,Jubilee Gen.Ins,101.29,101.5,99.5,100,10500,100.59,,,
16NOV2016,PIL,0812,PICIC Ins.Ltd.XR,5.3,5.69,5.3,5.4,131500,5.42,,,
16NOV2016,PKGI,0812,Pak Gen.Ins.,8.4,8.45,8.25,8.25,9000,8.25,,,
16NOV2016,PAKRI,0812,Pak Reinsurance,35.4,35.4,35.4,35.4,500,35.7,,,
16NOV2016,RICL,0812,Reliance Ins.,11.5,11.59,11.16,11.25,110500,11.3,,,
16NOV2016,SHNI,0812,Shaheen Ins.,8.1,8.1,7.6,7.95,34500,7.98,,,
16NOV2016,UNIC,0812,United Insuranc,18.5,18.8,18.5,18.62,29000,18.75,,,
16NOV2016,AMTEX,0830,Amtex Limited,2.7,2.75,2.67,2.71,690500,2.71,,,
16NOV2016,ASTM,0830,Asim Textile,7,7,6.83,6.84,4000,6.96,,,
16NOV2016,BCML,0830,Babri Cotton,80,80,80,82,200,82,,,
16NOV2016,BROT,0830,Brothers Textile,5.95,5.95,5.94,5.94,2000,5.85,,,
16NOV2016,CWSM,0830,Chakwal Spinning,5.94,6.2,5.94,6.05,12000,6.25,,,
16NOV2016,HIRAT,0830,Hira Textile,13.1,13.38,12.95,12.98,453000,13.26,,,
16NOV2016,DFSM,0830,Dewan Farooque Sp.,4.95,5.05,4.77,4.86,191000,4.82,,,
16NOV2016,DINT,0830,Din TextileXD,85,87.25,85,86.5,300,83.1,,,
16NOV2016,DSIL,0830,D.S. Ind. Ltd.,5.59,5.59,5.36,5.42,164500,5.42,,,
16NOV2016,FZCM,0830,Fazal ClothXD,150.5,150.5,145.33,145.34,1100,152.97,,,
16NOV2016,GADT,0830,Gadoon Textile,245.26,247,236.25,238.18,28100,247.42,,,
16NOV2016,HMIM,0830,H.M.Ismail,6.17,6.5,6.17,6.5,13500,6.5,,,
16NOV2016,IDRT,0830,Idrees Textile,13.7,13.7,13.7,13.7,1000,13.4,,,
16NOV2016,ILTM,0830,Island Textile,1197.95,1200,1197.95,1200,100,1260.9921,,,
16NOV2016,JDMT,0830,Janana D MalXD,119,119,109.89,111.52,24400,115.67,,,
16NOV2016,KOSM,0830,Kohinoor Spining,7.29,7.29,6.95,6.99,143000,7.02,,,
16NOV2016,LMSM,0830,Land Mark Spinning,5.33,6,6,6,2000,6.25,,,
16NOV2016,NAGC,0830,Nagina CottonXD,62.9,62.9,61.01,62.9,33500,59.91,,,
16NOV2016,NCML,0830,Nazir Cotton Mills,12.5,12.54,11.33,11.33,555000,12.33,,,
16NOV2016,OLSM,0830,Olympia Spinning,5.8,5.8,5.8,5.8,2000,6.02,,,
16NOV2016,RUBY,0830,Ruby Textile,12.3,13.49,12.3,12.74,184500,13.15,,,
16NOV2016,SAIF,0830,Saif Textile,22.01,22.7,22.01,22.7,1500,22.7,,,
16NOV2016,SJTM,0830,Sajjad Tex.,6.1,6.21,6.1,6.21,2000,6.5,,,
16NOV2016,SNAI,0830,Sana IndustriesXD,66,66,65.5,66,5500,65.25,,,
16NOV2016,SRSM,0830,Sargoda Spinning,31.3,31.3,31.3,31.3,500,30,,,
16NOV2016,SSML,0830,Saritow Spinning,8.25,8.25,8.25,8.25,7500,8.3,,,
16NOV2016,SERT,0830,Service Textile,9.6,9.63,9.6,9.63,2000,10,,,
16NOV2016,SHDT,0830,Shadab TextileXD,56.01,56.9,56,56.9,3000,56.26,,,
16NOV2016,SUTM,0830,Sunrays TextileXD,228.9,228.9,215.01,220.01,500,218.01,,,
16NOV2016,THAS,0830,Taha Spinning,11.3,11.3,11.3,11.3,500,11.2,,,
16NOV2016,TATM,0830,Tata Textile,42.49,42.5,38.48,38.48,13000,40.5,,,
16NOV2016,ASHT,0831,Ashfaq Textile,0,9.56,9.56,9.56,500,9.56,,,
16NOV2016,FML,0831,Feroze 1888XD,192,192,190,191,300,184.1,,,
16NOV2016,PRWM,0831,Prosperity WeavXD,38,38,38,38,500,39.9,,,
16NOV2016,SMTM,0831,Samin Textile,9.02,9.1,8.96,9.08,13000,9.05,,,
16NOV2016,SERF,0831,Service FabricsXD,10.97,10.98,10.55,10.59,50500,10.7,,,
16NOV2016,STJT,0831,Shahtaj TextileXD,197.94,197.94,197,197,1000,188.52,,,
16NOV2016,YOUW,0831,Yousuf Weaving,5.2,5.25,5.1,5.15,38500,5.25,,,
16NOV2016,ZTL,0831,Zephyr Textile,13,13.3,13,13,14500,13.04,,,
16NOV2016,AHTM,0829,Ahmed Hassan,22.5,22.5,22.5,22.5,1000,22.81,,,
16NOV2016,CHBL,0829,Chenab Limited,6.51,6.79,6.4,6.69,187000,6.66,,,
16NOV2016,CLCPS,0829,Chenab Ltd.(Pref),2.49,2.49,2.36,2.42,385000,2.41,,,
16NOV2016,CRTM,0829,Crescent Tex.XD,28.5,28.9,28.15,28.32,102500,28.57,,,
16NOV2016,NCL,0829,Nishat (Chun.),54.6,54.75,53.5,54.21,1329000,54.39,,,
16NOV2016,DLL,0829,Dawood Law,238.01,238.01,238.01,250,100,250,,,
16NOV2016,REWM,0829,Reliance WeavingXD,0,34.1,34.1,34.1,500,34.1,,,
16NOV2016,GATM,0829,Gul AhmedXD,50.6,52.35,50.55,51.46,724000,50.5,,,
16NOV2016,HAEL,0829,Hala Enterprise,8.93,9.15,8.93,9.1,18500,8.72,,,
16NOV2016,INKL,0829,Int.KnitwearXD,16,16,15.8,15.8,1000,16,,,
16NOV2016,INKLR1,0829,Inter Knitwear(R),5.75,5.75,5.35,5.5,1500,5.65,,,
16NOV2016,ISTM,0829,Ishaq Textiles,9.75,9.75,9.75,9.75,5000,9.8,,,
16NOV2016,JUBS,0829,Jubilee Spinning,6.4,6.5,6.36,6.4,5500,6.44,,,
16NOV2016,KML,0829,Kohinoor Mills,39.01,40,38.56,39.28,3000,39.98,,,
16NOV2016,KOIL,0829,Kohinoor Ind.,8.77,8.77,8.35,8.4,164000,8.62,,,
16NOV2016,KTML,0829,Kohinoor TextileXD,99,99.99,98.75,99.99,33000,99.31,,,
16NOV2016,ANL,0829,Azgard Nine,8.1,8.2,7.81,7.95,4352000,8,,,
16NOV2016,MTIL,0829,Mian Textile,3.6,3.67,3.55,3.67,10000,3.5,,,
16NOV2016,MFTM,0829,Mohd.Farooq,4.7,4.7,4.35,4.41,20000,4.52,,,
16NOV2016,MUBT,0829,Mubarak Textile,0,4.8,4.8,4.8,500,4.8,,,
16NOV2016,NML,0829,Nishat Mills Ltd,148,149.4,147.45,147.87,372800,147.38,,,
16NOV2016,REDCO,0829,Redco Textile,6.06,6.15,5.97,6.12,21500,6.03,,,
16NOV2016,SFAT,0829,Safa Textile,5.41,5.8,5.41,5.8,6500,6.19,,,
16NOV2016,SFL,0829,Sapphire FiberXD,1050,1050,997.5,997.5,400,1050,,,
16NOV2016,STML,0829,Shams Textile,25.73,25.73,25.73,25.73,500,27.08,,,
16NOV2016,SURC,0829,Suraj CottonXDXB,118,118,118,118,800,117.9,,,
16NOV2016,FASM,0829,Faisal SpinningXD,195,195,194.9,194.93,500,192,,,
16NOV2016,QUET,0829,Quetta Textile,25.6,26.35,25.6,26.28,3000,26.71,,,
16NOV2016,BNWM,0835,Bannu WoollenXD,66.84,67,65.82,66.08,61000,65.2,,,
16NOV2016,AGL,0805,Agritech Limited,12.2,12.44,12,12.14,278500,12.27,,,
16NOV2016,DSFL,0827,Dewan Salman,5.85,5.89,5.55,5.68,2209000,5.8,,,
16NOV2016,GATI,0827,Gatron Ind.,98,102,99.5,99.83,1200,103.03,,,
16NOV2016,IBFL,0827,Ibrahim Fibres,73.23,73.5,71,71,8000,70,,,
16NOV2016,NSRM,0827,National Silk,77,77,76,77.05,200,77.05,,,
16NOV2016,PSYL,0827,Pak SyntheticsXD,35,35,35,35,1000,36,,,
16NOV2016,RUPL,0827,Rupali Polyester,16.12,16.1,15.66,15.98,7000,16.61,,,
16NOV2016,TRPOL,0827,Tri-Star Polyester,9.9,10.9,9.72,10.88,4331500,9.9,,,
16NOV2016,CJPL,0814,Crescent Jute,3.65,3.65,3.6,3.6,2000,3.65,,,
16NOV2016,ASRL,0814,Associated Serv,73,73,73,73,4500,73,,,
16NOV2016,THALL,0802,Thal Limited,428.9,439.99,428.9,432.92,98700,427.92,,,
16NOV2016,ADAMS,0826,Adam Sugar,49,49.5,46,48.99,13000,47.3,,,
16NOV2016,AABS,0826,AL-Abbas Sugar,285,285,285,285,300,297.35,,,
16NOV2016,AGSML,0826,Abdullah Shah,6.75,7.7,6.6,7.47,258500,6.75,,,
16NOV2016,ALNRS,0826,AL-Noor Sugar,65,67.2,63.5,67.18,55500,64,,,
16NOV2016,ANSM,0826,Ansari Sugar,15.59,15.59,15.59,15.59,500,15.38,,,
16NOV2016,CHAS,0826,Chashma Sugar,85.5,89.61,84,89.59,141300,85.35,,,
16NOV2016,IMSL,0826,Imperial Sugar Ltd.,7.7,8.25,7.65,8.16,119500,7.73,,,
16NOV2016,CCM,0830,Crescent Cotton,43.9,43.9,43.9,43.9,2500,41.81,,,
16NOV2016,DWSM,0826,Dewan Sugar,7.2,7.6,7.14,7.48,39500,7.3,,,
16NOV2016,EFOODS,0810,Engro Foods Ltd.,146.2,146.5,145.5,146.21,182300,146.12,,,
16NOV2016,FRSM,0826,Faran Sugar,156.84,164.68,156.84,164.68,64800,156.84,,,
16NOV2016,HABSM,0826,Habib Sugar,47,48.3,46.67,48.07,130500,47,,,
16NOV2016,HAL,0826,Habib-ADM Ltd,24.9,25.21,24,25.21,263000,24.01,,,
16NOV2016,HWQS,0826,Haseeb Waqas Sugar,8.2,8.2,7.63,7.89,84500,7.83,,,
16NOV2016,HSM,0826,Husein Sugar Mills,26.26,27.33,25.51,27.33,272000,26.03,,,
16NOV2016,JDWS,0826,J.D.W.Sugar,510,546,510,539.01,25400,520,,,
16NOV2016,MRNS,0826,Mehran Sugar,188,195.3,188,195.3,27000,186,,,
16NOV2016,MIRKS,0826,Mirpurkhas Sugar,209,210,209,210,31100,200,,,
16NOV2016,MZSM,0826,Mirza Sugar,4.4,4.85,4.3,4.76,72500,4.79,,,
16NOV2016,NONS,0826,Noon Sugar,43.16,46.72,43.16,46.72,304000,44.5,,,
16NOV2016,PNGRS,0826,Pangrio Sugar,4.68,4.68,4.68,4.68,1000,4.68,,,
16NOV2016,SKRS,0826,Sakrand Sugar,5.69,5.69,5.69,5.69,1500,5.3,,,
16NOV2016,SANSM,0826,Sanghar Sugar,42,42,42,42,1000,40.225,,,
16NOV2016,SHJS,0826,Shahtaj Sugar,148,153.3,148,153.3,4500,146,,,
16NOV2016,SHSML,0826,Shahmurad Sugar,59,61.95,59,61.23,17500,59,,,
16NOV2016,SML,0826,Shakarganj Limited,24.95,26.26,24.9,26.26,830000,25.01,,,
16NOV2016,ACPL,0804,Attock Cement,254,254,250,250.5,1000,255,,,
16NOV2016,BWCL,0804,Bestway Cement,226,226.6,221.11,223.93,50300,225.14,,,
16NOV2016,CHCC,0804,Cherat Cement,148.5,151,147.11,149.67,433800,148.13,,,
16NOV2016,DNCC,0804,Dandot Cement,12.51,12.6,12.51,12.55,6000,12.99,,,
16NOV2016,DGKC,0804,D.G.K.CementXD,185.5,187.1,184.75,186.33,1139900,185.76,,,
16NOV2016,AKZO,0805,Akzo Nobel Pak.,233,234.5,230.5,230.97,53500,232.72,,,
16NOV2016,POWER,0804,Power Cement Ltd.,11.6,11.7,11.3,11.33,2528000,11.4,,,
16NOV2016,FCCL,0804,Fauji Cement,38.8,39.16,38.6,38.71,1488500,38.67,,,
16NOV2016,FECTC,0804,Fecto CementXD,117.5,118.5,117.5,118.36,700,117.53,,,
16NOV2016,FLYNG,0804,Flying Cement,12.65,13.3,12,12.66,6308500,12.65,,,
16NOV2016,GWLC,0804,Gharibwal Cement,50,50,50,50,1000,50,,,
16NOV2016,JVDC,0804,Javedan Corp.,33,33.48,33,33.03,54000,33.42,,,
16NOV2016,KOHC,0804,Kohat CementXD,267,269.9,263,267.14,21100,264.29,,,
16NOV2016,LUCK,0804,Lucky CementXD,715,722,710.32,716.6,371250,713.98,,,
16NOV2016,MLCF,0804,MapleLeafCementXD,107,108.39,105.6,106.76,1873500,107.22,,,
16NOV2016,DCL,0804,Dewan Cement,36.18,36.89,35.3,36.45,7968500,35.74,,,
16NOV2016,PIOC,0804,Pioneer CementXD,115,116.1,113.5,115.3,385600,114.35,,,
16NOV2016,SMCPL,0804,Safe Mix Con.Ltd,9.78,10,9.62,9.88,218500,9.81,,,
16NOV2016,THCCL,0804,Thatta Cement,34.8,35.24,34.4,34.48,256500,34.76,,,
16NOV2016,KHTC,0832,Khyber TobaccoXD,1000,1019,1000,1018,1300,1017.93,,,
16NOV2016,PMPK,0832,Philip Morris Pak.,1860.02,1860.02,1837.06,1837.06,3240,1933.74,,,
16NOV2016,PAKT,0832,Pak TobaccoXD,1030,1040,1030,1040,60,1027.17,,,
16NOV2016,ATRL,0825,Attock Refinery,371,385.73,367,382.6,2844300,367.37,,,
16NOV2016,BYCO,0825,Byco Petroleum,22.28,22.5,22.2,22.33,1008000,22.2,,,
16NOV2016,NRL,0825,National Refinery,610,615,596,604.83,479300,609.95,,,
16NOV2016,PRL,0825,Pak RefineryXD,42.23,42.4,42.1,42.24,509000,42.13,,,
16NOV2016,EPQL,0824,Engro Powergen,31.37,31.45,31.25,31.3,66500,31.24,,,
16NOV2016,AEL,0824,Arshad Energy,15.41,17.38,15.39,15.39,244000,16.39,,,
16NOV2016,JPGL,0824,Japan Power,7,7.1,6.45,6.52,29378500,6.69,,,
16NOV2016,HUBC,0824,Hub Power Co.,104.7,105,103.75,104,714800,104.49,,,
16NOV2016,KEL,0824,K-Electric Ltd.,9.11,9.19,9.11,9.15,6200500,9.11,,,
16NOV2016,KOHP,0824,Kohinoor Power,8.15,8.4,8.05,8.2,135000,8.22,,,
16NOV2016,LPL,0824,Lalpir Power,22.35,22.4,22.16,22.26,73000,22.29,,,
16NOV2016,KAPCO,0824,Kot Addu PowerXD,76.15,76.99,75.7,76.18,1242500,76.18,,,
16NOV2016,NCPL,0824,Nishat ChunPowXD,54.7,55.4,54.25,55.2,35500,54.82,,,
16NOV2016,NPL,0824,Nishat PowerXD,54,54.35,54,54.33,21500,53.5,,,
16NOV2016,PKGP,0824,Pakgen Power,25.36,25.36,25.07,25.1,13000,25.49,,,
16NOV2016,SPWL,0824,Saif Power Ltd.,30.4,30.4,30.17,30.24,8500,30.26,,,
16NOV2016,TSPL,0824,Tri-Star Power XD,11,11.15,10.76,10.98,418500,11.12,,,
16NOV2016,APL,0821,Attock Petroleum,625,628.5,619,622.62,37900,622.43,,,
16NOV2016,PSO,0821,P.S.O.XD,395,395,388.5,390.85,466100,390.22,,,
16NOV2016,BPL,0821,Burshane LPGXD,62.85,62.86,62.85,62.86,2000,63,,,
16NOV2016,SHEL,0821,Shell Pakistan,445,454,435.1,450.42,303900,440.97,,,
16NOV2016,SSGC,0821,Sui South Gas,46.94,47.99,46.82,47.22,7577000,46.82,,,
16NOV2016,SNGP,0821,Sui North Gas,66.2,68.5,66.2,68.14,12376500,65.49,,,
16NOV2016,HASCOL,0821,Hascol Petrol,281.4,293.64,281.1,293.64,2906200,279.66,,,
16NOV2016,HTL,0821,HI-Tech Lubri.XD,102.25,106.16,101.35,105.94,2469500,101.11,,,
16NOV2016,MARI,0820,Mari Petroleum,1039.7,1054,1031,1041.89,52300,1029.89,,,
16NOV2016,OGDC,0820,Oil & Gas Dev.XD,141,142,140.1,140.64,1173900,140.05,,,
16NOV2016,POL,0820,Pak Oilfields,417.1,419.5,413.51,414.58,268500,411.99,,,
16NOV2016,PPL,0820,Pak Petroleum,154.99,155.3,154.02,154.46,179100,153.94,,,
16NOV2016,ADOS,0808,Ados Pakistan,49,49,49,49,1000,50.01,,,
16NOV2016,ASL,0808,Aisha Steel Mill,14.1,14.27,13.9,13.94,4048500,14.03,,,
16NOV2016,ASLPS,0808,Aisha StelCoP/S,12.38,12.55,12.37,12.55,1500,13,,,
16NOV2016,ASTL,0808,Amreli SteelsXD,68.75,68.75,66.56,68.21,342500,68.33,,,
16NOV2016,BCL,0808,Bolan CastingXD,74.4,74.4,73.4,73.97,11500,75.01,,,
16NOV2016,DADX,0808,Dadex Eternit,57.05,57.05,54.83,54.83,4000,57.71,,,
16NOV2016,DSL,0808,Dost Steels Ltd.,10.31,10.5,10.25,10.45,1012000,10.33,,,
16NOV2016,DSLR,0808,Dost Steel (R),4.07,4.29,4.02,4.18,19739500,4.11,,,
16NOV2016,CSAP,0808,Crescent Steel,144.49,144.49,142.75,143.01,154800,143.05,,,
16NOV2016,DKL,0808,Drekkar Kings,11.98,11.98,11.65,11.7,6000,11.69,,,
16NOV2016,HSPI,0808,Huffaz Seamless,24.39,24.99,24.39,24.99,101000,23.8,,,
16NOV2016,INIL,0808,Int. Ind.Ltd.,174.9,175.6,173.01,174.12,94500,173.6,,,
16NOV2016,ISL,0808,Inter.Steel Ltd,78.9,79.8,78.4,79.23,1764500,78.12,,,
16NOV2016,KSBP,0808,K.S.B.Pumps,385,386,370,379,34800,381.77,,,
16NOV2016,MUGHAL,0808,Mughal Iron&SteXD,94.05,94.1,93.35,93.55,23500,94.25,,,
16NOV2016,PECO,0808,Pak Engineering,350,353,336.5,353,1200,353,,,
16NOV2016,AGTL,0801,AL-Ghazi TractorsXD,585,612.62,585,612.62,169800,583.45,,,
16NOV2016,ATLH,0801,Atlas Honda Ltd,599.99,600,584,589.41,7400,595.9,,,
16NOV2016,DFML,0801,Dewan Motors,41.5,41.77,40.6,40.95,4295500,41.23,,,
16NOV2016,GAIL,0801,Ghani Automobile,11.38,11.49,11,11.05,1489500,11.16,,,
16NOV2016,GHNI,0801,Ghandhara Ind.XD,675,689,670,685.43,252200,670.88,,,
16NOV2016,GHNL,0801,Ghand Nissan,311,325.39,309.6,324.74,2037400,309.9,,,
16NOV2016,HINO,0801,Hinopak Motor,1405,1405,1375,1400,500,1400,,,
16NOV2016,HCAR,0801,Honda Atlas Cars,583,583,570.25,576.31,85200,578.99,,,
16NOV2016,INDU,0801,Indus Motor CoXD,1585,1588,1530,1542.22,27550,1571.83,,,
16NOV2016,MTL,0801,Millat TractorsXD,808,815,799.5,803.81,97300,803.78,,,
16NOV2016,PSMC,0801,Pak Suzuki,535.5,540.25,535.5,537.82,2100,536.04,,,
16NOV2016,SAZEW,0801,Sazgar Eng.,99.9,102.4,99,102.4,483500,97.53,,,
16NOV2016,AGIL,0802,Agriautos Ind.,300,305,300,300,20300,300.2,,,
16NOV2016,ATBA,0802,Atlas Battery,865,890,845,865,7750,855,,,
16NOV2016,BWHL,0802,Bal.WheelsXD,146.1,146.1,145,145,1500,146,,,
16NOV2016,EXIDE,0802,Exide (PAK),994.61,994.61,994.61,994.61,1250,947.25,,,
16NOV2016,GTYR,0802,General Tyre,264.9,267,252,261.59,264900,264.82,,,
16NOV2016,LOADS,0802,Loads Limited,56.56,56.56,55.4,56.56,5048000,53.87,,,
16NOV2016,JOPP,0803,Johnson & Philips,25,26.11,25,26.11,37500,24.87,,,
16NOV2016,PCAL,0803,Pakistan CablesXD,277,277,272,275,6400,275,,,
16NOV2016,PAEL,0803,Pak Elektron,71.3,72.29,71.21,71.5,996000,71.59,,,
16NOV2016,TPL,0803,TPL Trakker LtdXD,17.1,17.35,16.63,16.74,6399000,17.15,,,
16NOV2016,AVN,0828,Avanceon Ltd,36,36.49,35.66,35.97,246500,36.16,,,
16NOV2016,SING,0803,Singer Pak.,42.8,43.55,42.15,43.51,1870000,41.48,,,
16NOV2016,SIEM,0803,Siemens Pak.,1199,1199,1199,1199,50,1152,,,
16NOV2016,SPEL,0818,Synthetic ProdXD,68.1,68.1,66.25,66.6,11000,68,,,
16NOV2016,PNSC,0833,P.N.S.CXD,143.7,147.5,143,146.04,194500,142,,,
16NOV2016,PIBTL,0833,Pak Int.Bulk,33,33.12,32.45,32.52,3914000,32.84,,,
16NOV2016,PICT,0833,Pak.Int.Cont.XD,365.1,365.1,365.1,365.1,400,366,,,
16NOV2016,PIAA,0833,P.I.A.C.(A),11,11.26,10.56,10.65,20968000,10.86,,,
16NOV2016,HUMNL,0828,Hum Network,12.6,12.69,12.3,12.4,1107500,12.41,,,
16NOV2016,NETSOL,0828,Netsol Tech.,58,58.5,58,58.1,81000,57.58,,,
16NOV2016,PAKD,0828,Pak DatacomXD,0,76.7337,0,76.7337,0,76.8879,,,
16NOV2016,MDTL,0828,Media Times Ltd,3.87,4.1,3.82,3.93,3237000,3.78,,,
16NOV2016,SYS,0828,Systems Limited,86,86.95,84,84.84,254500,85.83,,,
16NOV2016,PTC,0828,P.T.C.L.,18.14,18.5,18.14,18.38,5502000,18.14,,,
16NOV2016,TRG,0828,TRG Pak Ltd,45.01,45.55,43.4,44.03,14142000,44.94,,,
16NOV2016,TELE,0828,Telecard Limited,5.45,5.53,5.16,5.24,8894000,5.33,,,
16NOV2016,WTL,0828,WorldCall Telecom,2.82,3.15,2.75,2.96,37170000,2.78,,,
16NOV2016,DAWH,0809,Dawood HerculesXD,134.9,134.99,133.3,133.75,239300,133.64,,,
16NOV2016,ENGRO,0809,Engro Corp,290.99,291.79,287,291.14,730500,289.97,,,
16NOV2016,EFERT,0809,Engro Fert.,63,63.5,63,63.06,967500,63.05,,,
16NOV2016,FFBL,0809,Fauji Fert Bin,52.9,52.9,52,52.59,426500,52.72,,,
16NOV2016,FFC,0809,Fauji Fert.XD,105.06,105.5,104.81,105.06,577500,105.12,,,
16NOV2016,ABOT,0823,Abbott Lab.,880,914.9,876,907.92,6700,884.15,,,
16NOV2016,FEROZ,0823,Ferozsons (Lab),782.15,786.5,780,780.36,2500,786.46,,,
16NOV2016,GLAXO,0823,GlaxoSmithKline,207.97,207.98,205,205.31,231200,206.48,,,
16NOV2016,HINOON,0823,Highnoon (Lab),583.96,588.96,580,583.99,850,580,,,
16NOV2016,SAPL,0823,Sanofi-Aventis,1650.1,1655,1640,1652.85,750,1650.17,,,
16NOV2016,OTSU,0823,Otsuka Pak,186.11,188.5,185,186.95,21500,194.5,,,
16NOV2016,SEARL,0823,The Searle Co.XDXB,531.5,533,529,529.7,25400,530.81,,,
16NOV2016,WYETH,0823,Wyeth Pak Ltd,3739,3760,3661.1,3730.05,1960,3665.78,,,
16NOV2016,BAPL,0805,Bawany Air Products,10.63,10.63,10.16,10.24,21000,10.96,,,
16NOV2016,BIFO,0805,Biafo Ind.XDXB,331,349.5,328,329.77,21700,339.97,,,
16NOV2016,BERG,0805,Berger PaintsXD,187.56,190,185.65,189.68,9500,187.56,,,
16NOV2016,BUXL,0805,Buxly Paints,103.85,103.85,103.85,103.85,500,106.99,,,
16NOV2016,ARPL,0805,Archroma Pak,735,736,723,723.86,9800,731.25,,,
16NOV2016,CTM,0830,Colony Tex.Mills Ltd,6.69,6.69,6.1,6.29,2551500,6.52,,,
16NOV2016,DOL,0805,Descon Oxychem,16.62,16.8,16.3,16.47,353000,16.6,,,
16NOV2016,DAAG,0805,Data Agro      ,17.05,17.05,17.05,17.05,1000,17.01,,,
16NOV2016,DYNO,0805,Dynea Pakistan,58,59.89,58,59.89,2000,60,,,
16NOV2016,EPCL,0805,Engro Polymer,12.41,12.79,12.1,12.22,2260000,12.45,,,
16NOV2016,FATIMA,0809,Fatima Fert.,34.3,34.6,33.65,33.94,128000,34.32,,,
16NOV2016,GGL,0805,Ghani Gases,20.96,21.05,20.75,20.8,180500,20.95,,,
16NOV2016,ICI,0805,ICI PakistanXD,842,845,825,828.94,11200,833.44,,,
16NOV2016,ICL,0805,Ittehad Chem.XD,39.26,39.49,38.9,39.09,47500,39.1,,,
16NOV2016,LPGL,0805,Leiner Pak Gelat,54,54.13,51.1,52.49,5500,51.56,,,
16NOV2016,PGCL,0805,Pak Gum & Chem.,164.99,166.49,160,160.75,2400,162.83,,,
16NOV2016,LOTCHEM,0805,Lotte Chemical,8.28,8.28,8.01,8.03,1664000,8.16,,,
16NOV2016,PPVC,0805,Pak.P.V.C.,7.16,7.46,7.15,7.4,25000,7.15,,,
16NOV2016,NICL,0805,Nimir Ind.Chem.,40.75,41.76,40.75,41.54,14500,41.25,,,
16NOV2016,LINDE,0805,Linde Pakistan,140,141.73,139,139.16,8600,140,,,
16NOV2016,NRSL,0805,Nimir Resins,11.7,11.8,11.4,11.45,1540000,11.57,,,
16NOV2016,SHCI,0805,Shaffi Chemical,10.26,10.68,10.26,10.38,11500,10.24,,,
16NOV2016,SITC,0805,Sitara ChemicalXD,552,575,551,555.18,2000,579.8,,,
16NOV2016,SPL,0805,Sitara Peroxide,28.98,29.4,28.6,28.76,185000,28.96,,,
16NOV2016,WAHN,0805,Wah-Noble,114.88,115.12,113,115.12,130000,109.64,,,
16NOV2016,BPBL,0822,B.P.Board,8.45,8.45,7.56,8.25,11500,8.45,,,
16NOV2016,CEPB,0822,Century Paper,61,61,58.4,58.53,175000,60.61,,,
16NOV2016,CPPL,0822,Cherat Pack,360.15,368.89,358,365,6300,360.15,,,
16NOV2016,MERIT,0822,Merit Packaging,27.5,27.8,26.9,27.41,344500,26.94,,,
16NOV2016,PKGS,0822,Packages Ltd.,797.89,797.95,776.05,779.75,112300,788.04,,,
16NOV2016,SEPL,0822,Security Paper,92.01,93,92,92.5,4800,92.99,,,
16NOV2016,POML,0834,Punjab OilXD,325,325,322.06,322.06,1100,339,,,
16NOV2016,SSOM,0834,S.S.OilXD,42.05,43.4,41.98,42.89,6000,41.54,,,
16NOV2016,LEUL,0816,Leather Up Ltd.XD,16.95,17.45,16.95,17.4,3000,17.49,,,
16NOV2016,SRVI,0816,Service Ind.Ltd,1340,1360,1340,1360,400,1354.52,,,
16NOV2016,ASC,0810,Al-Shaheer CorpXB,51.74,51.89,51.22,51.6,249500,51.25,,,
16NOV2016,CLOV,0810,Clover PakistanXD,43.17,43.74,42.91,43.3,41000,43.6,,,
16NOV2016,IBLHL,0823,IBL HealthCareXDXB,143.1,143.5,142,142.87,6900,143.57,,,
16NOV2016,ISIL,0810,Ismail IndXD,370.51,407.5,370.51,403.17,2300,389.8,,,
16NOV2016,MFFL,0810,MithchellsFruit,320,320.01,316.5,319.02,400,320.76,,,
16NOV2016,MUREB,0810,Murree BreweryXD,918.89,918.89,897.01,910.83,5850,905.17,,,
16NOV2016,NATF,0810,National FoodsXD,300,302.5,300,302,1400,301.7,,,
16NOV2016,FFL,0810,Fauji Foods Ltd,79.24,79.24,77.87,77.95,75900,78.81,,,
16NOV2016,FFLNV,0810,Fauji FoodsNonV,59.39,59.4,59,59.04,46000,59.02,,,
16NOV2016,QUICE,0810,Quice Food,9.29,10.2,9.26,9.75,22045500,9.2,,,
16NOV2016,RMPL,0810,Rafhan Maize(XD),7700,7700,7700,7700,60,7700,,,
16NOV2016,SHEZ,0810,Shezan Inter.XD,486,486.5,460,477.5,3400,473.55,,,
16NOV2016,TREET,0810,Treet CorpXD,52,53,52,52.59,849500,51.78,,,
16NOV2016,TCLTC,0810,Treet Corp(PTCs)XD,25,25,25,25,1000,25.17,,,
16NOV2016,ZIL,0810,ZIL Limited,89.51,89.51,88.5,88.5,6500,89.6,,,
16NOV2016,BGL,0811,Bal.Glass,9.59,9.59,9.2,9.35,78000,9.41,,,
16NOV2016,EMCO,0811,EMCO Industries,33,33,33,33,1000,33,,,
16NOV2016,GHGL,0811,Ghani Glass Ltd,134.5,135,131.56,131.8,8000,133.55,,,
16NOV2016,GGGL,0811,GhaniGlobalGlass,21.68,21.68,21.1,21.41,509500,21.61,,,
16NOV2016,GVGL,0811,Ghani Value Gla.,22.8,23,22,22.07,38000,22.99,,,
16NOV2016,TGL,0811,Tariq Glass Ind.XD,101,101.47,99.99,101.01,139000,100.33,,,
16NOV2016,STCL,0811,Shabbir Tiles,11.27,11.67,11.26,11.31,1390000,11.24,,,
16NOV2016,GAMON,0818,Gammon Pak,30.89,31.5,30.89,31.5,14500,30,,,
16NOV2016,AKGL,0818,AL-Khair Gadoon,12.05,12.75,12.05,12.75,1000,12.05,,,
16NOV2016,HADC,0818,Haydery Const,6.45,6.75,6.01,6.17,84500,6.34,,,
16NOV2016,MACFL,0818,MACPAC FilmsXD,21.76,21.95,21.5,21.88,21000,21.76,,,
16NOV2016,ECOP,0818,ECOPACK LtdXB,24.15,24.6,24,24.12,37500,24.5,,,
16NOV2016,PACE,0818,Pace (Pak) Ltd.,11,11.34,10.95,11.05,16037000,10.82,,,
16NOV2016,PSEL,0818,Pak ServicesXD,880,900,880,900,9050,868.87,,,
16NOV2016,AKDCL,0818,AKD CapitalXD,117.65,117.65,117.65,118.99,100,118.99,,,
16NOV2016,SHFA,0818,Shifa Int.HospXD,323,325,323,324.83,6400,322.9,,,
16NOV2016,STPL,0818,Siddiqsons TinXD,16.85,16.85,16.2,16.44,441000,16.45,,,
16NOV2016,TRIPF,0818,Tri-Pack Films,275,279,273.1,276.84,132900,273.26,,,
16NOV2016,UDPL,0818,United Dist.XB,70.99,71,64.98,64.98,17000,68.39,,,
16NOV2016,HBLTFC,36,HBLTFC Priv. Placed,0,100.05,0,100.05,0,100.05,,,
16NOV2016,SMBLTFC,36,Summit Bank(TFC,0,102,0,102,0,102,,,
16NOV2016,BAFLTFC5,36,Bank Alfalah(TFC),0,101.897,0,101.897,0,101.897,,,
16NOV2016,NIBTFC2,36,NIB Bank,0,100.6346,0,100.6346,0,100.6346,,,
16NOV2016,ENGROSC2,36,EngroCorp(SUKUK,0,118.1138,0,118.1138,0,118.1138,,,
16NOV2016,ENGROSC,36,EngroCorp(SUKUK,0,105.1232,0,105.1232,0,105.1232,,,
16NOV2016,KELSC4,36,K-Elect(SUKUK-4,0,102.5287,102.2461,102.5287,4877,102.2461,,,
16NOV2016,AICL-CNOV,40,AICL-CNOV,0,59.07,0,59.07,0,59.32,,,
16NOV2016,AKBL-CNOV,40,AKBL-CNOV,0,24.08,0,24.08,0,23.86,,,
16NOV2016,ATRL-CNOV,40,ATRL-CNOV,0,383.67,0,383.67,0,368.5,,,
16NOV2016,BAHL-CNOV,40,BAHL-CNOV,0,51.14,0,51.14,0,50.38,,,
16NOV2016,FCCL-CNOV,40,FCCL-CNOV,0,38.82,0,38.82,0,38.79,,,
16NOV2016,FFC-CNOV,40,FFC-CNOV,0,105.36,0,105.36,0,105.44,,,
16NOV2016,FABL-CNOV,40,FABL-CNOV,0,19.13,0,19.13,0,19.51,,,
16NOV2016,HBL-CNOV,40,HBL-CNOV,0,240.57,0,240.57,0,240.82,,,
16NOV2016,KAPCO-CNOV,40,KAPCO-CNOV,0,76.39,0,76.39,0,76.41,,,
16NOV2016,NML-CNOV,40,NML-CNOV,0,148.29,0,148.29,0,147.83,,,
16NOV2016,UBL-CNOV,40,UBL-CNOV,0,213.5,0,213.5,0,213.3,,,
16NOV2016,AICL-CDEC,40,AICL-CDEC,0,59.66,0,59.66,0,59.92,,,
16NOV2016,ATRL-CDEC,40,ATRL-CDEC,0,387.54,0,387.54,0,372.21,,,
16NOV2016,DGKC-CDEC,40,DGKC-CDEC,0,188.74,0,188.74,0,188.21,,,
16NOV2016,FFC-CDEC,40,FFC-CDEC,0,106.42,0,106.42,0,106.5,,,
16NOV2016,HBL-CDEC,40,HBL-CDEC,0,243,0,243,0,243.24,,,
16NOV2016,KAPCO-CDEC,40,KAPCO-CDEC,0,77.16,0,77.16,0,77.18,,,
16NOV2016,NML-CDEC,40,NML-CDEC,0,149.78,0,149.78,0,149.32,,,
16NOV2016,UBL-CDEC,40,UBL-CDEC,0,215.65,0,215.65,0,215.44,,,
16NOV2016,AICL-CJAN,40,AICL-CJAN,0,60.11,0,60.11,0,60.37,,,
16NOV2016,ATRL-CJAN,40,ATRL-CJAN,0,390.44,0,390.44,0,374.99,,,
16NOV2016,DGKC-CJAN,40,DGKC-CJAN,0,190.15,0,190.15,0,189.61,,,
16NOV2016,FFC-CJAN,40,FFC-CJAN,0,107.21,0,107.21,0,107.3,,,
16NOV2016,HBL-CJAN,40,HBL-CJAN,0,244.82,0,244.82,0,245.06,,,
16NOV2016,KAPCO-CJAN,40,KAPCO-CJAN,0,77.74,0,77.74,0,77.76,,,
16NOV2016,NML-CJAN,40,NML-CJAN,0,150.9,0,150.9,0,150.44,,,
16NOV2016,UBL-CJAN,40,UBL-CJAN,0,217.26,0,217.26,0,217.05,,,
16NOV2016,DGKC-CNOV,40,DGKC-CNOV,0,186.85,0,186.85,0,186.33,,,
16NOV2016,AKBL-CDEC,40,AKBL-CDEC,0,24.32,0,24.32,0,24.1,,,
16NOV2016,BAHL-CDEC,40,BAHL-CDEC,0,51.66,0,51.66,0,50.89,,,
16NOV2016,NCL-NOV,40,NCL-NOV,52.4,52.45,51.25,51.6,727000,52.11,,,
16NOV2016,AKBL-CJAN,40,AKBL-CJAN,0,24.5,0,24.5,0,24.28,,,
16NOV2016,BAHL-CJAN,40,BAHL-CJAN,0,52.05,0,52.05,0,51.27,,,
16NOV2016,HUBC-NOV,40,HUBC-NOV,105,105.49,104.4,105.15,3500,105.33,,,
16NOV2016,PSO-NOV,40,PSO-NOV,395.9,395.9,389.72,392.13,266500,391.57,,,
16NOV2016,MCB-NOV,40,MCB-NOV,225.26,227.5,225.26,227.07,45000,226.48,,,
16NOV2016,NML-NOV,40,NML-NOV,143.5,144.4,143,143.05,35000,143.09,,,
16NOV2016,PTC-NOV,40,PTC-NOV,18.23,18.52,18.21,18.37,500500,18.18,,,
16NOV2016,ENGRO-NOV,40,ENGRO-NOV,291.95,292.5,288,291.74,221000,290.99,,,
16NOV2016,FFC-NOV,40,FFC-NOV,105,105.5,104.93,105.5,25500,105.31,,,
16NOV2016,FFBL-NOV,40,FFBL-NOV,53.2,53.2,52.35,52.59,120500,52.94,,,
16NOV2016,DGKC-NOV,40,DGKC-NOV,187.2,187.6,185,186.8,564000,186.48,,,
16NOV2016,POL-NOV,40,POL-NOV,420,420,415,415.87,76500,413.04,,,
16NOV2016,NBP-NOV,40,NBP-NOV,73.5,73.65,72.9,73.13,157000,73.17,,,
16NOV2016,MLCF-NOV,40,MLCF-NOV,107.65,108.75,106,107.09,472500,107.54,,,
16NOV2016,BOP-NOV,40,BOP-NOV,20.08,20.2,19.64,19.8,14436000,19.93,,,
16NOV2016,AKBL-NOV,40,AKBL-NOV,24,24.25,23.6,24.05,361000,23.9,,,
16NOV2016,PPL-NOV,40,PPL-NOV,155.3,155.5,154.58,154.99,45000,154.6,,,
16NOV2016,OGDC-NOV,40,OGDC-NOV,142,142.1,140.75,141.03,206500,140.53,,,
16NOV2016,PIOC-NOV,40,PIOC-NOV,115.99,116.51,113.25,115.8,57500,114.64,,,
16NOV2016,KEL-NOV,40,KEL-NOV,9.16,9.2,9.14,9.17,322500,9.15,,,
16NOV2016,BAFL-NOV,40,BAFL-NOV,33.4,33.4,33,33.2,132000,33.2,,,
16NOV2016,KAPCO-NOV,40,KAPCO-NOV,76.7,76.7,76.15,76.15,3000,75.97,,,
16NOV2016,OGDC-CNOV,40,OGDC-CNOV,0,141.03,0,141.03,0,140.48,,,
16NOV2016,PTC-CNOV,40,PTC-CNOV,0,18.43,0,18.43,0,18.2,,,
16NOV2016,NBP-CNOV,40,NBP-CNOV,0,73,0,73,0,73.17,,,
16NOV2016,OGDC-CDEC,40,OGDC-CDEC,0,142.46,0,142.46,0,141.89,,,
16NOV2016,PTC-CDEC,40,PTC-CDEC,0,18.62,0,18.62,0,18.38,,,
16NOV2016,NBP-CDEC,40,NBP-CDEC,0,73.74,0,73.74,0,73.91,,,
16NOV2016,OGDC-CJAN,40,OGDC-CJAN,0,143.52,0,143.52,0,142.95,,,
16NOV2016,PTC-CJAN,40,PTC-CJAN,0,18.76,0,18.76,0,18.52,,,
16NOV2016,NBP-CJAN,40,NBP-CJAN,0,74.29,0,74.29,0,74.46,,,
16NOV2016,PPL-CNOV,40,PPL-CNOV,0,154.89,0,154.89,0,154.41,,,
16NOV2016,PSO-CNOV,40,PSO-CNOV,0,391.95,0,391.95,0,391.42,,,
16NOV2016,ENGRO-CNOV,40,ENGRO-CNOV,0,291.96,0,291.96,0,290.86,,,
16NOV2016,BOP-CNOV,40,BOP-CNOV,0,19.78,0,19.78,0,19.92,,,
16NOV2016,FFBL-CNOV,40,FFBL-CNOV,0,52.74,0,52.74,0,52.88,,,
16NOV2016,MCB-CNOV,40,MCB-CNOV,0,227.58,0,227.58,0,226.04,,,
16NOV2016,HUBC-CNOV,40,HUBC-CNOV,0,104.29,0,104.29,0,104.81,,,
16NOV2016,POL-CNOV,40,POL-CNOV,0,415.74,0,415.74,0,413.26,,,
16NOV2016,BAFL-CNOV,40,BAFL-CNOV,0,33.08,0,33.08,0,33.27,,,
16NOV2016,PPL-CDEC,40,PPL-CDEC,0,156.46,0,156.46,0,155.97,,,
16NOV2016,PSO-CDEC,40,PSO-CDEC,0,395.9,0,395.9,0,395.36,,,
16NOV2016,ENGRO-CDEC,40,ENGRO-CDEC,0,294.9,0,294.9,0,293.79,,,
16NOV2016,BOP-CDEC,40,BOP-CDEC,0,19.97,0,19.97,0,20.12,,,
16NOV2016,FFBL-CDEC,40,FFBL-CDEC,0,53.27,0,53.27,0,53.41,,,
16NOV2016,MCB-CDEC,40,MCB-CDEC,0,229.87,0,229.87,0,228.32,,,
16NOV2016,HUBC-CDEC,40,HUBC-CDEC,0,105.34,0,105.34,0,105.87,,,
16NOV2016,POL-CDEC,40,POL-CDEC,0,419.94,0,419.94,0,417.42,,,
16NOV2016,BAFL-CDEC,40,BAFL-CDEC,0,33.42,0,33.42,0,33.61,,,
16NOV2016,AICL-NOV,40,AICL-NOV,59.25,59.52,58.8,58.97,37000,59.32,,,
16NOV2016,ATRL-NOV,40,ATRL-NOV,371.4,386.8,368.25,382.72,2567500,368.74,,,
16NOV2016,FCCL-NOV,40,FCCL-NOV,39.1,39.25,38.73,38.86,361500,38.83,,,
16NOV2016,UBL-NOV,40,UBL-NOV,213,213.26,213,213.25,4500,212.73,,,
16NOV2016,HBL-NOV,40,HBL-NOV,242.5,242.5,239,240.01,16000,240.25,,,
16NOV2016,PPL-CJAN,40,PPL-CJAN,0,157.63,0,157.63,0,157.13,,,
16NOV2016,PSO-CJAN,40,PSO-CJAN,0,398.86,0,398.86,0,398.31,,,
16NOV2016,ENGRO-CJAN,40,ENGRO-CJAN,0,297.11,0,297.11,0,295.98,,,
16NOV2016,BOP-CJAN,40,BOP-CJAN,0,20.12,0,20.12,0,20.27,,,
16NOV2016,FFBL-CJAN,40,FFBL-CJAN,0,53.67,0,53.67,0,53.81,,,
16NOV2016,MCB-CJAN,40,MCB-CJAN,0,231.59,0,231.59,0,230.02,,,
16NOV2016,HUBC-CJAN,40,HUBC-CJAN,0,106.13,0,106.13,0,106.66,,,
16NOV2016,POL-CJAN,40,POL-CJAN,0,423.08,0,423.08,0,420.53,,,
16NOV2016,BAFL-CJAN,40,BAFL-CJAN,0,33.67,0,33.67,0,33.86,,,
16NOV2016,NCL-CNOV,40,NCL-CNOV,0,54.36,0,54.36,0,54.56,,,
16NOV2016,NCL-CDEC,40,NCL-CDEC,0,54.91,0,54.91,0,55.11,,,
16NOV2016,BAHL-NOV,40,BAHL-NOV,0,51.16,0,51.16,0,49.5,,,
16NOV2016,FATIMA-NOV,40,FATIMA-NOV,0,34.04,0,34.04,0,34.44,,,
16NOV2016,PAEL-NOV,40,PAEL-NOV,72,72.3,71.5,71.78,573000,71.9,,,
16NOV2016,NCL-CJAN,40,NCL-CJAN,0,55.32,0,55.32,0,55.52,,,
16NOV2016,FATIMA-CNOV,40,FATIMA-CNOV,0,34.04,0,34.04,0,34.43,,,
16NOV2016,EFOODS-CNOV,40,EFOODS-CNOV,0,146.62,0,146.62,0,146.57,,,
16NOV2016,EFOODS-CDEC,40,EFOODS-CDEC,0,148.1,0,148.1,0,148.04,,,
16NOV2016,FATIMA-CDEC,40,FATIMA-CDEC,0,34.38,0,34.38,0,34.77,,,
16NOV2016,EFOODS-CJAN,40,EFOODS-CJAN,0,149.21,0,149.21,0,149.15,,,
16NOV2016,FATIMA-CJAN,40,FATIMA-CJAN,0,34.64,0,34.64,0,35.03,,,
16NOV2016,PIOC-CNOV,40,PIOC-CNOV,0,115.62,0,115.62,0,114.7,,,
16NOV2016,FCCL-CDEC,40,FCCL-CDEC,0,39.21,0,39.21,0,39.18,,,
16NOV2016,PIOC-CDEC,40,PIOC-CDEC,0,116.79,0,116.79,0,115.86,,,
16NOV2016,FCCL-CJAN,40,FCCL-CJAN,0,39.5,0,39.5,0,39.47,,,
16NOV2016,PIOC-CJAN,40,PIOC-CJAN,0,117.66,0,117.66,0,116.72,,,
16NOV2016,CHCC-CNOV,40,CHCC-CNOV,0,150.09,0,150.09,0,148.59,,,
16NOV2016,KEL-CNOV,40,KEL-CNOV,0,9.18,0,9.18,0,9.14,,,
16NOV2016,MLCF-CNOV,40,MLCF-CNOV,0,107.06,0,107.06,0,107.55,,,
16NOV2016,PAEL-CNOV,40,PAEL-CNOV,0,71.7,0,71.7,0,71.81,,,
16NOV2016,MLCF-CDEC,40,MLCF-CDEC,0,108.14,0,108.14,0,108.63,,,
16NOV2016,FABL-CDEC,40,FABL-CDEC,0,19.33,0,19.33,0,19.71,,,
16NOV2016,KEL-CDEC,40,KEL-CDEC,0,9.27,0,9.27,0,9.23,,,
16NOV2016,PAEL-CDEC,40,PAEL-CDEC,0,72.42,0,72.42,0,72.53,,,
16NOV2016,CHCC-CDEC,40,CHCC-CDEC,0,151.6,0,151.6,0,150.08,,,
16NOV2016,CHCC-NOV,40,CHCC-NOV,150,151,147,149.82,140000,148.58,,,
16NOV2016,CHCC-CJAN,40,CHCC-CJAN,0,152.74,0,152.74,0,151.2,,,
16NOV2016,KEL-CJAN,40,KEL-CJAN,0,9.34,0,9.34,0,9.3,,,
16NOV2016,MLCF-CJAN,40,MLCF-CJAN,0,108.95,0,108.95,0,109.44,,,
16NOV2016,PAEL-CJAN,40,PAEL-CJAN,0,72.97,0,72.97,0,73.07,,,
16NOV2016,EFERT-CNOV,40,EFERT-CNOV,0,63.24,0,63.24,0,63.24,,,
16NOV2016,HUMNL-CNOV,40,HUMNL-CNOV,0,12.43,0,12.43,0,12.45,,,
16NOV2016,EFERT-CDEC,40,EFERT-CDEC,0,63.87,0,63.87,0,63.88,,,
16NOV2016,HUMNL-CDEC,40,HUMNL-CDEC,0,12.56,0,12.56,0,12.57,,,
16NOV2016,EFERT-NOV,40,EFERT-NOV,63.61,63.61,63.15,63.3,60000,63.36,,,
16NOV2016,EFERT-CJAN,40,EFERT-CJAN,0,64.35,0,64.35,0,64.36,,,
16NOV2016,ASTL-CNOV,40,ASTL-CNOV,0,68.4,0,68.4,0,68.54,,,
16NOV2016,QUICE-CNOV,40,QUICE-CNOV,0,9.78,0,9.78,0,9.23,,,
16NOV2016,TPL-CNOV,40,TPL-CNOV,0,16.79,0,16.79,0,17.2,,,
16NOV2016,TRG-CNOV,40,TRG-CNOV,0,44.15,0,44.15,0,45.08,,,
16NOV2016,ISL-CNOV,40,ISL-CNOV,0,79.45,0,79.45,0,78.36,,,
16NOV2016,POWER-CNOV,40,POWER-CNOV,0,11.36,0,11.36,0,11.44,,,
16NOV2016,HASCOL-CNOV,40,HASCOL-CNOV,0,294.46,0,294.46,0,280.52,,,
16NOV2016,ASTL-CDEC,40,ASTL-CDEC,0,69.09,0,69.09,0,69.23,,,
16NOV2016,QUICE-CDEC,40,QUICE-CDEC,0,9.88,0,9.88,0,9.32,,,
16NOV2016,TPL-CDEC,40,TPL-CDEC,0,16.96,0,16.96,0,17.38,,,
16NOV2016,TRG-CDEC,40,TRG-CDEC,0,44.6,0,44.6,0,45.53,,,
16NOV2016,ISL-CDEC,40,ISL-CDEC,0,80.25,0,80.25,0,79.15,,,
16NOV2016,POWER-CDEC,40,POWER-CDEC,0,11.48,0,11.48,0,11.55,,,
16NOV2016,HASCOL-CDEC,40,HASCOL-CDEC,0,297.43,0,297.43,0,283.34,,,
16NOV2016,TPL-NOV,40,TPL-NOV,17.35,17.39,16.7,16.8,3157000,17.25,,,
16NOV2016,TRG-NOV,40,TRG-NOV,45.35,45.63,43.5,44.19,15072000,45.09,,,
16NOV2016,ISL-NOV,40,ISL-NOV,78.99,79.95,78.45,79.46,1440000,78.46,,,
16NOV2016,HASCOL-NOV,40,HASCOL-NOV,281.95,294.72,281.95,294.72,1345000,280.69,,,
16NOV2016,ASTL-NOV,40,ASTL-NOV,68.51,68.9,67.06,68.54,210000,68.51,,,
16NOV2016,ASTL-CJAN,40,ASTL-CJAN,0,69.61,0,69.61,0,69.75,,,
16NOV2016,TPL-CJAN,40,TPL-CJAN,0,17.08,0,17.08,0,17.51,,,
16NOV2016,TRG-CJAN,40,TRG-CJAN,0,44.93,0,44.93,0,45.87,,,
16NOV2016,ISL-CJAN,40,ISL-CJAN,0,80.85,0,80.85,0,79.74,,,
16NOV2016,HASCOL-CJAN,40,HASCOL-CJAN,0,299.66,0,299.66,0,285.46,,,
16NOV2016,EFOODS-NOVB,40,EFOODS-NOVB,146,146.88,146,146.5,13000,146.24,,,
16NOV2016,DCR,0836,Dolmen City ReitXD,10.8,10.8,10.71,10.77,634500,10.75,,,
