12AUG2014,GASF,8980,Golden Arrow,8.85,9.26,8.5,9.03,536000,8.85,,,
12AUG2014,PGF,8980,PICIC Growth,29.3,30.88,29.3,30.5,243500,30.5,,,
12AUG2014,PIF,8980,PICIC Inv.Fund,13.11,13.76,13.11,13.75,76000,13.26,,,
12AUG2014,TSMF,8980,Tri-Star Mutual,3.31,4.55,3,4.19,121000,3.65,,,
12AUG2014,BRR,8980,B.R.R.Guardian,5.1,5.5,5,5.5,484500,5.1,,,
12AUG2014,FECM,8980,Elite Cap.Mod,0,4.34,4.34,3.55,500,3.55,,,
12AUG2014,FEM,8980,Equity Modaraba,4.19,4.25,4.19,4.25,24000,3.9,,,
12AUG2014,CSM,8980,Cres. Stand.Mod,1.65,1.73,1.65,1.66,13500,1.6,,,
12AUG2014,FFLM,8980,1st.Fid.Leasing,3.05,3.05,3.05,3.05,2000,2.72,,,
12AUG2014,SCM,8980,Stand.Char. Mod,21.6,21.6,21.6,21.6,4000,22.49,,,
12AUG2014,FHAM,8980,Habib Modaraba,9.75,9.75,9.5,9.75,32500,9.7,,,
12AUG2014,KASBM,8980,KASB Mod,2.2,2.2,2.2,2.2,1000,2.75,,,
12AUG2014,FNBM,8980,Nat.Bank Mod.,3.48,3.49,3.48,3.49,2000,3,,,
12AUG2014,PAKMI,8980,Pak Mod.,0,2.8173,2.8173,2.8173,0,2.88,,,
12AUG2014,PMI,8980,Prud Mod.1st,1.7,1.84,1.7,1.74,82500,1.78,,,
12AUG2014,FPJM,8980,Punjab Modaraba,3.2,3.65,3.2,3.61,68500,3.48,,,
12AUG2014,TRSM,8980,Trust Modaraba,4,4,4,4,500,4,,,
12AUG2014,FUDLM,8980,U.D.L.Modaraba,18.97,18.97,18.97,18.97,500,18,,,
12AUG2014,UCAPM,8980,Unicap Modaraba,2,2.99,2,2.33,101500,2,,,
12AUG2014,OLPL,8770,Orix Leasing,33.68,33.7,33,33.46,74500,33.11,,,
12AUG2014,SPLC,8770,Saudi Pak Leasing,2.55,2.6,2.45,2.52,155000,2.53,,,
12AUG2014,MCBAH,8770,MCB-ARIF Habib,15.2,16,15.12,16,20000,15.96,,,
12AUG2014,AHL,8770,Arif Habib Ltd.,54.11,55,53.56,53.66,457500,56.37,,,
12AUG2014,AHCL,1350,Arif Habib Corp.,25.25,25.25,24,25.03,564500,25.06,,,
12AUG2014,ICIBL,8770,Invest Bank,1.53,1.78,1.53,1.65,22000,1.61,,,
12AUG2014,JSCL,8770,Jah.Sidd. Co.,8,8.45,7.66,8.22,6881500,8.4,,,
12AUG2014,KASBSL,8770,KASB Securities,5.65,5.65,5.65,5.65,3000,5.45,,,
12AUG2014,NEXT,8770,Next Capital,4.95,5,4.5,4.5,28500,4.12,,,
12AUG2014,AMBL,8350,Apna Microfin.,6.25,6.4,5.9,6,17500,5.45,,,
12AUG2014,ESBL,8770,Escorts Bank,2.1,2.1,2.1,2.1,1500,1.95,,,
12AUG2014,FCSC,8770,Ist.Capital Sec.Corp,1.82,2,1.81,1.92,63000,1.9,,,
12AUG2014,IGIBL,8770,IGI Inv.Bank,1.2,1.3,1.18,1.23,359000,1.17,,,
12AUG2014,IFSL,8770,Invest & Fin.Sec,18.55,18.55,18.55,18.55,500,18.5,,,
12AUG2014,FNEL,8770,F. Nat.Equities,2.2,2.3,2.14,2.3,36000,2.01,,,
12AUG2014,JSIL,8770,JS Investments,11.45,11.5,10.95,11.16,189000,11.2,,,
12AUG2014,JSGCL,8770,JS Global Cap.,32,32,32,32,500,30.89,,,
12AUG2014,PASL,8770,Pervez Ahmed,2.77,3.4,2.77,3.17,386000,2.97,,,
12AUG2014,ABL,8350,Allied Bank SPOT,106,112.8,104.51,111.99,209400,109.76,,,
12AUG2014,SMBL,8350,Summit Bank,2.89,2.9,2.65,2.79,711500,2.65,,,
12AUG2014,AKBL,8350,Askari Bank XD,19.57,20.25,19.35,19.56,2241000,19.94,,,
12AUG2014,BAFL,8350,Bank Al-Falah,26,26.8,25.31,26.17,8968500,26.14,,,
12AUG2014,BIPL,8350,Bankislami Pakistan,8.55,8.75,8.55,8.75,11500,8.75,,,
12AUG2014,BOK,8350,Bank Of Khyber,7.24,8,7.24,7.85,19500,8,,,
12AUG2014,BAHL,8350,Bank AL-Habib,44.5,46.35,44.5,45.53,759000,44.15,,,
12AUG2014,BOP,8350,B.O.Punjab,7.26,7.83,7,7.67,18872000,7.57,,,
12AUG2014,FABL,8350,Faysal Bank,15.17,16.2,15.17,16.08,1542500,15.61,,,
12AUG2014,HBL,8350,Habib Bank LtdXD,179.25,188,179.25,183.2,651500,182.18,,,
12AUG2014,KASBB,8350,KASB Bank Ltd.,1.46,1.47,1.35,1.41,953000,1.29,,,
12AUG2014,MEBL,8350,Meezan Bank XD,39,40.26,38.41,39.69,186500,38.35,,,
12AUG2014,NBP,8350,National Bank.,56.82,58.35,56.61,57.89,861500,57.23,,,
12AUG2014,HMB,8350,Habib Metropol,29.01,30.99,28.85,30.99,142500,30.36,,,
12AUG2014,MCB,8350,MCB Bank Ltd,279,286.98,270,285.78,574800,282.39,,,
12AUG2014,NIB,8350,NIB Bank Limited,1.85,2.06,1.85,2.04,1421500,1.86,,,
12AUG2014,JSBL,8350,JS Bank Ltd,4.31,5.4,4.31,4.92,1885500,4.4,,,
12AUG2014,SBL,8350,Samba Bank,5.75,6.09,5.75,6.01,114000,5.59,,,
12AUG2014,SILK,8350,SilkBank Limited,1.71,1.95,1.7,1.91,1358500,1.71,,,
12AUG2014,SNBL,8350,Soneri Bank Ltd,12.89,13.09,12.41,12.74,72500,12.09,,,
12AUG2014,SCBPL,8350,St.Chart.Bank,22.75,22.75,22.5,22.5,9000,22.6,,,
12AUG2014,UBL,8350,United Bank,170,181.5,167.1,175.28,4049300,173.57,,,
12AUG2014,AICL,8530,Adamjee Ins.,45,46.46,44.7,46.23,3519000,45.3,,,
12AUG2014,IGIL,8570,IGI Life Ins.,54.94,54.94,54.8,54.85,1500,52.33,,,
12AUG2014,AGIC,8530,Ask.Gen.Ins.,18.99,18.99,17.9,17.9,1000,18.2,,,
12AUG2014,CYAN,8530,Cyan Limited,75,77.49,74.5,76,7000,74.1,,,
12AUG2014,CENI,8530,Century Ins.,14.75,15.25,14.41,15.01,10000,15.27,,,
12AUG2014,CSIL,8530,Cres.Star Ins.Ltd.,4.56,4.94,4.52,4.52,28000,5.04,,,
12AUG2014,EFUG,8530,EFU General,102.17,105.01,100.47,104.87,52200,100.01,,,
12AUG2014,EFUL,8570,EFU Life Assr.,121.46,122,121.46,122,3600,127.8439,,,
12AUG2014,HICL,8530,Habib Ins.,14.2,15.22,14.2,15.1,12000,14.72,,,
12AUG2014,IGIIL,8530,IGI Insurance,187.51,194,187.51,187.75,173700,197.37,,,
12AUG2014,ATIL,8530,Atlas Ins. Ltd,60,62.05,60,62.05,6500,59.1,,,
12AUG2014,JGICL,8530,JubileeGen.,80,85.14,80,85.05,6000,81.1,,,
12AUG2014,PIL,8530,PICIC Ins.Ltd.,10.5,10.5,10.5,10.5,1000,10.38,,,
12AUG2014,PAKRI,8530,Pak Reinsurance,22.69,23.65,22.69,23.51,311500,23.88,,,
12AUG2014,RICL,8530,Reliance Ins.,8.41,8.68,8.15,8.68,8500,8.56,,,
12AUG2014,SHNI,8530,Shaheen Ins.,4.12,5,4.06,5,46500,5.03,,,
12AUG2014,SSIC,8530,Silver Star Ins.,7.6,7.7,7.6,7.66,1500,6.7,,,
12AUG2014,TDIL,8530,TPL Direct Insurance,13.49,13.5,13.49,13.49,110000,13,,,
12AUG2014,UNIC,8530,United Insurance,15.6,15.7,15.6,15.7,1500,16.15,,,
12AUG2014,AATM,3760,Ali Asghar Textile,6.32,6.32,6.32,6.32,500,7.3124,,,
12AUG2014,AMTEX,3760,Amtex Limited,2.35,2.62,2.35,2.55,322500,2.44,,,
12AUG2014,BCML,3760,Babri Cotton,67.89,67.9,63.25,67.9,30500,65.25,,,
12AUG2014,BILF,3760,Bilal Fibres,8.65,8.65,8.2,8.45,473500,8.64,,,
12AUG2014,BROT,3760,Brothers Textile,7,7,6.46,6.89,17500,6.48,,,
12AUG2014,HIRAT,3760,Hira Textile,9.5,9.5,8.62,9.2,91500,9.01,,,
12AUG2014,DFSM,3760,Dewan Farooque Sp.,2.49,2.67,2.45,2.64,67500,2.37,,,
12AUG2014,DMTM,3760,Dewan Mushtaq,11.15,11.15,11.15,11.15,6000,12.15,,,
12AUG2014,DINT,3760,Din Textile,105.8,115,105.8,111.36,200,111.36,,,
12AUG2014,DSIL,3760,D.S. Ind. Ltd.,3.5,3.89,3.3,3.65,192500,3.71,,,
12AUG2014,ELSM,3760,Ellcot Spinning,69.99,70,69.99,70,1000,67.51,,,
12AUG2014,FZTM,3760,Fazal Textile,825,825,825,825,100,801,,,
12AUG2014,GADT,3760,Gadoon Textile,206.1,219,206.06,211.83,41700,216.9,,,
12AUG2014,GLAT,3760,Glamour Textile,92.28,99.99,92.28,98.71,1200,97.1339,,,
12AUG2014,GUSM,3760,Gulistan Sp.,2.99,2.99,2.99,2.99,500,3.35,,,
12AUG2014,GSPM,3760,Gulshan Sp.,2.7,2.7,2.5,2.58,35500,2.55,,,
12AUG2014,HMIM,3760,H.M.Ismail,2.5,2.5,2.5,2.5,26500,2.29,,,
12AUG2014,IDRT,3760,Idrees Textile,14.23,14.23,14.23,14.23,500,13.23,,,
12AUG2014,IDYM,3760,Indus Dyeing,716,716,713,714.5,100,698,,,
12AUG2014,ILTM,3760,Island Textile,856.5,856.89,856.5,856.89,100,817,,,
12AUG2014,JATM,3760,J.A.Textile,5.8,5.8,5.8,5.8,1500,6,,,
12AUG2014,JKSM,3760,J.K.Spinning,31.25,31.25,31.25,31.25,1000,31.12,,,
12AUG2014,JDMT,3760,Janana D Mal,86.99,91.5,86.99,91.5,3500,87.15,,,
12AUG2014,KOHTM,3760,Kohat Textile,11.25,11.25,11,11.01,13000,11.75,,,
12AUG2014,KOSM,3760,Kohinoor Spining,21.44,21.44,21,21,15500,20.7,,,
12AUG2014,MQTM,3760,Maqbool Textile,17.56,18.6,17.56,18.6,2500,18.4,,,
12AUG2014,MUKT,3760,Mukhtar Textile,1.5,1.6,1.5,1.56,17000,1.63,,,
12AUG2014,NAGC,3760,Nagina Cotton,66,66.5,66,66,4000,65.55,,,
12AUG2014,OLSM,3760,Olympia Spinning,6.77,6.77,6.77,6.77,500,7,,,
12AUG2014,PRET,3760,Premium Tex.,90,90,87,87.1,2200,91.53,,,
12AUG2014,QUAT,3760,Quality Textile,106.23,106.23,106.23,106.23,1500,106.23,,,
12AUG2014,RAVT,3760,Ravi Textile,2.15,2.98,2.14,2.65,27500,2.49,,,
12AUG2014,REST,3760,Resham Textile,41.4,41.4,41.4,41.4,500,43.57,,,
12AUG2014,RUBY,3760,Ruby Textile,5.51,5.98,5.5,5.98,4000,6.5,,,
12AUG2014,SAIF,3760,Saif Textile,23.43,24.7,23.01,23.98,17000,23.56,,,
12AUG2014,SALT,3760,Salfi Textile,116.55,116.55,116.55,116.55,300,111,,,
12AUG2014,SLYT,3760,Sally Textile,17.5,17.5,17,17,6000,18,,,
12AUG2014,SANE,3760,Salman Noman,3.66,3.7,3.66,3.7,2500,3.66,,,
12AUG2014,SNAI,3760,Sana Industries,70,73,70,72,5000,71.9,,,
12AUG2014,SSML,3760,Saritow Spinning,9,9.35,9,9.35,17500,9.24,,,
12AUG2014,THAS,3760,Taha Spinning,9.34,9.34,9.34,9.34,1000,10.34,,,
12AUG2014,TATM,3760,Tata Textile,35.9,36.5,35.88,36,7500,37.76,,,
12AUG2014,ASHT,3760,Ashfaq Textile,17.52,17.52,17.52,17.52,500,18.5,,,
12AUG2014,ICCT,3760,I.C.C.Textile,4,4,4,4,11500,4.06,,,
12AUG2014,SMTM,3760,Samin Textile,7.65,8.45,7.65,8.41,24500,8.47,,,
12AUG2014,STJT,3760,Shahtaj Textile,101.6,101.6,101.6,101.6,3500,106.9192,,,
12AUG2014,YOUW,3760,Yousuf Weaving,2.75,3,2.75,2.75,1500,3,,,
12AUG2014,ADMM,3760,Artistic Denim,81.48,84.5,81.38,84,17500,85.66,,,
12AUG2014,CHBL,3760,Chenab Limited,3.97,4.2,3.97,4.04,84000,3.88,,,
12AUG2014,CLCPS,3760,Chenab Ltd.(Pref),1.55,1.71,1.55,1.66,392000,1.6,,,
12AUG2014,COTT,3760,(Colony) Thal,4.2,4.99,4.2,4.4,4500,5,,,
12AUG2014,CRTM,3760,Crescent Textile,17.77,18.25,17.53,17.98,22500,18.05,,,
12AUG2014,NCL,3760,Nishat (Chunian),37.02,38.62,37,37.97,1626000,38.73,,,
12AUG2014,DLL,3760,Dawood Law,98,101,98,98.55,3100,98.61,,,
12AUG2014,REWM,3760,Reliance Weav,33.5,33.5,33.4,33.45,4000,33.54,,,
12AUG2014,GFIL,3760,Ghazi Fabrics,7.4,7.48,6.4,6.44,4000,6.88,,,
12AUG2014,GATM,3760,Gul Ahmed,48.8,50.75,48.8,49.15,363500,51.36,,,
12AUG2014,HAEL,3720,Hala Enterprise,14,15.85,13.9,15.04,24500,14.9,,,
12AUG2014,JUBS,3760,Jubilee Spinning,3.2,3.75,3.16,3.75,3500,4.1,,,
12AUG2014,KML,3760,Kohinoor Mills,11.49,12,10.8,11.93,36000,11.35,,,
12AUG2014,KOIL,3760,Kohinoor Ind.,3.02,2.61,2.2,2.6,32000,2.5,,,
12AUG2014,KTML,3760,Kohinoor Textile,22.95,23.78,22.61,23.31,29500,22.95,,,
12AUG2014,ANL,3760,Azgard Nine,4.44,4.78,4.44,4.69,1928000,4.52,,,
12AUG2014,MEHT,3760,Mehmood Tex,190,190,190,200,100,200,,,
12AUG2014,MTIL,3760,Mian Textile,2.5,2.64,2.5,2.64,1500,2.64,,,
12AUG2014,MFTM,3760,Mohd.Farooq,2.7,3.01,2.65,3,17500,2.87,,,
12AUG2014,NML,3760,Nishat Mills Ltd,104,107,102.84,104.75,4799300,108.25,,,
12AUG2014,SFAT,3760,Safa Textile,13.46,13.46,13.46,13.46,1000,14.46,,,
12AUG2014,SFL,3760,Sapphire Fiber,271.1,299.25,271.1,297.28,1400,285,,,
12AUG2014,STML,3760,Shams Textile,26.98,26.98,26.98,26.98,7000,28.3977,,,
12AUG2014,SURC,3760,Suraj Cotton,99.5,99.5,99.5,99.5,200,99.5,,,
12AUG2014,ZAHT,3760,ZahidJee Tex.,14.17,14.2,14.17,14.2,11000,15.1667,,,
12AUG2014,FASM,3760,Faisal Spinning,124.5,129.99,124.5,129,1800,130.95,,,
12AUG2014,MSOT,3760,Masood Textile,111,116.5,111,115,4000,116.77,,,
12AUG2014,PASM,3760,Paramount Sp,5.95,5.97,5.5,5.88,4000,5.93,,,
12AUG2014,BNWM,3760,Bannu Woollen,73.45,75.91,73.45,75.5,34500,72.3,,,
12AUG2014,AGL,1350,Agritech Limited,8.14,8.14,8,8,4000,7.98,,,
12AUG2014,DSFL,1350,Dewan Salman,1.6,1.9,1.5,1.75,486500,1.63,,,
12AUG2014,NSRM,3760,National Silk,0,25.43,25.43,25.43,0,26.76,,,
12AUG2014,TRPOL,3760,Tri-Star Polyester,1.1,1.25,1.03,1.24,208000,1.16,,,
12AUG2014,CJPL,3760,Crescent Jute,3,3,3,3,1500,2.98,,,
12AUG2014,ASRL,3760,Associated Serv,7.05,8.7,7.05,8.7,79000,8,,,
12AUG2014,THALL,2720,Thal Limited,198,215,197,211.78,104800,207,,,
12AUG2014,ADAMS,3570,Adam Sugar,19.44,19.45,18.1,18.51,23500,18.72,,,
12AUG2014,AABS,3570,AL-Abbas Sugar,0,108,108,105.26,100,105.26,,,
12AUG2014,AGSML,3570,Abdullah Shah,5.5,6.25,5.5,6.25,2000,5.31,,,
12AUG2014,ALNRS,3570,AL-Noor Sugar,0,33,31.25,31.25,4500,32.01,,,
12AUG2014,BAFS,3570,Baba Farid,26.5,26.5,26.5,26.5,500,25.4,,,
12AUG2014,CHAS,3570,Chashma Sugar,17.45,17.45,17.45,17.45,3000,17.45,,,
12AUG2014,CSUML,3570,Colony Sugar Mills,5.95,6.49,5.95,6.19,31500,6,,,
12AUG2014,DWSM,3570,Dewan Sugar,2.3,2.7,2.3,2.69,96000,2.27,,,
12AUG2014,EFOODS,3570,Engro Foods Ltd.,97.1,100.99,96.6,99.91,599400,98.64,,,
12AUG2014,FRSM,3570,Faran Sugar,34.05,35.48,33.4,34.33,59500,35.15,,,
12AUG2014,HABSM,3570,Habib Sugar,34.61,35.9,34.61,35.02,47000,36.1,,,
12AUG2014,HAL,3570,Habib-ADM Ltd.,34.2,34.25,32.49,33.5,12000,34.2,,,
12AUG2014,HWQS,3570,Haseeb Waqas Sugar,5.21,5.45,5.21,5.45,1500,5.22,,,
12AUG2014,JDWS,3570,J.D.W.SugarXD,184.35,198.9,184.35,194.36,1400,194,,,
12AUG2014,MRNS,3570,Mehran Sugar SPOT,86,92.9,85,90.7,4000,89.21,,,
12AUG2014,MIRKS,3570,Mirpurkhas,54.96,54.96,54.96,54.96,500,52.35,,,
12AUG2014,MZSM,3570,Mirza Sugar,2.4,2.6,2.4,2.6,1500,2.33,,,
12AUG2014,PNGRS,3570,Pangrio Sugar,2.4,2.4,2.35,2.4,2500,2.66,,,
12AUG2014,SKRS,3570,Sakrand Sugar,2.41,2.65,2.41,2.55,2500,2.7,,,
12AUG2014,SHSML,3570,Shahmurad Sugar,26.3,28.5,25.96,26.67,102500,27.32,,,
12AUG2014,SGML,3570,Shakarganj Mills,14.35,14.35,14,14.03,11500,14,,,
12AUG2014,ACPL,2350,Attock Cement,156,163.9,152,158.63,8400,159.31,,,
12AUG2014,LPCL,2350,Lafarge Pak.,15.01,15.65,15.01,15.54,8025000,15.07,,,
12AUG2014,CHCC,2350,Cherat Cement,71.5,74.4,70.86,71.97,759500,74.58,,,
12AUG2014,DBCI,2350,Dadabhoy Cement,3.3,3.5,3.3,3.45,46500,3.4,,,
12AUG2014,DNCC,2350,Dandot Cement,0,8.99,8.99,8.55,1000,8.55,,,
12AUG2014,DGKC,2350,D.G.K.Cement,77.05,77.75,74.08,76.72,12105500,77.97,,,
12AUG2014,AKZO,2350,Akzo Nobel Pak.,159.1,161.9,159,159,18600,159.41,,,
12AUG2014,POWER,2350,Power Cement Ltd.,5,5.3,4.8,5.1,89000,5.01,,,
12AUG2014,FCCL,2350,Fauji Cement,18.96,19.6,18.72,19.45,8953500,19,,,
12AUG2014,FECTC,2350,Fecto Cement,45.75,47.9,45.03,45.03,371000,47.39,,,
12AUG2014,FLYNG,2350,Flying Cement,5.01,6,5.01,5.9,168000,5.67,,,
12AUG2014,GWLC,2350,Gharibwal Cement,19.9,19.98,18.4,19,53500,19.38,,,
12AUG2014,JVDC,2350,Javedan Corporation,51.18,51.18,51.18,51.18,2000,53.87,,,
12AUG2014,KOHC,2350,Kohat Cement,110.55,117,110.55,115.79,1971700,116.36,,,
12AUG2014,LUCK,2350,Lucky Cement,361,372,355.5,368.46,914400,369.25,,,
12AUG2014,MLCF,2350,Maple Leaf Cement,27.25,27.6,26.91,27.42,13439500,28.32,,,
12AUG2014,DCL,2350,Dewan Cement,5.65,6.15,5.49,5.94,568500,5.71,,,
12AUG2014,PIOC,2350,Pioneer Cement,46.25,47.7,44.72,46.2,1166000,47.07,,,
12AUG2014,SMCPL,2350,Safe Mix Concrete,7.01,7.01,7.01,7.01,10000,8,,,
12AUG2014,KHTC,3780,Khyber Tobacco,359.11,374.99,359.01,374.5,1200,377.9,,,
12AUG2014,PMPK,3780,Philip Morris Pak.,491.87,530,491.87,495,2450,517.75,,,
12AUG2014,ATRL,0530,Attock Refinery,193,199,190.15,196.62,555200,199.27,,,
12AUG2014,BYCO,0530,Byco Petroleum,9.51,10.18,9.06,9.79,3659000,9.93,,,
12AUG2014,NRL,0530,National Refin,204,207,199.01,204.07,47000,204.24,,,
12AUG2014,PRL,0530,Pak Refinery,161.95,167.24,160.3,166.9,62300,159.28,,,
12AUG2014,ALTN,7530,Altern Energy XD,0,24.7,24.7,24.7,0,24.72,,,
12AUG2014,IDEN,7530,Ideal Energy Ltd.,4.29,4.29,4.24,4.24,2000,4.34,,,
12AUG2014,JPGL,7530,Japan Power,1.8,2.14,1.73,2.01,553000,1.81,,,
12AUG2014,HUBC,7530,Hub Power Co.,57.5,59.4,57.5,58.43,1876500,57.6,,,
12AUG2014,KEL,7530,K-Electric Ltd.,6.6,7.25,6.6,7.08,4551500,6.74,,,
12AUG2014,KOHE,7530,Kohinoor Energy,37.6,40.4,37.6,39.73,10500,39.13,,,
12AUG2014,KOHP,7530,Kohinoor Power,2.15,2.25,2.15,2.25,3000,2.05,,,
12AUG2014,LPL,7530,Lalpir Power,17.45,17.49,17.3,17.3,7000,17.31,,,
12AUG2014,KAPCO,7530,Kot Addu Power,59.5,60.5,58.5,60.08,146000,59,,,
12AUG2014,NCPL,7530,NishatChunPower,38,39.19,38,39.17,334500,37.33,,,
12AUG2014,NPL,7530,Nishat Power,35.1,36.93,35.1,35.61,394000,35.18,,,
12AUG2014,PKGP,7530,Pakgen Power,17.6,18.05,17.31,17.78,192000,17.78,,,
12AUG2014,SGPL,7530,S.G.Power,1.45,2,1.23,1.99,50500,2,,,
12AUG2014,SEL,7530,Sitara Energy,33.25,35.7,33.25,33.86,2500,35,,,
12AUG2014,SEPCO,7530,Southern Electric,1.95,1.95,1.4,1.68,1760000,1.56,,,
12AUG2014,TSPL,7530,Tri-Star PowerXD,1.28,1.4,1.28,1.38,171000,1.28,,,
12AUG2014,APL,0530,Attock Petrol.,570,590,570,584.44,22650,567.38,,,
12AUG2014,PSO,0530,P.S.O.,361.01,368.99,356.51,364.1,2906800,365.28,,,
12AUG2014,BPL,0530,Burshane LPG,33.64,33.64,33.64,33.64,500,32.55,,,
12AUG2014,SHEL,0530,Shell Pakistan,241.1,261.5,238.51,259.46,885200,249.5,,,
12AUG2014,SSGC,7570,Sui South Gas,29.51,30.5,29.24,29.4,2900500,30.77,,,
12AUG2014,SNGP,7570,Sui North Gas,20.02,20.3,19.76,20.07,2501500,20.8,,,
12AUG2014,HASCOL,0530,Hascol Petroleum Ltd,72,74.09,71.18,72.37,3930500,74.92,,,
12AUG2014,MARI,0530,Mari Petroleum,350,359.85,344,351.14,604700,356.24,,,
12AUG2014,OGDC,0530,Oil & Gas Devel,259.95,261.57,246,256.37,1766100,253.05,,,
12AUG2014,POL,0530,Pak Oilfields,564,564,546,554.06,297500,549.13,,,
12AUG2014,PPL,0530,Pak Petroleum,218,223.78,217,221.2,2682500,217.81,,,
12AUG2014,ADOS,2750,Ados Pakistan,46.93,51.49,46.93,47,14500,49.39,,,
12AUG2014,ASL,1750,Aisha Steel Mill,7.59,7.59,7.2,7.21,6500,7.06,,,
12AUG2014,DADX,2350,Dadex Eternit,25.35,25.35,25.35,25.35,500,26.6,,,
12AUG2014,DSL,1750,Dost Steels Ltd.,2.7,3,2.7,3,47500,2.91,,,
12AUG2014,CSAP,1750,Crescent Steel,41,42.98,39.55,42.18,72500,41.42,,,
12AUG2014,HSPI,1750,Huffaz Seamless,14.51,15.05,14.51,14.56,11500,15.3,,,
12AUG2014,INIL,1750,Int. Ind.Ltd.,44.51,47.5,44.51,47.18,22000,45.51,,,
12AUG2014,ISL,1750,Inter.Steel Ltd.,22.25,22.99,22.1,22.46,293000,22,,,
12AUG2014,KSBP,2750,K.S.B.Pumps,73.2,73.2,73.2,73.2,1000,76.86,,,
12AUG2014,PECO,2750,Pak Engineering,0,86.25,86.25,86.25,0,87.3656,,,
12AUG2014,AGTL,2750,AL-Ghazi Tract,222.11,242.3,221,242.3,24300,230.77,,,
12AUG2014,ATLH,3350,Atlas Honda Ltd,209.15,222,209,218.69,9000,216.87,,,
12AUG2014,DFML,3350,Dewan Motors,4.51,5.16,4.51,4.92,566500,4.71,,,
12AUG2014,GAIL,3350,Ghani Automobile,4.28,4.65,4,4.08,2275000,4.13,,,
12AUG2014,GHNI,2750,Ghandhara Ind.,35.1,38.62,35.1,35.64,107000,36.79,,,
12AUG2014,GHNL,3350,Ghandhara Nissan,36.77,39,36.77,37.54,289500,38.7,,,
12AUG2014,HINO,2750,Hinopak Motor,450,475,449.45,466.19,18500,473.1,,,
12AUG2014,HCAR,3350,Honda Atlas CarsXD,94.3,99.2,94.15,95.88,580000,96.43,,,
12AUG2014,INDU,3350,Indus Motor Co,560,580,560,570,32500,561.45,,,
12AUG2014,MTL,2750,Millat Tractors,480,485.9,480,482.33,4600,479.13,,,
12AUG2014,PSMC,3350,Pak Suzuki,254.11,263.5,254.11,254.8,209800,267.48,,,
12AUG2014,SAZEW,3350,Sazgar Eng.,29.7,29.7,28.22,29.49,15500,29.7,,,
12AUG2014,AGIL,3350,Agriautos Ind.,98.07,102.25,98.07,102.04,36000,99.1,,,
12AUG2014,ATBA,3350,Atlas Battery,461,497,460,485,2200,483.32,,,
12AUG2014,BWHL,3350,Bal.Wheels,33.3,35.9,33.3,35.9,1000,34.68,,,
12AUG2014,EXIDE,3350,Exide (PAK),540,576.14,540,576.14,1800,548.71,,,
12AUG2014,GTYR,3350,General Tyre,80.25,84.13,80.25,84.13,130500,80.13,,,
12AUG2014,JOPP,2730,Johnson & Philips,0,26.32,26.32,25.08,500,25.08,,,
12AUG2014,PAEL,3720,Pak Elektron Ltd,26.15,27.34,26.15,26.95,4093000,27.52,,,
12AUG2014,TPL,9570,TPL Trakker Ltd,7.19,7.25,6.5,7.2,5000,6.55,,,
12AUG2014,AVN,9570,Avanceon Ltd,24.51,26.18,24.05,25.21,1179500,25.17,,,
12AUG2014,SING,3720,Singer Pak. XR,17,18,17,18,2500,18,,,
12AUG2014,SIEM,2720,Siemens Pakistan,1120,1160,1120,1123,220,1157.55,,,
12AUG2014,PNSC,2770,P.N.S.C.,56.68,59.01,56.68,58.84,28000,59.66,,,
12AUG2014,PIBTL,2770,Pak Int.Bulk,21.6,22.34,21.25,21.55,4735000,22.34,,,
12AUG2014,PICT,2770,Pak.Int.Cont,275,275,275,275,400,270.75,,,
12AUG2014,PIAA,5750,P.I.A.C.(A),5.13,5.72,5.13,5.65,2470500,5.28,,,
12AUG2014,HUMNL,5550,Hum Network,123,130,121.5,123.53,42600,126.87,,,
12AUG2014,NETSOL,9530,Netsol Tech.,24.61,26.5,24.57,25.08,440500,25.86,,,
12AUG2014,MDTL,5550,Media Times Ltd,1.99,1.99,1.86,1.96,257000,1.81,,,
12AUG2014,PTC,6530,P.T.C.L.XD,23.25,23.99,22.85,23.78,3963000,24.01,,,
12AUG2014,TRG,2790,TRG Pakistan Ltd.,9.63,10.7,9.63,10.28,19066500,10.63,,,
12AUG2014,TELE,6530,Telecard Limited,2.85,3.19,2.85,3.13,1454000,2.87,,,
12AUG2014,WTL,6530,WorldCall Telecom,1.78,1.8,1.6,1.74,788500,1.63,,,
12AUG2014,DAWH,1350,Dawood Hercules,61.05,64,61.04,61.29,582500,64.25,,,
12AUG2014,ENGRO,1350,Engro Corp,170,176.4,167.52,175.61,2880300,173.09,,,
12AUG2014,EFERT,1350,Engro Fertilize Ltd.,53.56,55.14,52.26,53.3,4257000,54.28,,,
12AUG2014,FFBL,1350,Fauji Fert Bin,37.2,38.43,37.2,38.03,466000,37.76,,,
12AUG2014,FFC,1350,Fauji Fert.,109,110,108.5,109.94,2657200,108.98,,,
12AUG2014,ABOT,4570,Abbott Lab.,510,540,507.21,523.59,11850,533.9,,,
12AUG2014,FEROZ,4570,Ferozsons (Lab),197.57,216.5,197.57,215.89,75800,207.96,,,
12AUG2014,GLAXO,4570,GlaxoSmithKline,152.5,160,147.97,157.31,338000,155.75,,,
12AUG2014,HINOON,4570,Highnoon (Lab),151.13,165.58,150.3,165.18,28900,157.7,,,
12AUG2014,SAPL,4570,Sanofi-Aventis,677.78,695,677.78,694.99,550,713.45,,,
12AUG2014,OTSU,4570,Otsuka Pak,62.1,66.2,62.1,63,4500,65.27,,,
12AUG2014,SEARL,4570,The Searle Comp,155,169,154.35,168.13,204800,162.46,,,
12AUG2014,WYETH,4570,Wyeth Pak Ltd,2800.01,2800.01,2800.01,2800.01,20,2900.01,,,
12AUG2014,BAPL,1350,Bawany Air Products,5.85,6.91,5.85,6.91,2500,6.8,,,
12AUG2014,BIFO,1350,Biafo Ind.,135,135,135,135,300,131.5,,,
12AUG2014,BERG,2350,Berger Paints,52.71,55.45,52.1,53.12,160500,53.5,,,
12AUG2014,ARPL,1350,Archroma Pak,296,319.21,296,311.1,9600,304.01,,,
12AUG2014,CTM,3760,Colony Tex.Mills Ltd,3.95,4.4,3.89,4.2,204000,3.95,,,
12AUG2014,DOL,1350,Descon Oxychem,4.75,5.14,4.75,5.1,150000,4.87,,,
12AUG2014,DAAG,3570,Data Agro      ,12,12,12,12,1500,12.44,,,
12AUG2014,DYNO,1350,Dynea Pakistan,44,44.99,44,44.99,1000,43,,,
12AUG2014,EPCL,1350,Engro Polymer,11.06,11.3,11,11.15,323000,11.36,,,
12AUG2014,FATIMA,1350,Fatima Fert.,26.21,28.5,26.16,26.53,2875000,27.29,,,
12AUG2014,GGL,1350,Ghani Gases Ltd,22.15,23.5,22.15,23.41,60000,23.3,,,
12AUG2014,ICI,1350,ICI Pakistan,445,459,439.5,449.05,37000,456.45,,,
12AUG2014,ICL,1350,Ittehad Chem.,28.21,28.21,28.1,28.1,6000,29.45,,,
12AUG2014,LOTCHEM,1350,Lotte Chemical,6.74,7.05,6.52,7,3358000,6.53,,,
12AUG2014,PPVC,1350,Pak.P.V.C.,4.1,4.1,4.1,4.1,500,4,,,
12AUG2014,NICL,1350,Nimir Ind.Chem.,23.66,25.5,23.65,25.33,399500,24.89,,,
12AUG2014,LINDE,1350,Linde Pakistan,158,158,151,153.6,2600,158.2,,,
12AUG2014,DCH,1350,Descon Chemical,2.41,2.8,2.4,2.69,48000,2.52,,,
12AUG2014,SITC,1350,Sitara Chemical,288,304.48,285,304.42,30300,289.99,,,
12AUG2014,SPL,1350,Sitara Peroxide,11.3,12.3,11.3,11.77,225000,11.86,,,
12AUG2014,WAHN,1350,Wah-Noble,72,72,72,72,1000,73.15,,,
12AUG2014,BPBL,2720,B.P.Board,4.5,4.5,4.5,4.5,500,5,,,
12AUG2014,CEPB,1730,Century Paper,43.3,47.78,43.3,45.21,82500,45.51,,,
12AUG2014,CPPL,2720,Cherat Packaging,67,67.49,64.21,64.98,139500,66.28,,,
12AUG2014,MERIT,2720,Merit Packaging,15.01,16.75,15.01,15.68,20500,15.95,,,
12AUG2014,PKGS,2720,Packages Ltd.,450,453.4,429.47,449.51,61650,452.07,,,
12AUG2014,PPP,1730,Pak Paper Prod,48.93,49.26,48.93,49.26,5000,51.5,,,
12AUG2014,SEPL,1730,Security Paper,80,84.25,80,83.77,50000,80.83,,,
12AUG2014,POML,3570,Punjab Oil,0,92,92,96.27,6000,96.27,,,
12AUG2014,BATA,3760,Bata (Pak),3399.99,3399.99,3173.95,3284.64,1340,3341,,,
12AUG2014,LEUL,3760,Leather Up Ltd.,16.75,16.75,16.75,16.75,1000,17.75,,,
12AUG2014,SRVI,3760,Service Ind.Ltd,505,525,505,524.31,35400,511.38,,,
12AUG2014,GLPL,3760,Gillette Pak,338.44,339,338.44,338.5,1100,356.25,,,
12AUG2014,IBLHL,4570,IBL HealthCare,82.42,86.88,82.42,86.12,16600,86.75,,,
12AUG2014,NESTLE,3570,Nestle Pak.,7220,7400,7200,7400,160,7220,,,
12AUG2014,MFFL,3570,MithchellsFruit,550.5,571,550.5,569,1850,579.36,,,
12AUG2014,MUREB,3530,Murree Brewery,845,933.46,845,930,3620,889.01,,,
12AUG2014,NATF,3570,National Foods,703,712.75,703,708.81,1550,695.1,,,
12AUG2014,NOPK,3570,Noon Pakistan,34.85,34.85,32.77,34.25,5500,34.49,,,
12AUG2014,NOPKNV,3570,NoonPakNonVot,0,15.1729,15.1729,15.1729,0,16.0107,,,
12AUG2014,QUICE,3570,Quice Food,6,6.45,5.71,6.31,417500,6.07,,,
12AUG2014,NMFL,3530,Nirala MSR Food,15.02,16,15,15.37,58500,15.99,,,
12AUG2014,SCL,3760,Shield Corp.,0,284.9133,284.9133,284.9133,0,294.6,,,
12AUG2014,TREET,3760,Treet Corp,102.8,106.1,101.58,103.71,457600,106.92,,,
12AUG2014,EMCO,2350,EMCO Industries,3.98,4.1,3.98,4.09,23000,3.9,,,
12AUG2014,FRCL,2350,Frontier Ceram,4,4.24,3.8,4.24,3500,3.76,,,
12AUG2014,GHGL,2720,Ghani Glass Ltd.,51.05,52.65,50.54,52.65,6500,53.2,,,
12AUG2014,GVGL,2720,Ghani Value Glas,15.75,15.75,15.75,15.75,500,15.65,,,
12AUG2014,TGL,3720,Tariq Glass Ind.,27.63,29,27.63,28.64,194500,29.08,,,
12AUG2014,STCL,2350,Shabbir Tiles,7.49,7.9,7.49,7.7,56500,7.34,,,
12AUG2014,AKGL,2750,AL-Khair Gadoon,12,12,12,12,500,11,,,
12AUG2014,HADC,2350,Haydery Const,2.19,2.19,2.19,2.19,500,1.97,,,
12AUG2014,MACFL,2720,MACPAC Films,13.96,13.96,13.96,13.96,500,13.96,,,
12AUG2014,ECOP,2720,ECOPACK Ltd,15.1,16.55,15.1,16.45,3500,15.93,,,
12AUG2014,GRAYS,3740,Grays of Cambridge,54,54,54,54,1000,56.527,,,
12AUG2014,PACE,8630,Pace (Pak) Ltd.,3.1,3.49,3.07,3.36,876000,3.14,,,
12AUG2014,SHFA,4530,Shifa Int.Hosp,121.01,127.9,120.94,125.92,5000,127.3,,,
12AUG2014,STPL,1750,Siddiqsons Tin Plate,5.75,6.2,5.75,5.79,25000,5.62,,,
12AUG2014,TRIPF,2720,Tri-Pack Films,164,164.5,162,162.05,20200,161.33,,,
12AUG2014,BAHLTFC2,36,Bank Al-Habib(2nd),0,0,0,102.1306,0,102.1306,,,
12AUG2014,EFLTFC3,36,Engro Fert (TFC),0,0,0,100,0,100,,,
12AUG2014,ABLTFC2,36,Allied Bank(2nd),0,0,0,98.1339,0,98.1339,,,
12AUG2014,ENGROTFC2,36,Engro CorTFC(2n,0,0,0,101.9412,0,101.9412,,,
12AUG2014,BAFLTFC5,36,Bank Alfalah(TFC),0,0,0,101.1902,0,101.1902,,,
12AUG2014,KELSC2,36,K-Electr(SUKUK-2),0,0,0,101.9448,0,101.9448,,,
12AUG2014,ENGROSC2,36,EngroCorp(SUKUK,0,0,0,101.2821,0,101.2821,,,
12AUG2014,ENGROSC,36,EngroCorp(SUKUK,0,0,0,100,0,100,,,
12AUG2014,AICL-CAUG,40,AICL-CAUG,0,0,0,46.54,0,45.64,,,
12AUG2014,AKBL-CAUG,40,AKBL-CAUG,0,0,0,19.69,0,21.1,,,
12AUG2014,ATRL-CAUG,40,ATRL-CAUG,0,0,0,197.93,0,200.75,,,
12AUG2014,BAHL-CAUG,40,BAHL-CAUG,0,0,0,45.83,0,44.48,,,
12AUG2014,FCCL-CAUG,40,FCCL-CAUG,0,0,0,19.58,0,19.14,,,
12AUG2014,FFC-CAUG,40,FFC-CAUG,0,0,0,110.67,0,109.79,,,
12AUG2014,FABL-CAUG,40,FABL-CAUG,0,0,0,16.19,0,15.73,,,
12AUG2014,KAPCO-CAUG,40,KAPCO-CAUG,0,0,0,60.48,0,59.44,,,
12AUG2014,NML-CAUG,40,NML-CAUG,0,0,0,105.45,0,109.05,,,
12AUG2014,SNGP-CAUG,40,SNGP-CAUG,0,0,0,20.2,0,20.95,,,
12AUG2014,UBL-CAUG,40,UBL-CAUG,0,0,0,176.45,0,174.86,,,
12AUG2014,AICL-CSEP,40,AICL-CSEP,0,0,0,47.04,0,46.13,,,
12AUG2014,AKBL-CSEP,40,AKBL-CSEP,0,0,0,19.9,0,21.32,,,
12AUG2014,ATRL-CSEP,40,ATRL-CSEP,0,0,0,200.08,0,202.93,,,
12AUG2014,BAHL-CSEP,40,BAHL-CSEP,0,0,0,46.33,0,44.96,,,
12AUG2014,FCCL-CSEP,40,FCCL-CSEP,0,0,0,19.79,0,19.35,,,
12AUG2014,FFC-CSEP,40,FFC-CSEP,0,0,0,111.88,0,110.98,,,
12AUG2014,FABL-CSEP,40,FABL-CSEP,0,0,0,16.36,0,15.9,,,
12AUG2014,NML-CSEP,40,NML-CSEP,0,0,0,106.6,0,110.24,,,
12AUG2014,SNGP-CSEP,40,SNGP-CSEP,0,0,0,20.42,0,21.18,,,
12AUG2014,UBL-CSEP,40,UBL-CSEP,0,0,0,178.37,0,176.75,,,
12AUG2014,AICL-COCT,40,AICL-COCT,0,0,0,47.68,0,46.75,,,
12AUG2014,AKBL-COCT,40,AKBL-COCT,0,0,0,20.17,0,21.61,,,
12AUG2014,ATRL-COCT,40,ATRL-COCT,0,0,0,202.78,0,205.65,,,
12AUG2014,BAHL-COCT,40,BAHL-COCT,0,0,0,46.96,0,45.56,,,
12AUG2014,FCCL-COCT,40,FCCL-COCT,0,0,0,20.06,0,19.61,,,
12AUG2014,FFC-COCT,40,FFC-COCT,0,0,0,113.38,0,112.47,,,
12AUG2014,FABL-COCT,40,FABL-COCT,0,0,0,16.58,0,16.11,,,
12AUG2014,NML-COCT,40,NML-COCT,0,0,0,108.03,0,111.72,,,
12AUG2014,SNGP-COCT,40,SNGP-COCT,0,0,0,20.7,0,21.47,,,
12AUG2014,UBL-COCT,40,UBL-COCT,0,0,0,180.77,0,179.13,,,
12AUG2014,DGKC-CAUG,40,DGKC-CAUG,0,0,0,77.23,0,78.55,,,
12AUG2014,DGKC-CSEP,40,DGKC-CSEP,0,0,0,78.07,0,79.4,,,
12AUG2014,DGKC-COCT,40,DGKC-COCT,0,0,0,79.12,0,80.47,,,
12AUG2014,NCL-CAUG,40,NCL-CAUG,0,0,0,38.22,0,39.02,,,
12AUG2014,NPL-CAUG,40,NPL-CAUG,0,0,0,35.85,0,35.44,,,
12AUG2014,HUBC-AUG,40,HUBC-AUG,57.6,59.01,57.6,59.01,5000,58.52,,,
12AUG2014,PSO-AUG,40,PSO-AUG,364,370.65,358.5,366.1,2242500,367.83,,,
12AUG2014,SNGP-AUG,40,SNGP-AUG,20.15,20.4,19.95,20.35,337500,21,,,
12AUG2014,MCB-AUG,40,MCB-AUG,280,287.9,272,287.08,159000,285.52,,,
12AUG2014,NML-AUG,40,NML-AUG,105.06,105.89,103.31,104.9,695500,108.74,,,
12AUG2014,PTC-AUG,40,PTC-AUG,23.21,24.1,23.1,23.8,461500,24.14,,,
12AUG2014,ENGRO-AUG,40,ENGRO-AUG,170.26,176.99,168.8,176.34,1836000,174.42,,,
12AUG2014,FFC-AUG,40,FFC-AUG,108.25,110.78,108.25,110.67,67000,109.27,,,
12AUG2014,FFBL-AUG,40,FFBL-AUG,39.01,39.59,38.81,38.97,3500,37.74,,,
12AUG2014,OGDC-AUG,40,OGDC-AUG,253,262,247.55,257.62,247500,254,,,
12AUG2014,DGKC-AUG,40,DGKC-AUG,77.35,78,74.62,76.99,2708000,78.54,,,
12AUG2014,NBP-AUG,40,NBP-AUG,57.02,58.6,57.02,58.18,638500,57.54,,,
12AUG2014,MLCF-AUG,40,MLCF-AUG,27.25,27.7,27.08,27.48,4508500,28.5,,,
12AUG2014,LUCK-AUG,40,LUCK-AUG,360.02,374,357,369.05,525500,371.3,,,
12AUG2014,SSGC-AUG,40,SSGC-AUG,29.5,30.5,29.47,29.64,297500,31.02,,,
12AUG2014,PPL-AUG,40,PPL-AUG,219,224,218,222.4,1040000,218.76,,,
12AUG2014,BOP-AUG,40,BOP-AUG,7.38,7.8,7.11,7.7,4424000,7.63,,,
12AUG2014,FABL-AUG,40,FABL-AUG,16.15,16.15,16,16.1,17500,15.55,,,
12AUG2014,BAFL-AUG,40,BAFL-AUG,25.65,26.7,25.6,26.47,94500,26.1,,,
12AUG2014,PIOC-AUG,40,PIOC-AUG,46.35,47.95,45.35,46.48,422000,47.32,,,
12AUG2014,OGDC-CAUG,40,OGDC-CAUG,0,0,0,258.08,0,254.93,,,
12AUG2014,PTC-CAUG,40,PTC-CAUG,0,0,0,23.94,0,24.19,,,
12AUG2014,NBP-CAUG,40,NBP-CAUG,0,0,0,58.28,0,57.65,,,
12AUG2014,OGDC-CSEP,40,OGDC-CSEP,0,0,0,260.89,0,257.69,,,
12AUG2014,PTC-CSEP,40,PTC-CSEP,0,0,0,24.2,0,24.45,,,
12AUG2014,NBP-CSEP,40,NBP-CSEP,0,0,0,58.91,0,58.28,,,
12AUG2014,OGDC-COCT,40,OGDC-COCT,0,0,0,264.4,0,261.15,,,
12AUG2014,NBP-COCT,40,NBP-COCT,0,0,0,59.7,0,59.06,,,
12AUG2014,PTC-COCT,40,PTC-COCT,0,0,0,24.52,0,24.78,,,
12AUG2014,AHCL-CAUG,40,AHCL-CAUG,0,0,0,25.2,0,25.25,,,
12AUG2014,PPL-CAUG,40,PPL-CAUG,0,0,0,222.67,0,219.43,,,
12AUG2014,PSO-CAUG,40,PSO-CAUG,0,0,0,366.52,0,367.99,,,
12AUG2014,ENGRO-CAUG,40,ENGRO-CAUG,0,0,0,176.78,0,174.37,,,
12AUG2014,BOP-CAUG,40,BOP-CAUG,0,0,0,7.72,0,7.63,,,
12AUG2014,FFBL-CAUG,40,FFBL-CAUG,0,0,0,38.28,0,38.04,,,
12AUG2014,MCB-CAUG,40,MCB-CAUG,0,0,0,287.68,0,284.48,,,
12AUG2014,HUBC-CAUG,40,HUBC-CAUG,0,0,0,58.82,0,58.03,,,
12AUG2014,LUCK-CAUG,40,LUCK-CAUG,0,0,0,370.91,0,371.99,,,
12AUG2014,BAFL-CAUG,40,BAFL-CAUG,0,0,0,26.34,0,26.33,,,
12AUG2014,AHCL-CSEP,40,AHCL-CSEP,0,0,0,25.47,0,25.52,,,
12AUG2014,PPL-CSEP,40,PPL-CSEP,0,0,0,225.1,0,221.81,,,
12AUG2014,PSO-CSEP,40,PSO-CSEP,0,0,0,370.51,0,371.98,,,
12AUG2014,ENGRO-CSEP,40,ENGRO-CSEP,0,0,0,178.7,0,176.27,,,
12AUG2014,FFBL-CSEP,40,FFBL-CSEP,0,0,0,38.7,0,38.45,,,
12AUG2014,MCB-CSEP,40,MCB-CSEP,0,0,0,290.81,0,287.57,,,
12AUG2014,HUBC-CSEP,40,HUBC-CSEP,0,0,0,59.46,0,58.66,,,
12AUG2014,LUCK-CSEP,40,LUCK-CSEP,0,0,0,374.95,0,376.03,,,
12AUG2014,BAFL-CSEP,40,BAFL-CSEP,0,0,0,26.63,0,26.62,,,
12AUG2014,AICL-AUG,40,AICL-AUG,45.05,46.97,45,46.6,606500,45.44,,,
12AUG2014,AHCL-AUG,40,AHCL-AUG,24.66,25.89,24.56,25.53,15000,25.85,,,
12AUG2014,ATRL-AUG,40,ATRL-AUG,195,203,192,197.62,174000,200.65,,,
12AUG2014,FCCL-AUG,40,FCCL-AUG,18.65,19.63,18.65,19.49,2107500,19.13,,,
12AUG2014,UBL-AUG,40,UBL-AUG,170.25,182,168.16,175.92,390500,174.8,,,
12AUG2014,AHCL-COCT,40,AHCL-COCT,0,0,0,25.81,0,25.86,,,
12AUG2014,PPL-COCT,40,PPL-COCT,0,0,0,228.13,0,224.78,,,
12AUG2014,PSO-COCT,40,PSO-COCT,0,0,0,375.5,0,376.97,,,
12AUG2014,ENGRO-COCT,40,ENGRO-COCT,0,0,0,181.11,0,178.63,,,
12AUG2014,BOP-COCT,40,BOP-COCT,0,0,0,7.91,0,7.81,,,
12AUG2014,FFBL-COCT,40,FFBL-COCT,0,0,0,39.22,0,38.97,,,
12AUG2014,MCB-COCT,40,MCB-COCT,0,0,0,294.73,0,291.43,,,
12AUG2014,HUBC-COCT,40,HUBC-COCT,0,0,0,60.26,0,59.44,,,
12AUG2014,LUCK-COCT,40,LUCK-COCT,0,0,0,380,0,381.07,,,
12AUG2014,BAFL-COCT,40,BAFL-COCT,0,0,0,26.99,0,26.98,,,
12AUG2014,NCL-CSEP,40,NCL-CSEP,0,0,0,38.64,0,39.44,,,
12AUG2014,NPL-CSEP,40,NPL-CSEP,0,0,0,36.24,0,35.83,,,
12AUG2014,NCL-COCT,40,NCL-COCT,0,0,0,39.16,0,39.97,,,
12AUG2014,DAWH-CAUG,40,DAWH-CAUG,0,0,0,61.7,0,64.73,,,
12AUG2014,FATIMA-CAUG,40,FATIMA-CAUG,0,0,0,26.71,0,27.49,,,
12AUG2014,FATIMA-CSEP,40,FATIMA-CSEP,0,0,0,27,0,27.79,,,
12AUG2014,BAHL-AUG,40,BAHL-AUG,0,0,0,45.85,0,44.49,,,
12AUG2014,FATIMA-AUG,40,FATIMA-AUG,26.7,28.53,26.4,26.4,10500,27.22,,,
12AUG2014,FATIMA-COCT,40,FATIMA-COCT,0,0,0,27.36,0,28.16,,,
12AUG2014,EFOODS-COCT,40,EFOODS-COCT,0,0,0,103.04,0,101.8,,,
12AUG2014,CHCC-CAUG,40,CHCC-CAUG,0,0,0,72.45,0,75.13,,,
12AUG2014,EFOODS-CAUG,40,EFOODS-CAUG,0,0,0,100.57,0,99.37,,,
12AUG2014,NCPL-CAUG,40,NCPL-CAUG,0,0,0,39.43,0,37.61,,,
12AUG2014,EFOODS-CSEP,40,EFOODS-CSEP,0,0,0,101.67,0,100.45,,,
12AUG2014,CHCC-CSEP,40,CHCC-CSEP,0,0,0,73.24,0,75.95,,,
12AUG2014,NCPL-CSEP,40,NCPL-CSEP,0,0,0,39.86,0,38.01,,,
12AUG2014,DAWH-CSEP,40,DAWH-CSEP,0,0,0,62.37,0,65.43,,,
12AUG2014,CHCC-AUG,40,CHCC-AUG,72,74.99,71.33,72.35,389500,75.08,,,
12AUG2014,EFOODS-AUG,40,EFOODS-AUG,97.5,101.4,97,100.27,800500,99.24,,,
12AUG2014,DAWH-AUG,40,DAWH-AUG,64.99,64.99,61.55,62.99,122000,64.78,,,
12AUG2014,NCL-AUG,40,NCL-AUG,37.2,38.7,37.15,38.24,675000,39.1,,,
12AUG2014,CHCC-COCT,40,CHCC-COCT,0,0,0,74.22,0,76.97,,,
12AUG2014,DAWH-COCT,40,DAWH-COCT,0,0,0,63.21,0,66.31,,,
12AUG2014,AKBL-AUGB,40,AKBL-AUGB,20.06,20.1,19.7,19.7,339000,20.22,,,
12AUG2014,SSGC-CAUG,40,SSGC-CAUG,0,0,0,29.6,0,31,,,
12AUG2014,PIOC-CAUG,40,PIOC-CAUG,0,0,0,46.51,0,47.42,,,
12AUG2014,MLCF-CAUG,40,MLCF-CAUG,0,0,0,27.6,0,28.53,,,
12AUG2014,PKGP-CAUG,40,PKGP-CAUG,0,0,0,17.9,0,17.91,,,
12AUG2014,MLCF-CSEP,40,MLCF-CSEP,0,0,0,27.9,0,28.84,,,
12AUG2014,PIOC-CSEP,40,PIOC-CSEP,0,0,0,47.01,0,47.93,,,
12AUG2014,PKGP-CSEP,40,PKGP-CSEP,0,0,0,18.09,0,18.11,,,
12AUG2014,SSGC-CSEP,40,SSGC-CSEP,0,0,0,29.92,0,31.33,,,
12AUG2014,BOP-CSEP,40,BOP-CSEP,0,0,0,7.81,0,7.71,,,
12AUG2014,PKGP-AUG,40,PKGP-AUG,17.81,17.81,17.81,17.81,500,18.81,,,
12AUG2014,MLCF-COCT,40,MLCF-COCT,0,0,0,28.28,0,29.23,,,
12AUG2014,PIOC-COCT,40,PIOC-COCT,0,0,0,47.65,0,48.58,,,
12AUG2014,PKGP-COCT,40,PKGP-COCT,0,0,0,18.34,0,18.35,,,
12AUG2014,SSGC-COCT,40,SSGC-COCT,0,0,0,30.32,0,31.76,,,
