31MAY2017,GASF,0806,Golden ArrowXD,13.99,14.1,13.98,14.06,161500,14.03,,,
31MAY2017,PGF,0806,PICIC Growth,36.52,36.52,36.02,36.36,111000,37.02,,,
31MAY2017,PIF,0806,PICIC Inv.Fund,16.15,16.35,15.7,15.8,89500,16.4,,,
31MAY2017,TSMF,0806,Tri-Star Mutual,10.5,10.5,10.5,10.5,1500,11.19,,,
31MAY2017,BRR,0819,B.R.R.Guardian,9.49,9.8,9.49,9.5,13500,9.51,,,
31MAY2017,FECM,0819,Elite Cap.Mod,4.13,4.4,4,4.02,210500,4.13,,,
31MAY2017,FEM,0819,Equity Modaraba,6.4,6.75,6.4,6.43,6500,6.9,,,
31MAY2017,CSM,0819,Cres. Stand.Mod,4.1,4.1,4,4,1000,3.75,,,
31MAY2017,FFLM,0819,1st.Fid.Leasing,4.1,4.1,4.1,4.1,500,4.1,,,
31MAY2017,ORIXM,0819,Orix Modaraba,22.65,22.65,22.65,22.65,500,23.63,,,
31MAY2017,FHAM,0819,Habib Modaraba,10.9,10.9,10.9,10.9,2000,10.75,,,
31MAY2017,FIBLM,0819,I.B.L.Modaraba,0,4.2,4.2,4.2,500,4.2,,,
31MAY2017,KASBM,0819,KASB Mod,2.21,2.28,2.21,2.28,2000,2.2,,,
31MAY2017,MODAM,0819,Mod.Al-Mali,4.47,4.47,3.75,3.82,18000,4.35,,,
31MAY2017,PAKMI,0819,Pak Mod.,3.3,3.3,3.3,3.3,7500,3.21,,,
31MAY2017,FPRM,0819,Paramount Mod,9.51,9.51,9.5,9.51,2000,9.71,,,
31MAY2017,PMI,0819,Prud Mod.1st,2.96,2.96,2.78,2.82,291500,2.87,,,
31MAY2017,FUDLM,0819,U.D.L.Modaraba,37,37.5,36,37.02,81500,37.24,,,
31MAY2017,UCAPM,0819,Unicap Modaraba,2.96,2.96,2.9,2.92,5000,2.92,,,
31MAY2017,CPAL,0815,Cap.Assets Leas,12.97,12.98,11.9,11.9,11000,12,,,
31MAY2017,GRYL,0815,Grays Leasing,5.55,5.55,5.55,5.55,1000,5.62,,,
31MAY2017,OLPL,0815,Orix Leasing,43.02,43.05,43,43.02,2500,43,,,
31MAY2017,SLL,0815,SME Leasing Ltd,5.99,5.99,5.99,5.99,2500,5.99,,,
31MAY2017,SLCL,0815,Security Leasin,5.21,5.48,5,5.08,18000,5.25,,,
31MAY2017,SPLC,0815,Saudi Pak Leasi,2.67,2.68,2.5,2.55,83000,2.71,,,
31MAY2017,MCBAH,0813,MCB-ARIF Habib,28.1,28.5,28.1,28.5,1000,28.5,,,
31MAY2017,AHL,0813,Arif Habib Ltd.,96.55,96.55,91.34,92.95,225500,96.14,,,
31MAY2017,AHCL,0809,Arif Habib Corp,42.34,42.75,41.4,41.88,44500,42.73,,,
31MAY2017,ICIBL,0813,Invest Bank,2.64,2.65,2.55,2.59,469000,2.6,,,
31MAY2017,FDIBL,0813,Ist.Dawood Bank,4.4,4.5,4.3,4.43,190500,4.43,,,
31MAY2017,JSCL,0813,Jah.Sidd. Co.,25.25,25.4,24.35,24.77,768000,25.21,,,
31MAY2017,BIPLS,0813,BIPL Securities,11.34,11.34,11.34,11.34,500,10.7,,,
31MAY2017,NEXT,0813,Next Capital,20.4,20.48,19.52,19.7,25500,20.02,,,
31MAY2017,AMBL,0813,Apna Microfin.,5.9,5.9,5.9,5.9,1000,5.99,,,
31MAY2017,ESBL,0813,Escorts Bank,18.99,19.85,18.99,19.52,34500,18.96,,,
31MAY2017,FCEL,0813,First Cap.Equit,9,9,9,9,500,10,,,
31MAY2017,FCSC,0813,Ist.Capital Sec,5.38,5.44,5.01,5.17,2342500,5.3,,,
31MAY2017,IGIBL,0813,IGI Inv.Bank,3.55,3.55,3.5,3.5,131000,3.55,,,
31MAY2017,EFGH,0813,EFG Hermes Pak,152.5,152.5,152.5,152.5,2000,155.42,,,
31MAY2017,FNEL,0813,F. Nat.Equities,10.32,11.65,10.32,11.48,150000,10.97,,,
31MAY2017,JSIL,0813,JS Investments,14.25,14.25,14.25,14.25,1000,14.27,,,
31MAY2017,DEL,0813,Dawood Equities,7.7,7.95,7.41,7.45,29500,7.66,,,
31MAY2017,PASL,0813,Pervez Ahmed,2.22,2.26,2.21,2.23,940500,2.23,,,
31MAY2017,SIBL,0813,Sec. Inv. Bank,5.52,5.52,5.1,5.1,2500,5.52,,,
31MAY2017,TRIBL,0813,Trust Inv.Bank,3.51,3.56,3.45,3.49,71500,3.51,,,
31MAY2017,ABL,0807,Allied Bank Ltd.XD,98.11,98.49,96.38,96.88,64500,98.22,,,
31MAY2017,SMBL,0807,Summit Bank,5.55,5.72,5.46,5.6,660500,5.46,,,
31MAY2017,AKBL,0807,Askari Bank,22,22.2,21,21.22,2590000,22,,,
31MAY2017,BAFL,0807,Bank Al-Falah,44.8,46,44.02,45.37,3882000,45.44,,,
31MAY2017,BIPL,0807,Bankislami Pak.,14,14.26,14,14.25,52000,14.25,,,
31MAY2017,BOK,0807,Bank Of Khyber,16,16,15.5,15.5,9000,16,,,
31MAY2017,BAHL,0807,Bank AL-Habib,61.1,61.1,58.16,58.41,2446000,61.22,,,
31MAY2017,BOP,0807,B.O.Punjab,13.31,13.38,12.97,13.06,4452000,13.24,,,
31MAY2017,BOPR2,0807,Bank Of Punjab(,1.52,1.57,1.25,1.36,19575500,1.57,,,
31MAY2017,FABL,0807,Faysal Bank,24.42,24.5,23.9,24.11,310500,24.51,,,
31MAY2017,HBL,0807,Habib BankXD,285.98,287,270.36,271.05,17106600,284.58,,,
31MAY2017,MEBL,0807,Meezan Bank,83.3,83.3,83,83,72500,83.23,,,
31MAY2017,NBP,0807,National Bank,65.02,67.86,63,66.33,8719500,65.3,,,
31MAY2017,HMB,0807,Habib Metropol.,36.25,37.3,36.02,36.45,99000,37.3,,,
31MAY2017,MCB,0807,MCB Bank LtdXD,231,233,219.9,220.3,11726200,231.47,,,
31MAY2017,NIB,0807,NIB Bank Limite,1.57,1.65,1.56,1.57,151500,1.6,,,
31MAY2017,JSBL,0807,JS Bank Ltd,9.2,9.25,9.18,9.24,420500,9.32,,,
31MAY2017,SBL,0807,Samba Bank,6.7,7.2,6.41,7,72000,7.3,,,
31MAY2017,SILK,0807,Silk Bank Ltd,1.74,1.74,1.63,1.64,605500,1.66,,,
31MAY2017,SNBL,0807,Soneri Bank Ltd,14.8,14.89,14.71,14.83,21500,14.9,,,
31MAY2017,SCBPL,0807,St.Chart.Bank,25.7,25.7,25.7,25.7,6500,25.61,,,
31MAY2017,UBL,0807,United BankXD,249.97,252,237.01,237.6,21090000,249.48,,,
31MAY2017,AICL,0812,Adamjee Ins.,77.05,78.8,76,77.53,353000,78.15,,,
31MAY2017,IGIL,0812,IGI Life Ins,131,131,131,131,500,124.79,,,
31MAY2017,CYAN,0812,Cyan Limited,68.68,69,68,68.51,11000,69.62,,,
31MAY2017,CENI,0812,Century Ins.,27.55,28,27.55,27.78,2000,27.32,,,
31MAY2017,JLICL,0812,Jubile Life Ins,739.9,740,739.9,740,15500,735,,,
31MAY2017,CSIL,0812,Cres.Star Ins.,8.7,8.71,8.5,8.59,65000,8.68,,,
31MAY2017,EFUG,0812,EFU General,153.41,153.41,148,151.99,9200,155.04,,,
31MAY2017,EFUL,0812,EFU Life Assr.,277,280.99,270.1,276.34,86700,276.26,,,
31MAY2017,IGIIL,0812,IGI Insurance,365.95,370,345.36,351.72,150500,363.53,,,
31MAY2017,JGICL,0812,Jubilee Gen.Ins,100,100,100,100,2000,99.6,,,
31MAY2017,PIL,0812,PICIC Ins.Ltd.XR,4.95,4.99,4.85,4.87,98000,4.87,,,
31MAY2017,PKGI,0812,Pak Gen.Ins.XB,11.16,11.39,10.4,10.56,162000,11.25,,,
31MAY2017,PAKRI,0812,Pak Reinsurance,50.5,50.5,50,50.03,25000,50.94,,,
31MAY2017,RICL,0812,Reliance Ins.,9.91,9.91,9.8,9.85,10500,9.96,,,
31MAY2017,SHNI,0812,Shaheen Ins.,6.8,6.86,6.8,6.85,5000,6.86,,,
31MAY2017,UNIC,0812,United Insuranc,16.5,16.79,16.21,16.35,8000,16.28,,,
31MAY2017,UVIC,0812,Universal Insurance,12.03,12.03,12.03,12.03,500,12.03,,,
31MAY2017,AMTEX,0830,Amtex Limited,2.9,2.94,2.87,2.9,212500,2.9,,,
31MAY2017,ASTM,0830,Asim Textile,11.8,12.69,11.8,12.31,14500,11.82,,,
31MAY2017,BILF,0830,Bilal Fibres,15.85,17.04,15.85,17.04,1500,16.84,,,
31MAY2017,CWSM,0830,Chakwal Spinning,5.4,5.7,5.34,5.49,362000,5.34,,,
31MAY2017,HIRAT,0830,Hira Textile,11.85,12.22,11.57,11.68,454000,11.87,,,
31MAY2017,CFL,0830,Crescent Fibres,0,28.2329,0,28.2329,0,28.1767,,,
31MAY2017,DFSM,0830,Dewan Farooque Sp.,8.1,8.21,7.9,8.14,2312500,7.9,,,
31MAY2017,DWTM,0830,Dewan Textile,9.11,10,9.11,9.56,1000,9.99,,,
31MAY2017,DSIL,0830,D.S. Ind. Ltd.,4.32,4.49,4.2,4.26,417000,4.3,,,
31MAY2017,FZCM,0830,Fazal Cloth,0,202.33,0,202.33,0,212.97,,,
31MAY2017,GADT,0830,Gadoon Textile,243.1,243.1,240,242.25,1300,244.2,,,
31MAY2017,HMIM,0830,H.M.Ismail,8,8.25,8,8.25,4000,8.25,,,
31MAY2017,IDRT,0830,Idrees Textile,22.42,22.42,22.42,22.42,500,21.36,,,
31MAY2017,IDYM,0830,Indus Dyeing,0,641,641,641,50,641,,,
31MAY2017,KSTM,0830,Khalid Siraj,7.94,9.84,7.94,9.2,223500,8.94,,,
31MAY2017,KOSM,0830,Kohinoor Spining,6,6.17,5.75,5.86,807000,5.96,,,
31MAY2017,LMSM,0830,Land Mark Spinning,7.95,7.97,7.95,7.96,1000,7.45,,,
31MAY2017,NAGC,0830,Nagina Cotton,46,46,46,46,500,48.19,,,
31MAY2017,NCML,0830,Nazir Cotton Mills,6,6.08,5.85,5.94,106500,6.01,,,
31MAY2017,OLSM,0830,Olympia Spinning,15.45,17.45,15.45,15.73,59000,16.45,,,
31MAY2017,RAVT,0830,Ravi Textile,4.93,4.93,4.91,4.92,4000,5,,,
31MAY2017,RUBY,0830,Ruby Textile,10.4,10.4,10.4,10.4,2500,10.7,,,
31MAY2017,SAIF,0830,Saif Textile,24.5,25,23.25,23.71,106000,24.47,,,
31MAY2017,SJTM,0830,Sajjad Tex.,6.35,6.35,6,6.05,17500,7,,,
31MAY2017,SANE,0830,Salman Noman,4.87,5.01,4.87,5,14500,5.02,,,
31MAY2017,SNAI,0830,Sana Industries,55,55,55,55,2000,57,,,
31MAY2017,SSML,0830,Saritow Spinning,8.95,9.05,8.95,9.05,12000,9.56,,,
31MAY2017,SERT,0830,Service Textile,27.11,27.25,25.62,25.71,84500,26.96,,,
31MAY2017,FML,0831,Feroze 1888,138,138,133.5,135.44,3100,136.68,,,
31MAY2017,SMTM,0831,Samin Textile,7.77,7.77,7.77,7.77,500,7.99,,,
31MAY2017,SERF,0831,Service Fabrics,11.05,11.05,10.03,10.12,133500,11.03,,,
31MAY2017,STJT,0831,Shahtaj Textile,122.5,122.5,122.5,128.9,100,128.9,,,
31MAY2017,YOUW,0831,Yousuf Weaving,7.85,7.85,7.12,7.24,278000,7.42,,,
31MAY2017,ZTL,0831,Zephyr Textile,19.6,19.7,18.89,19.52,39500,19.89,,,
31MAY2017,ADMM,0829,Artistic Denim,0,82,82,82,10000,82,,,
31MAY2017,ARUJ,0829,Aruj Industries,28.5,28.5,28.5,28.5,1000,28.02,,,
31MAY2017,CHBL,0829,Chenab Limited,6.72,7,6.72,6.91,45000,6.94,,,
31MAY2017,CLCPS,0829,Chenab Ltd.(Pref),2.83,2.85,2.79,2.81,173500,2.81,,,
31MAY2017,CRTM,0829,Crescent Tex.,49.01,50.94,48,48.35,140500,49.68,,,
31MAY2017,NCL,0829,Nishat (Chun.),59.5,60.6,59,59.85,357000,60.04,,,
31MAY2017,REWM,0829,Reliance Weaving,50.5,51.9,50.5,51.2,1500,52.01,,,
31MAY2017,GFIL,0829,Ghazi Fabrics,9.75,9.88,9.5,9.5,55000,9.63,,,
31MAY2017,GATM,0829,Gul Ahmed,47.8,48.4,46.75,47.44,786000,47.64,,,
31MAY2017,JUBS,0829,Jubilee Spinning,9.3,9.5,9.07,9.34,15500,9.23,,,
31MAY2017,KML,0829,Kohinoor Mills,47.6,50.2,47.6,49.15,3000,48,,,
31MAY2017,KOIL,0829,Kohinoor Ind.,7.15,7.29,7,7.05,16000,7.14,,,
31MAY2017,KTML,0829,Kohinoor Textile,107.5,113,105.93,109.15,22000,111.5,,,
31MAY2017,ANL,0829,Azgard Nine,12.98,13.2,12.3,12.65,1628000,12.85,,,
31MAY2017,MTIL,0829,Mian Textile,4.82,4.99,4.81,4.91,7000,4.94,,,
31MAY2017,MFTM,0829,Mohd.Farooq,4.66,4.75,4.6,4.75,15500,4.66,,,
31MAY2017,MUBT,0829,Mubarak Textile,7.47,7.47,7.47,7.47,500,8.4,,,
31MAY2017,NML,0829,Nishat Mills Ltd,170,175,168,172.22,4309500,168.61,,,
31MAY2017,REDCO,0829,Redco Textile,7.25,7.3,7,7.05,34000,7.47,,,
31MAY2017,SFAT,0829,Safa Textile,13.2,13.35,13.2,13.35,3000,13.33,,,
31MAY2017,SURC,0829,Suraj Cotton,0,157.5,157.5,157.5,1000,157.5,,,
31MAY2017,TOWL,0829,Towellers Limited,68.5,70,68,69.18,11500,69.17,,,
31MAY2017,ZAHID,0829,ZahidJee Tex.,15.21,15.3,15.2,15.24,32500,15.47,,,
31MAY2017,MSOT,0829,Masood Textile,108,111,108,109.94,1100,113,,,
31MAY2017,BNWM,0835,Bannu Woollen,68.65,69,68.25,68.25,3000,68.17,,,
31MAY2017,AGL,0805,Agritech Limited,10.51,10.51,10.37,10.47,42500,10.52,,,
31MAY2017,DSFL,0827,Dewan Salman,4.99,5.07,4.8,4.88,711500,4.93,,,
31MAY2017,NSRM,0827,National Silk,39.74,39.74,38.7,38.7,1000,40.73,,,
31MAY2017,PSYL,0827,Pak Synthetics,30,30.4,29.65,29.86,2500,30.7,,,
31MAY2017,RUPL,0827,Rupali Polyester,20.75,21,20.4,20.99,37000,20,,,
31MAY2017,TRPOL,0827,Tri-Star Polyester,26.89,27.98,25.51,27.65,584000,26.65,,,
31MAY2017,CJPL,0814,Crescent Jute,5.68,5.68,5.11,5.24,13000,5.31,,,
31MAY2017,THALL,0802,Thal Limited,676.1,721.23,675,697.12,113900,686.89,,,
31MAY2017,ADAMS,0826,Adam SugarXD,58.16,58.16,58.16,58.16,2000,61.22,,,
31MAY2017,AABS,0826,AL-Abbas Sugar,223,229.9,223,226.45,200,223,,,
31MAY2017,ALNRS,0826,AL-Noor Sugar,75.25,75.25,74.51,75,1500,76,,,
31MAY2017,ANSM,0826,Ansari Sugar,27.33,27.33,27.33,27.33,1000,28.76,,,
31MAY2017,BAFS,0826,Baba Farid,71.7,71.73,65.01,65.01,5000,68.32,,,
31MAY2017,CHAS,0826,Chashma SugarXD,67.25,71,67.25,67.62,76500,69.3,,,
31MAY2017,IMSL,0826,Imperial Sugar Ltd.,36,38.3,36,37.82,142000,36.48,,,
31MAY2017,CCM,0830,Crescent Cotton,0,47,0,47,0,47.5,,,
31MAY2017,DWSM,0826,Dewan Sugar,12.33,12.85,11.3,11.76,1004000,12.25,,,
31MAY2017,EFOODS,0810,Engro Foods Ltd.,152.9,152.9,149,150.87,159300,152.72,,,
31MAY2017,FRSM,0826,Faran Sugar,101.63,103,101.63,101.63,105400,106.97,,,
31MAY2017,HABSM,0826,Habib Sugar,45.44,45.44,43.06,43.6,86500,44.33,,,
31MAY2017,HAL,0826,Habib-ADM Ltd,25.3,25.74,25.02,25.24,11000,25.85,,,
31MAY2017,HWQS,0826,Haseeb Waqas Sugar,14.99,15.68,14.26,14.91,267000,14.68,,,
31MAY2017,HSM,0826,Husein Sugar Mills,73.88,73.88,70.5,70.58,169000,74.21,,,
31MAY2017,JDWS,0826,J.D.W.SugarXD,460.01,478,460.01,463.01,1150,475,,,
31MAY2017,JSML,0826,Jauharabad Sug,63.63,63.7,63.63,63.63,11000,66.97,,,
31MAY2017,MRNS,0826,Mehran Sugar,201.88,201.88,201.88,194.29,100,194.29,,,
31MAY2017,MIRKS,0826,Mirpurkhas Sugar,170.01,182.5,170.01,177.32,6800,174.5,,,
31MAY2017,MZSM,0826,Mirza Sugar,10.5,11.35,10.06,10.33,560000,11.06,,,
31MAY2017,NONS,0826,Noon SugarXD,105.6,107,104.4,105.04,75500,109.89,,,
31MAY2017,PMRS,0826,Premier Suger,0,139.99,0,139.99,0,145.2,,,
31MAY2017,SKRS,0826,Sakrand SugarXR,24.78,26.5,24.44,24.71,250000,25.72,,,
31MAY2017,SANSM,0826,Sanghar Sugar,36.5,38.75,36.46,36.72,22000,38.37,,,
31MAY2017,SHJS,0826,Shahtaj Sugar,200,200,200,206.71,100,206.71,,,
31MAY2017,SHSML,0826,Shahmurad Sugar,52,52.5,51.11,51.62,4500,52.38,,,
31MAY2017,SML,0826,Shakarganj Limited,110.8,111.4,107.4,107.49,1903500,113.05,,,
31MAY2017,ACPL,0804,Attock Cement,321.06,321.06,321.06,321.06,100,328.99,,,
31MAY2017,BWCL,0804,Bestway Cement,255,255,250.06,251.81,20800,254.45,,,
31MAY2017,CHCC,0804,Cherat Cement,186.52,187,181,184.91,284200,187,,,
31MAY2017,DNCC,0804,Dandot Cement,16.18,16.8,16.08,16.24,5000,17.07,,,
31MAY2017,DGKC,0804,D.G.K.Cement,238.5,242,234,238.32,5087200,237.44,,,
31MAY2017,AKZO,0805,Akzo Nobel Pak.,263,263,255.01,258.77,43900,263.29,,,
31MAY2017,POWER,0804,Power Cement,15.1,15.38,14.5,14.76,3402000,15.17,,,
31MAY2017,POWERR,0804,Power Cement(R),2.52,2.63,2.3,2.4,13048500,2.51,,,
31MAY2017,FCCL,0804,Fauji Cement,45.74,46,43.3,45.31,20852000,45.41,,,
31MAY2017,FECTC,0804,Fecto Cement,113.5,114,113.5,113.85,15100,113.99,,,
31MAY2017,FLYNG,0804,Flying Cement,23,23.09,21.91,22.51,374500,23.06,,,
31MAY2017,GWLC,0804,Gharibwal Cement,57.1,57.1,54,55.2,212500,56.8,,,
31MAY2017,KOHC,0804,Kohat Cement,247.99,248,232.56,235.45,483000,244.79,,,
31MAY2017,LUCK,0804,Lucky Cement,899,900,856.52,859.22,7589000,901.6,,,
31MAY2017,MLCF,0804,MapleLeafCement,114.4,114.4,110,111.35,6431500,114.96,,,
31MAY2017,DCL,0804,Dewan Cement,23.75,23.75,22.42,22.8,2674500,23.6,,,
31MAY2017,PIOC,0804,Pioneer Cement,148.99,149,145.15,145.65,7500,147.21,,,
31MAY2017,SMCPL,0804,Safe Mix Con.Ltd,15.24,16.54,15.23,16.32,1449000,15.54,,,
31MAY2017,THCCL,0804,Thatta Cement,47.29,47.29,45.1,45.89,118000,46.71,,,
31MAY2017,KHTC,0832,Khyber Tobacco,813,826.01,813,824.4,140,855,,,
31MAY2017,PAKT,0832,Pak Tobacco,1580,1590,1570,1582.73,22800,1590,,,
31MAY2017,ATRL,0825,Attock Refinery,448,454,445,448.52,334900,447.81,,,
31MAY2017,BYCO,0825,Byco Petroleum,21,21.1,20.1,20.53,1705000,20.75,,,
31MAY2017,NRL,0825,National Refinery,808,839,800,833.4,371600,807.06,,,
31MAY2017,PRL,0825,Pak Refinery,65.98,67.25,65.01,66.35,444500,65.58,,,
31MAY2017,ALTN,0824,Altern Energy,48.23,48.23,48.23,48.23,1000,46.14,,,
31MAY2017,EPQL,0824,Engro Powergen,34.5,35,34.5,34.86,71500,34.96,,,
31MAY2017,AEL,0824,Arshad Energy,15.2,15.2,15.1,15.17,3000,15.7,,,
31MAY2017,JPGL,0824,Japan Power,5.75,5.85,5.48,5.6,1175500,5.69,,,
31MAY2017,HUBC,0824,Hub Power Co.,129.53,134.99,127,132.52,9452300,129.53,,,
31MAY2017,KEL,0824,K-Electric Ltd.,7.7,7.78,7.1,7.32,21463000,7.7,,,
31MAY2017,KOHE,0824,Kohinoor Energy,41.5,41.5,41,41.27,25000,41.5,,,
31MAY2017,KOHP,0824,Kohinoor Power,8.51,9.19,8.51,8.91,115500,8.68,,,
31MAY2017,LPL,0824,Lalpir Power,20.61,20.85,20.3,20.5,86500,20.85,,,
31MAY2017,KAPCO,0824,Kot Addu Power,77.24,77.25,74,75.5,617000,76.88,,,
31MAY2017,NCPL,0824,Nishat ChunPow,44,44.5,43.6,43.89,99500,44.25,,,
31MAY2017,NPL,0824,Nishat Power,46.75,47,46.1,46.49,49000,46.83,,,
31MAY2017,PKGP,0824,Pakgen Power,20.6,20.7,19.95,20.06,501500,20.6,,,
31MAY2017,SPWL,0824,Saif Power Ltd.,32.1,32.99,32.1,32.35,29000,32.05,,,
31MAY2017,SEL,0824,Sitara Energy,28.99,28.99,28.99,28.99,500,28.98,,,
31MAY2017,TSPL,0824,Tri-Star Power XD,10.44,10.44,9.65,10.1,128500,10.12,,,
31MAY2017,APL,0821,Attock Petroleum,685.02,689.5,665,677.15,144050,689.01,,,
31MAY2017,PSO,0821,P.S.O.,464,475.01,441,465.64,3567700,463.81,,,
31MAY2017,BPL,0821,Burshane LPG,59.1,60,58.11,59.68,17500,59.38,,,
31MAY2017,SHEL,0821,Shell Pakistan,637.1,642,603,623.24,48200,634.53,,,
31MAY2017,SSGC,0821,Sui South Gas,42.15,42.75,40.5,41.64,2212000,42.42,,,
31MAY2017,SNGP,0821,Sui North Gas,177.05,185,174.15,181.1,6984500,177.29,,,
31MAY2017,HASCOL,0821,Hascol Petrol,375,386.5,375,381.61,259500,376.06,,,
31MAY2017,HTL,0821,HI-Tech Lub.,119,120.25,117.14,118.64,168500,119.38,,,
31MAY2017,MARI,0820,Mari Petroleum,1749,1750,1645.89,1690.23,70020,1732.51,,,
31MAY2017,OGDC,0820,Oil & Gas Dev.,186,186,175.64,176.83,26982800,184.88,,,
31MAY2017,POL,0820,Pak Oilfields,518,540,515,529.05,1456400,518.93,,,
31MAY2017,PPL,0820,Pak Petroleum,181.01,181.01,173.35,174.68,924800,182.47,,,
31MAY2017,ADOS,0808,Ados Pakistan,70.35,73.49,70.35,73.14,12500,74.05,,,
31MAY2017,ASL,0808,Aisha Steel Mill,24.4,25.69,24.27,25.05,14427000,24.47,,,
31MAY2017,ASLPS,0808,Aisha StelCoP/S,24,24,24,24,500,22.99,,,
31MAY2017,ASTL,0808,Amreli Steels,137,140.49,134,136.21,441000,135.86,,,
31MAY2017,ASLR,0808,Aisha Steel (R),9,9.8,8.6,9.39,4796500,8.81,,,
31MAY2017,BCL,0808,Bolan Casting,188.99,190,185,188.31,58000,189.82,,,
31MAY2017,DADX,0808,Dadex Eternit,91.5,95.79,91.5,95.79,21500,91.23,,,
31MAY2017,DSL,0808,Dost Steels Ltd.,13.98,14.44,13.75,14.13,5542500,13.79,,,
31MAY2017,CSAP,0808,Crescent Steel,262,278.09,262,268.93,439800,264.85,,,
31MAY2017,DKL,0808,Drekkar Kings,8.6,9.71,8.6,9.01,49000,8.71,,,
31MAY2017,HSPI,0808,Huffaz Seamless,62.87,62.87,59,62.87,471500,59.88,,,
31MAY2017,INIL,0808,Int. Ind.Ltd.,373,391.99,373,379.18,356300,380.8,,,
31MAY2017,ISL,0808,Inter.Steel Ltd,154,163.66,152,161.73,10751000,155.87,,,
31MAY2017,KSBP,0808,K.S.B.Pumps,369,369,352,352.93,2000,357,,,
31MAY2017,MUGHAL,0808,Mughal Iron&SteXD,88.95,92.97,88.71,90.84,1916000,88.65,,,
31MAY2017,PECO,0808,Pak Engineering,256,256,255,255.5,200,263,,,
31MAY2017,AGTL,0801,AL-Ghazi Tractors,668,677,665,673.53,24100,671.74,,,
31MAY2017,ATLH,0801,Atlas Honda Ltd,640,649.99,640,644.87,4550,643.31,,,
31MAY2017,DFML,0801,Dewan Motors,47,48,43.92,45.76,4662500,45.88,,,
31MAY2017,GAIL,0801,Ghani Automobile,14.8,15.12,14.65,14.8,765500,14.91,,,
31MAY2017,GHNI,0801,Ghandhara Ind.,801,808,795.5,800.1,9050,805.99,,,
31MAY2017,GHNL,0801,Ghand Nissan,268.2,270,252.9,258.01,91000,265.39,,,
31MAY2017,HINO,0801,Hinopak Motor,1525,1525,1510,1512.19,320,1541.35,,,
31MAY2017,HCAR,0801,Honda Atlas Cars,877,883,851.5,865.32,82900,881.95,,,
31MAY2017,INDU,0801,Indus Motor Co,1950.5,1954.5,1847,1904.97,91440,1943.79,,,
31MAY2017,MTL,0801,Millat Tractors,1482,1550,1480,1527.23,137750,1477.14,,,
31MAY2017,PSMC,0801,Pak Suzuki,890,890,850,871.09,93500,882.91,,,
31MAY2017,SAZEW,0801,Sazgar Eng.,203.99,204.4,197.5,204.4,148000,194.67,,,
31MAY2017,AGIL,0802,Agriautos Ind.,464.84,464.84,443,447.93,5200,455.84,,,
31MAY2017,ATBA,0802,Atlas Battery,945,945,945,945,1050,938,,,
31MAY2017,BWHL,0802,Bal.Wheels,179,183,179,182.8,8900,177.09,,,
31MAY2017,EXIDE,0802,Exide (PAK),1018,1020,1011,1014.5,340,1017.8,,,
31MAY2017,GTYR,0802,General Tyre,325,334,321,326.44,33200,332.14,,,
31MAY2017,LOADS,0802,Loads Limited,49.06,49.6,48.51,48.95,231000,49.2,,,
31MAY2017,CECL,0803,Climax Eng.,92.06,92.06,92.06,92.06,1000,87.68,,,
31MAY2017,JOPP,0803,Johnson & Philips,32,32,31,31.14,5500,31.3,,,
31MAY2017,PCAL,0803,Pakistan Cables,364,365,354,359.05,3600,351.5,,,
31MAY2017,PAEL,0803,Pak Elektron,116.75,119.5,112,115.52,7040000,116.55,,,
31MAY2017,TPL,0803,TPL Trakker Ltd,13.1,13.22,12.89,13.01,374000,13.12,,,
31MAY2017,AVN,0828,Avanceon Ltd,43.9,44.15,42.65,43.58,737500,42.29,,,
31MAY2017,SING,0803,Singer Pak.,72.1,75.98,72.1,74.51,75500,74.47,,,
31MAY2017,SIEM,0803,Siemens Pak.,850.1,858.99,850.1,854.82,520,860,,,
31MAY2017,SPEL,0818,Synthetic Prod,76.45,77.5,75,76.21,18500,74.97,,,
31MAY2017,PNSC,0833,P.N.S.C,160.02,162.25,159.26,160.58,22900,161.79,,,
31MAY2017,PIBTL,0833,Pak Int.Bulk,26.8,26.81,25.7,26.2,2799500,26.81,,,
31MAY2017,PICT,0833,Pak.Int.Cont.,380,380,380,380,800,380.96,,,
31MAY2017,PIAA,0833,P.I.A.C.(A),7.24,7.24,6.98,7.03,1112500,7.13,,,
31MAY2017,HUMNL,0828,Hum Network,12.5,12.5,12.2,12.28,47000,12.44,,,
31MAY2017,NETSOL,0828,Netsol Tech.,69,69,65.3,66.28,171000,68.51,,,
31MAY2017,PAKD,0828,Pak Datacom,59.03,59.03,59.02,59.02,1000,59.79,,,
31MAY2017,MDTL,0828,Media Times Ltd,3.99,3.99,3.85,3.91,204500,3.89,,,
31MAY2017,SYS,0828,Systems LimitedXD,90.51,91.8,87,88.89,80500,89.94,,,
31MAY2017,PTC,0828,P.T.C.L.,16,16.03,15.21,15.47,3289000,15.98,,,
31MAY2017,TRG,0828,TRG Pak Ltd,52.4,53.1,52.1,52.66,5853500,52.07,,,
31MAY2017,TELE,0828,Telecard Limited,3.93,3.93,3.8,3.83,527000,3.87,,,
31MAY2017,WTL,0828,WorldCall Telecom,2.92,2.99,2.8,2.88,2967500,2.94,,,
31MAY2017,DAWH,0809,Dawood HerculesXD,140.01,142.95,138,138.96,54100,142.16,,,
31MAY2017,ENGRO,0809,Engro Corp,390,390,370.12,372.08,23416800,389.59,,,
31MAY2017,EFERT,0809,Engro Fert.,58.65,61.2,58.35,60.6,11131000,58.44,,,
31MAY2017,FFBL,0809,Fauji Fert Bin,48.99,49.6,48,48.66,2022500,48.89,,,
31MAY2017,FFC,0809,Fauji Fert.XD,95.2,98.7,92.9,96.28,8298100,94.94,,,
31MAY2017,ABOT,0823,Abbott Lab.,911.5,930,911,914.9,3850,930.1,,,
31MAY2017,FEROZ,0823,Ferozsons (Lab),512,512,488.44,496.2,52550,514.14,,,
31MAY2017,GLAXO,0823,GlaxoSmithKline,223.5,223.5,216,218.66,205300,220.1,,,
31MAY2017,GSKCH,0823,Glaxo Healthcare Pak,259,264,247.01,252.15,193000,257.62,,,
31MAY2017,HINOON,0823,Highnoon (Lab),590,590,580,583.95,650,576.22,,,
31MAY2017,SAPL,0823,Sanofi-Aventis,2003,2010,1980,1998.68,1560,2026.89,,,
31MAY2017,OTSU,0823,Otsuka Pak,218,221.9,218,218.65,600,221.54,,,
31MAY2017,SEARL,0823,The Searle Co.,600,616,568.51,602.68,1552900,598.41,,,
31MAY2017,WYETH,0823,Wyeth Pak LtdXD,2350,2361,2270,2308.84,1180,2388.51,,,
31MAY2017,BAPL,0805,Bawany Air Products,18.2,18.2,16.23,16.31,120500,17.23,,,
31MAY2017,BIFO,0805,Biafo Ind.XD,284,285.5,274,274.98,18900,277.9,,,
31MAY2017,BERG,0805,Berger Paints,214,222,205.3,218.3,26800,215.14,,,
31MAY2017,ARPL,0805,Archroma Pak,758.99,758.99,745,748.04,7250,754.08,,,
31MAY2017,CTM,0830,Colony Tex.Mills Ltd,5.89,5.94,5.68,5.74,167000,5.71,,,
31MAY2017,DOL,0805,Descon Oxychem,22.59,22.85,21.83,22.23,534500,22.27,,,
31MAY2017,DAAG,0805,Data Agro      ,20.63,21.1,20.63,20.86,9500,21.71,,,
31MAY2017,DYNO,0805,Dynea Pakistan,117,122.46,116.5,122.46,111500,116.63,,,
31MAY2017,EPCL,0805,Engro Polymer,31.7,32.14,30.9,31.46,6860500,31.63,,,
31MAY2017,FATIMA,0809,Fatima Fert.,33.1,33.1,31.5,31.59,1835500,33.15,,,
31MAY2017,GGL,0805,Ghani Gases,31.85,32.19,31.75,31.83,64500,31.99,,,
31MAY2017,ICI,0805,ICI Pakistan,1168,1210,1145,1156.97,37650,1170.88,,,
31MAY2017,ICL,0805,Ittehad Chem.,36.49,36.5,35,35.03,56000,35.23,,,
31MAY2017,LOTCHEM,0805,Lotte Chemical,11.75,11.75,10.99,11.08,4411000,11.32,,,
31MAY2017,PPVC,0805,Pak.P.V.C.,9.65,9.95,9.05,9.55,26500,9.75,,,
31MAY2017,NICL,0805,Nimir Ind.Chem.,53.25,53.3,52.5,53.2,48000,50.77,,,
31MAY2017,LINDE,0805,Linde Pakistan,286,286,270.56,270.6,99700,284.79,,,
31MAY2017,NRSL,0805,Nimir Resins,10,10.04,9.85,9.97,317500,9.85,,,
31MAY2017,SHCI,0805,Shaffi Chemical,8.3,8.4,8.27,8.4,1500,8.59,,,
31MAY2017,SITC,0805,Sitara Chemical,500,500,495,498.43,900,500.47,,,
31MAY2017,SPL,0805,Sitara Peroxide,33.7,35.39,33.41,34,518000,33.94,,,
31MAY2017,WAHN,0805,Wah-Noble,297.65,297.65,281,297.65,39000,283.48,,,
31MAY2017,BPBL,0822,B.P.Board,14.19,14.19,12.67,12.74,10500,13.67,,,
31MAY2017,CEPB,0822,Century Paper,104.6,109.2,102.25,105.56,862000,104,,,
31MAY2017,CPPL,0822,Cherat Pack,280,280,275,277.66,10000,281.12,,,
31MAY2017,MERIT,0822,Merit Packaging,25.01,25.84,24.81,25.08,88000,25.36,,,
31MAY2017,PKGS,0822,Packages Ltd.,833.01,860,798,819.2,148650,838.7,,,
31MAY2017,PPP,0822,Pak Paper ProdXD,157.11,157.11,157,157.04,1500,165,,,
31MAY2017,RPL,0822,Roshan Packages,66.5,67.18,65.06,66.27,153000,66.99,,,
31MAY2017,SEPL,0822,Security Paper,167.3,169.9,163,165.42,72000,167.87,,,
31MAY2017,SSOM,0834,S.S.Oil,45.99,47.36,45.99,47.36,10500,45.11,,,
31MAY2017,BATA,0816,Bata (Pak),3800,3800,3800,3800,4500,3800,,,
31MAY2017,LEUL,0816,Leather Up Ltd.,27,27,25.41,25.61,11500,26.74,,,
31MAY2017,SRVI,0816,Service Ind.Ltd,1450,1450,1430,1439.5,600,1449.19,,,
31MAY2017,ASC,0810,Al-Shaheer Corp,45.56,45.99,44.9,45.31,144500,46.21,,,
31MAY2017,CLOV,0810,Clover Pakistan,58,59.4,57,58.37,54500,58.37,,,
31MAY2017,IBLHL,0823,IBL HealthCare,136,136.5,134.5,135.71,16200,136.11,,,
31MAY2017,NESTLE,0810,Nestle Pakistan,10000,10000,10000,10000,1020,10000,,,
31MAY2017,MFFL,0810,MithchellsFruit,262.01,279.99,262.01,277.99,800,270.2,,,
31MAY2017,MUREB,0810,Murree Brewery,750.02,769.9,750.01,753.54,1650,769.64,,,
31MAY2017,FFL,0810,Fauji Foods Ltd,93.02,94,92.25,93.38,45000,93.64,,,
31MAY2017,FFLNV,0810,Fauji FoodsNonV,72.11,72.7,71.01,71.85,6500,72.8,,,
31MAY2017,QUICE,0810,Quice Food,8.82,8.93,8.7,8.77,570000,8.81,,,
31MAY2017,UPFL,0810,Unilever Foods,6210,6210,6150,6150,60,6110,,,
31MAY2017,RMPL,0810,Rafhan MaizeXD,7310,7310,7300,7300,360,7315,,,
31MAY2017,TREET,0810,Treet Corp,66.4,68.1,66.4,67.19,278000,66.92,,,
31MAY2017,BGL,0811,Bal.Glass,21.3,21.75,20.5,21.02,1811000,20.94,,,
31MAY2017,EMCO,0811,EMCO Industries,34.2,35.5,33.95,34.11,11500,35.69,,,
31MAY2017,FRCL,0811,Frontier Ceram,0,9.6,9.6,9.6,3500,9.6,,,
31MAY2017,GHGL,0811,Ghani Glass Ltd,92,93,91.55,92.16,35900,92.41,,,
31MAY2017,GGGL,0811,GhaniGlobalGlass,24.29,24.29,23,23.53,269000,24.1,,,
31MAY2017,GVGL,0811,Ghani Value Gla.,23.5,23.5,23.5,23.5,5500,23.75,,,
31MAY2017,GHGLR1,0811,Ghani Glass(R),75,77,74.01,75.59,88800,74.85,,,
31MAY2017,TGL,0811,Tariq Glass Ind.,122.5,127.95,122.5,124.39,20900,125.72,,,
31MAY2017,STCL,0811,Shabbir Tiles,21.26,22.22,20.5,21.21,3806500,21.17,,,
31MAY2017,GAMON,0818,Gammon Pak,41.25,43.5,41.25,41.75,3000,42,,,
31MAY2017,AKGL,0818,AL-Khair Gadoon,0,12.75,12.75,12.75,3500,12.75,,,
31MAY2017,HADC,0818,Haydery Const,16.64,18.19,16.64,17.06,354500,17.64,,,
31MAY2017,MACFL,0818,MACPAC Films,42.43,42.43,42.43,42.43,77500,40.41,,,
31MAY2017,DIIL,0818,Diamond Ind.,22.8,22.8,22.8,22.8,500,23.99,,,
31MAY2017,ECOP,0818,ECOPACK Ltd,27.8,28.7,27.8,28.1,1500,27.94,,,
31MAY2017,GOC,0818,GOC (Pak) Ltd.,61.63,61.63,61.63,61.63,1000,62.5,,,
31MAY2017,PACE,0818,Pace (Pak) Ltd.,8.85,9,8.8,8.9,1840500,8.8,,,
31MAY2017,PHDL,0818,Pak Hotels,95,98.03,93.03,97.42,1700,93.37,,,
31MAY2017,AKDCL,0818,AKD Capital,145.89,146.02,145.89,145.97,600,139.09,,,
31MAY2017,SHFA,0818,Shifa Int.Hosp,295.1,295.1,295,295.02,600,300.19,,,
31MAY2017,STPL,0818,Siddiqsons Tin,32.91,35.7,32.3,35.7,3102500,34,,,
31MAY2017,TPLPL,0818,TPL Properties,0,10.08,10.08,10.08,500000,10.08,,,
31MAY2017,TRIPF,0818,Tri-Pack Films,255,257.5,245.51,249.31,15900,256,,,
31MAY2017,UDPL,0818,United Dist.,75.55,76.25,75,75.51,12000,76.95,,,
31MAY2017,TELETFC,36,Telecard TFC,0,328.45,0,328.45,0,328.45,,,
31MAY2017,HBLTFC,36,HBLTFC Priv. Placed,0,100.675,0,100.675,0,100.675,,,
31MAY2017,BAFLTFC5,36,Bank Alfalah(TFC),0,102.9455,0,102.9455,0,102.9455,,,
31MAY2017,WTLTFC3,36,Worldcall Tel(T,0,100,0,100,0,100,,,
31MAY2017,FATIMASC,36,Fatima Fert(Suk,0,104.25,0,104.25,0,104.25,,,
31MAY2017,HBL-CJUN,40,HBL-CJUN,0,273.49,0,273.49,0,287.22,,,
31MAY2017,AKBL-CJUN,40,AKBL-CJUN,0,21.41,0,21.41,0,22.2,,,
31MAY2017,ATRL-CJUN,40,ATRL-CJUN,0,452.56,0,452.56,0,451.97,,,
31MAY2017,BAFL-CJUN,40,BAFL-CJUN,0,45.78,0,45.78,0,45.86,,,
31MAY2017,ENGRO-CJUN,40,ENGRO-CJUN,0,375.43,0,375.43,0,393.21,,,
31MAY2017,FABL-CJUN,40,FABL-CJUN,0,24.33,0,24.33,0,24.74,,,
31MAY2017,FCCL-CJUN,40,FCCL-CJUN,0,45.72,0,45.72,0,45.83,,,
31MAY2017,FFBL-CJUN,40,FFBL-CJUN,0,49.1,0,49.1,0,49.34,,,
31MAY2017,FFC-CJUN,40,FFC-CJUN,0,97.15,0,97.15,0,95.82,,,
31MAY2017,HUBC-CJUN,40,HUBC-CJUN,0,133.71,0,133.71,0,130.73,,,
31MAY2017,KAPCO-CJUN,40,KAPCO-CJUN,0,76.18,0,76.18,0,77.59,,,
31MAY2017,MCB-CJUN,40,MCB-CJUN,0,222.28,0,222.28,0,233.62,,,
31MAY2017,NML-CJUN,40,NML-CJUN,0,173.77,0,173.77,0,170.18,,,
31MAY2017,PSO-CJUN,40,PSO-CJUN,0,469.83,0,469.83,0,468.12,,,
31MAY2017,UBL-CJUN,40,UBL-CJUN,0,239.74,0,239.74,0,251.8,,,
31MAY2017,ATRL-CJUL,40,ATRL-CJUL,0,455.97,0,455.97,0,455.38,,,
31MAY2017,FCCL-CJUL,40,FCCL-CJUL,0,46.06,0,46.06,0,46.18,,,
31MAY2017,FFC-CJUL,40,FFC-CJUL,0,97.88,0,97.88,0,96.54,,,
31MAY2017,FABL-CJUL,40,FABL-CJUL,0,24.51,0,24.51,0,24.92,,,
31MAY2017,KAPCO-CJUL,40,KAPCO-CJUL,0,76.75,0,76.75,0,78.18,,,
31MAY2017,NML-CJUL,40,NML-CJUL,0,175.08,0,175.08,0,171.46,,,
31MAY2017,AKBL-CAUG,40,AKBL-CAUG,0,21.74,0,21.74,0,22.55,,,
31MAY2017,ATRL-CAUG,40,ATRL-CAUG,0,459.5,0,459.5,0,458.91,,,
31MAY2017,FCCL-CAUG,40,FCCL-CAUG,0,46.42,0,46.42,0,46.54,,,
31MAY2017,FFC-CAUG,40,FFC-CAUG,0,98.64,0,98.64,0,97.29,,,
31MAY2017,FABL-CAUG,40,FABL-CAUG,0,24.7,0,24.7,0,25.12,,,
31MAY2017,KAPCO-CAUG,40,KAPCO-CAUG,0,77.35,0,77.35,0,78.79,,,
31MAY2017,NML-CAUG,40,NML-CAUG,0,176.44,0,176.44,0,172.79,,,
31MAY2017,DGKC-CJUN,40,DGKC-CJUN,0,240.47,0,240.47,0,239.65,,,
31MAY2017,DGKC-CJUL,40,DGKC-CJUL,0,242.28,0,242.28,0,241.45,,,
31MAY2017,DGKC-CAUG,40,DGKC-CAUG,0,244.15,0,244.15,0,243.32,,,
31MAY2017,NCL-CJUN,40,NCL-CJUN,0,60.39,0,60.39,0,60.6,,,
31MAY2017,NCL-CJUL,40,NCL-CJUL,0,60.84,0,60.84,0,61.05,,,
31MAY2017,NCL-CAUG,40,NCL-CAUG,0,61.32,0,61.32,0,61.53,,,
31MAY2017,HUBC-JUN,40,HUBC-JUN,127,132.74,127,131.42,38500,128.15,,,
31MAY2017,PSO-JUN,40,PSO-JUN,456.99,467,440.4,454.89,347500,457.42,,,
31MAY2017,NML-JUN,40,NML-JUN,170.7,174,169.01,172.18,868500,169.32,,,
31MAY2017,PTC-JUN,40,PTC-JUN,16.01,16.01,15.48,15.54,75500,16.1,,,
31MAY2017,ENGRO-JUN,40,ENGRO-JUN,388.46,389,368.75,372.74,4872500,387.11,,,
31MAY2017,FFC-JUN,40,FFC-JUN,94.9,97.5,92.22,95.42,431000,94.21,,,
31MAY2017,FFBL-JUN,40,FFBL-JUN,49.15,49.94,48.5,48.99,198000,49.03,,,
31MAY2017,OGDC-JUN,40,OGDC-JUN,185.45,185.5,175.3,177.07,3065000,184.52,,,
31MAY2017,DGKC-JUN,40,DGKC-JUN,238,243.25,235.75,239.81,732500,239.3,,,
31MAY2017,NBP-JUN,40,NBP-JUN,66.3,68,64.5,66.46,273000,65.86,,,
31MAY2017,MLCF-JUN,40,MLCF-JUN,114.7,115.5,110.8,111.7,1132500,115.82,,,
31MAY2017,BOP-JUN,40,BOP-JUN,13.41,13.44,13.08,13.22,1135500,13.38,,,
31MAY2017,FABL-JUN,40,FABL-JUN,24.7,26.24,24.35,24.55,45500,25,,,
31MAY2017,AKBL-JUN,40,AKBL-JUN,22.1,22.3,21.18,21.49,235500,22.18,,,
31MAY2017,BAFL-JUN,40,BAFL-JUN,45.31,46.99,44.8,45.61,115500,45.72,,,
31MAY2017,KAPCO-JUN,40,KAPCO-JUN,77.51,77.6,76.5,76.65,9500,77.35,,,
31MAY2017,OGDC-CJUN,40,OGDC-CJUN,0,178.42,0,178.42,0,186.6,,,
31MAY2017,NBP-CJUN,40,NBP-CJUN,0,66.93,0,66.93,0,65.91,,,
31MAY2017,PTC-CJUN,40,PTC-CJUN,0,15.61,0,15.61,0,16.13,,,
31MAY2017,OGDC-CJUL,40,OGDC-CJUL,0,179.77,0,179.77,0,188,,,
31MAY2017,PTC-CJUL,40,PTC-CJUL,0,15.73,0,15.73,0,16.25,,,
31MAY2017,NBP-CJUL,40,NBP-CJUL,0,67.43,0,67.43,0,66.4,,,
31MAY2017,OGDC-CAUG,40,OGDC-CAUG,0,181.16,0,181.16,0,189.46,,,
31MAY2017,PTC-CAUG,40,PTC-CAUG,0,15.85,0,15.85,0,16.38,,,
31MAY2017,NBP-CAUG,40,NBP-CAUG,0,67.95,0,67.95,0,66.92,,,
31MAY2017,PSO-CJUL,40,PSO-CJUL,0,473.37,0,473.37,0,471.65,,,
31MAY2017,ENGRO-CJUL,40,ENGRO-CJUL,0,378.26,0,378.26,0,396.17,,,
31MAY2017,BOP-CJUL,40,BOP-CJUL,0,13.28,0,13.28,0,13.46,,,
31MAY2017,FFBL-CJUL,40,FFBL-CJUL,0,49.47,0,49.47,0,49.72,,,
31MAY2017,HUBC-CJUL,40,HUBC-CJUL,0,134.72,0,134.72,0,131.72,,,
31MAY2017,BAFL-CJUL,40,BAFL-CJUL,0,46.12,0,46.12,0,46.21,,,
31MAY2017,ATRL-JUN,40,ATRL-JUN,451.5,457,449.15,452.69,369000,451.37,,,
31MAY2017,FCCL-JUN,40,FCCL-JUN,46.7,46.7,44.5,45.45,947000,45.7,,,
31MAY2017,PSO-CAUG,40,PSO-CAUG,0,477.04,0,477.04,0,475.31,,,
31MAY2017,ENGRO-CAUG,40,ENGRO-CAUG,0,381.19,0,381.19,0,399.25,,,
31MAY2017,BOP-CAUG,40,BOP-CAUG,0,13.38,0,13.38,0,13.57,,,
31MAY2017,FFBL-CAUG,40,FFBL-CAUG,0,49.85,0,49.85,0,50.1,,,
31MAY2017,HUBC-CAUG,40,HUBC-CAUG,0,135.76,0,135.76,0,132.74,,,
31MAY2017,BAFL-CAUG,40,BAFL-CAUG,0,46.48,0,46.48,0,46.57,,,
31MAY2017,FATIMA-CJUN,40,FATIMA-CJUN,0,31.87,0,31.87,0,33.46,,,
31MAY2017,FATIMA-CJUL,40,FATIMA-CJUL,0,32.11,0,32.11,0,33.71,,,
31MAY2017,FATIMA-JUN,40,FATIMA-JUN,32.8,32.8,31.79,31.94,51000,33.46,,,
31MAY2017,FATIMA-CAUG,40,FATIMA-CAUG,0,32.36,0,32.36,0,33.97,,,
31MAY2017,EFOODS-CJUN,40,EFOODS-CJUN,0,152.23,0,152.23,0,154.14,,,
31MAY2017,AKBL-CJUL,40,AKBL-CJUL,0,21.57,0,21.57,0,22.37,,,
31MAY2017,EFOODS-CJUL,40,EFOODS-CJUL,0,153.37,0,153.37,0,155.3,,,
31MAY2017,EFOODS-JUN,40,EFOODS-JUN,152.1,153.67,151.41,152.72,118000,154.01,,,
31MAY2017,NCL-JUN,40,NCL-JUN,60.65,60.99,59.85,60.34,129500,60.5,,,
31MAY2017,EFOODS-CAUG,40,EFOODS-CAUG,0,154.56,0,154.56,0,156.51,,,
31MAY2017,BOP-CJUN,40,BOP-CJUN,0,13.18,0,13.18,0,13.36,,,
31MAY2017,MLCF-CJUN,40,MLCF-CJUN,0,112.35,0,112.35,0,116.03,,,
31MAY2017,MLCF-CJUL,40,MLCF-CJUL,0,113.2,0,113.2,0,116.9,,,
31MAY2017,MLCF-CAUG,40,MLCF-CAUG,0,114.08,0,114.08,0,117.81,,,
31MAY2017,EFERT-CJUN,40,EFERT-CJUN,0,61.15,0,61.15,0,58.98,,,
31MAY2017,KEL-CJUN,40,KEL-CJUN,0,7.39,0,7.39,0,7.77,,,
31MAY2017,PAEL-CJUN,40,PAEL-CJUN,0,116.56,0,116.56,0,117.63,,,
31MAY2017,EFERT-CJUL,40,EFERT-CJUL,0,61.61,0,61.61,0,59.43,,,
31MAY2017,KEL-CJUL,40,KEL-CJUL,0,7.44,0,7.44,0,7.83,,,
31MAY2017,PAEL-CJUL,40,PAEL-CJUL,0,117.44,0,117.44,0,118.52,,,
31MAY2017,EFERT-JUN,40,EFERT-JUN,58.95,61.35,58.8,60.81,1473500,58.85,,,
31MAY2017,KEL-JUN,40,KEL-JUN,7.71,7.72,7.2,7.4,1526000,7.75,,,
31MAY2017,PAEL-JUN,40,PAEL-JUN,117.6,120.24,112.9,116,4236500,117.4,,,
31MAY2017,EFERT-CAUG,40,EFERT-CAUG,0,62.08,0,62.08,0,59.89,,,
31MAY2017,KEL-CAUG,40,KEL-CAUG,0,7.5,0,7.5,0,7.89,,,
31MAY2017,PAEL-CAUG,40,PAEL-CAUG,0,118.35,0,118.35,0,119.44,,,
31MAY2017,ISL-CJUN,40,ISL-CJUN,0,163.19,0,163.19,0,157.32,,,
31MAY2017,POWER-CJUN,40,POWER-CJUN,0,14.89,0,14.89,0,15.31,,,
31MAY2017,TPL-CJUN,40,TPL-CJUN,0,13.13,0,13.13,0,13.24,,,
31MAY2017,TRG-CJUN,40,TRG-CJUN,0,53.13,0,53.13,0,52.55,,,
31MAY2017,POWER-CJUL,40,POWER-CJUL,0,15.01,0,15.01,0,15.43,,,
31MAY2017,ISL-CJUL,40,ISL-CJUL,0,164.41,0,164.41,0,158.5,,,
31MAY2017,TPL-CJUL,40,TPL-CJUL,0,13.23,0,13.23,0,13.34,,,
31MAY2017,TRG-CJUL,40,TRG-CJUL,0,53.53,0,53.53,0,52.95,,,
31MAY2017,ISL-JUN,40,ISL-JUN,155.3,164.94,153.92,162.78,7162000,157.09,,,
31MAY2017,POWER-JUN,40,POWER-JUN,15.2,15.4,14.4,14.73,4067000,15.26,,,
31MAY2017,TPL-JUN,40,TPL-JUN,13.05,13.4,13.05,13.16,132000,13.27,,,
31MAY2017,TRG-JUN,40,TRG-JUN,53.38,53.65,52.7,53.26,5832000,52.7,,,
31MAY2017,ISL-CAUG,40,ISL-CAUG,0,165.69,0,165.69,0,159.73,,,
31MAY2017,POWER-CAUG,40,POWER-CAUG,0,15.12,0,15.12,0,15.55,,,
31MAY2017,TPL-CAUG,40,TPL-CAUG,0,13.33,0,13.33,0,13.45,,,
31MAY2017,TRG-CAUG,40,TRG-CAUG,0,53.95,0,53.95,0,53.36,,,
31MAY2017,QUICE-CJUN,40,QUICE-CJUN,0,8.85,0,8.85,0,8.89,,,
31MAY2017,TREET-CJUN,40,TREET-CJUN,0,67.79,0,67.79,0,67.54,,,
31MAY2017,QUICE-CJUL,40,QUICE-CJUL,0,8.92,0,8.92,0,8.96,,,
31MAY2017,TREET-CJUL,40,TREET-CJUL,0,68.31,0,68.31,0,68.05,,,
31MAY2017,QUICE-JUN,40,QUICE-JUN,8.9,8.97,8.87,8.9,98500,8.85,,,
31MAY2017,TREET-JUN,40,TREET-JUN,67.7,68.6,67.2,67.64,137500,67.7,,,
31MAY2017,QUICE-CAUG,40,QUICE-CAUG,0,8.98,0,8.98,0,9.03,,,
31MAY2017,TREET-CAUG,40,TREET-CAUG,0,68.83,0,68.83,0,68.58,,,
31MAY2017,DCR,0836,Dolmen City Reit,11.5,11.79,11.5,11.65,59000,11.67,,,
