28JUL2015,GASF,0806,Golden Arrow,12.29,12.56,12.2,12.45,396500,12.27,,,
28JUL2015,PGF,0806,PICIC Growth,26.5,26.5,26.28,26.5,30000,26.1,,,
28JUL2015,PIF,0806,PICIC Inv.Fund,12.82,12.82,12.6,12.71,12500,12.6,,,
28JUL2015,TSMF,0806,Tri-Star Mutual,3.49,3.5,3.01,3.5,2500,3,,,
28JUL2015,FANM,0819,AL-Noor Modar,4.41,4.41,4.01,4.11,57000,4.4,,,
28JUL2015,ARM,0819,Allied Rent.,38.5,40.01,38.5,40.01,1500,40,,,
28JUL2015,BFMOD,0819,B.F.Modaraba,8.75,9,8.71,9,5000,8,,,
28JUL2015,BRR,0819,B.R.R.Guardian,7.6,7.82,7.6,7.82,35500,7.59,,,
28JUL2015,FECM,0819,Elite Cap.Mod,4.44,4.44,4.14,4.14,7000,4.18,,,
28JUL2015,FEM,0819,Equity Modaraba,4.5,4.5,4.3,4.3,8000,4.4,,,
28JUL2015,FFLM,0819,1st.Fid.Leasing,3.13,3.28,3.13,3.28,12000,3.2,,,
28JUL2015,SCM,0819,Stand.Char. Mod,28.75,29.9,28.75,29.9,331500,28.61,,,
28JUL2015,FHAM,0819,Habib Modaraba,10.7,11.05,10.7,11.03,23000,11,,,
28JUL2015,KASBM,0819,KASB Mod,0,3.6152,3.6152,3.6152,0,3.7,,,
28JUL2015,FNBM,0819,Nat.Bank Mod.,4.75,5,4.75,5,31500,4.85,,,
28JUL2015,PAKMI,0819,Pak Mod.XD,2,2,2,2,1000,2,,,
28JUL2015,PMI,0819,Prud Mod.1stXD,2.04,2.09,2,2.09,61500,2.15,,,
28JUL2015,FPJM,0819,Punjab Modaraba,6.1,6.39,6.1,6.2,115500,6.1,,,
28JUL2015,FUDLM,0819,U.D.L.Modaraba,25.45,26.8,25.45,26.76,62000,25.88,,,
28JUL2015,OLPL,0815,Orix Leasing,67,69,67,67.82,195500,67.51,,,
28JUL2015,PGLC,0815,Pak Gulf Leasing,0,18,18,18,0,18.7,,,
28JUL2015,SLCL,0815,Security Leasing,3.04,3.05,3.04,3.05,3000,3,,,
28JUL2015,SPLC,0815,Saudi Pak Leasing,2.44,2.44,2.29,2.3,50000,2.4,,,
28JUL2015,MCBAH,0813,MCB-ARIF Habib,29.24,29.5,29.24,29.42,4000,29.25,,,
28JUL2015,AHL,0813,Arif Habib Ltd.,73.5,76.74,73.49,76.01,455000,73.09,,,
28JUL2015,AHCL,0809,Arif Habib Corp,52.11,54.56,52,54.51,708000,51.97,,,
28JUL2015,ICIBL,0813,Invest Bank,1.7,1.78,1.66,1.7,308000,1.68,,,
28JUL2015,FDIBL,0813,Ist.Dawood Bank,1.69,1.69,1.57,1.6,31500,1.55,,,
28JUL2015,JSCL,0813,Jah.Sidd. Co.,29.97,31.48,29.46,29.95,16076500,30.78,,,
28JUL2015,NEXT,0815,Next Capital,8.5,9.49,8.5,9.25,112500,8.51,,,
28JUL2015,FCSC,0813,Ist.Capital Sec.Corp,3.69,3.69,3.46,3.51,261500,3.53,,,
28JUL2015,FCIBL,0813,F.Credit & Inv,6.7,6.7,6.7,6.7,500,6.7,,,
28JUL2015,IGIBL,0813,IGI Inv.Bank,2.26,2.44,2.2,2.3,1556000,2.31,,,
28JUL2015,IFSL,0813,Invest & Fin.Sec,39.89,41.19,38.45,41.19,1233500,39.23,,,
28JUL2015,FNEL,0813,F. Nat.Equities,3.8,4.25,3.8,3.96,60500,3.76,,,
28JUL2015,JSIL,0813,JS Investments,16.85,17.99,16.85,17.66,648000,17.16,,,
28JUL2015,JSGCL,0813,JS Global Cap.,51.5,54.64,51.5,54.44,17500,52.89,,,
28JUL2015,DEL,0813,Dawood Equities,3.16,3.7,3.16,3.45,3500,3.83,,,
28JUL2015,PASL,0813,Pervez Ahmed,3.15,3.31,3.01,3.16,6860000,3.13,,,
28JUL2015,SIBL,0813,Sec. Inv. Bank,2.95,2.98,2.95,2.98,3000,2.98,,,
28JUL2015,TRIBL,0813,Trust Inv.Bank,1.45,1.65,1.45,1.64,57500,1.43,,,
28JUL2015,TSBL,0813,Trust Brokerage,6.28,6.39,6.28,6.36,5000,6.4,,,
28JUL2015,ABL,0807,Allied Bank,103.86,103.99,103,103.08,107000,103.86,,,
28JUL2015,SMBL,0807,Summit Bank,5.17,5.27,4.96,5.02,1790500,5.08,,,
28JUL2015,AKBL,0807,Askari Bank,22.01,22.48,22,22.36,1114000,21.99,,,
28JUL2015,BAFL,0807,Bank Al-Falah,27.99,28.33,27.82,27.98,499500,27.7,,,
28JUL2015,BIPL,0807,Bankislami Pak.,12,12.2,11.76,12.15,48500,12.12,,,
28JUL2015,BOK,0807,Bank Of Khyber,11.2,11.49,11.2,11.38,25000,11.25,,,
28JUL2015,BAHL,0807,Bank AL-Habib,45,45,44.85,44.92,95000,45.07,,,
28JUL2015,BOP,0807,B.O.Punjab,9.7,9.92,9.6,9.69,9247500,9.7,,,
28JUL2015,FABL,0807,Faysal Bank,16.49,16.73,16.05,16.47,1218000,16.34,,,
28JUL2015,HBL,0807,Habib Bank,224,226,219,225,45900,224.08,,,
28JUL2015,MEBL,0807,Meezan Bank,42,44.1,40.54,44.1,70000,42,,,
28JUL2015,NBP,0807,National Bank.,56.6,57.5,56.6,57.01,184000,57.02,,,
28JUL2015,HMB,0807,Habib Metropolitan,31.25,31.7,31.25,31.4,93000,31.2,,,
28JUL2015,MCB,0807,MCB Bank Ltd,275,278.5,272.1,274.08,612900,275.08,,,
28JUL2015,NIB,0807,NIB Bank Limited,2.45,2.6,2.4,2.54,10212500,2.39,,,
28JUL2015,JSBL,0807,JS Bank Ltd,8.75,8.94,8.5,8.6,1138000,8.84,,,
28JUL2015,SBL,0807,Samba Bank,7.49,7.99,7.49,7.5,31000,7.5,,,
28JUL2015,SILK,0807,Silk Bank Ltd,2.08,2.15,2.03,2.1,5357000,2.05,,,
28JUL2015,SILKR1,0807,Silk Bank(R),0.35,0.4,0.32,0.38,21104000,0.34,,,
28JUL2015,SNBL,0807,Soneri Bank Ltd,13.75,14.15,13.75,14,2577000,13.75,,,
28JUL2015,SCBPL,0807,St.Chart.Bank,25.49,25.5,25.01,25.01,10500,25,,,
28JUL2015,UBL,0807,United Bank,180,181.88,179,180.78,388300,178.93,,,
28JUL2015,AICL,0812,Adamjee Ins.,53,53.9,52.7,53.8,1005500,53.15,,,
28JUL2015,IGIL,0812,IGI Life Ins.,127.1,128,125.31,126.25,4500,131.9,,,
28JUL2015,AGIC,0812,Ask.Gen.Ins.,31.1,32,31,32,21000,31.86,,,
28JUL2015,CYAN,0812,Cyan Limited,97,101.01,95.5,101.01,324000,96.2,,,
28JUL2015,CENI,0812,Century Ins.,22.35,23.54,22.35,23.54,93000,22.42,,,
28JUL2015,JLICL,0812,Jubile Life Ins.,479.86,503.85,479.86,499.06,9900,479.86,,,
28JUL2015,CSIL,0812,Cres.Star Ins.Ltd.,14.9,15,14.5,14.5,1417500,15.5,,,
28JUL2015,EFUG,0812,EFU General,151.3,152.99,151.24,152,4900,150.94,,,
28JUL2015,EFUL,0812,EFU Life Assr.,195,195,195,200.12,100,200.12,,,
28JUL2015,HICL,0812,Habib Ins.,21,21.45,21,21.42,12000,21.1,,,
28JUL2015,IGIIL,0812,IGI Insurance,218.02,221.3,217,217.96,34600,218.72,,,
28JUL2015,ATIL,0812,Atlas Ins. Ltd,71.45,71.45,71.45,71.45,500,71,,,
28JUL2015,JGICL,0812,JubileeGen.,112.5,115,112.26,115,6000,115.46,,,
28JUL2015,PIL,0812,PICIC Ins.Ltd.,11.25,11.4,11.25,11.4,7000,11.62,,,
28JUL2015,PAKRI,0812,Pak Reinsurance,36,37,35.5,36.38,848500,36.01,,,
28JUL2015,PINL,0812,Premier Ins.,31.39,31.4,30.9,31.4,29500,29.91,,,
28JUL2015,RICL,0812,Reliance Ins.,15.6,16.71,15.6,16.67,1555000,15.71,,,
28JUL2015,SHNI,0812,Shaheen Ins.,7.36,8.15,7.31,7.99,105000,7.94,,,
28JUL2015,SSIC,0812,Silver Star Ins.,7.36,7.77,7.3,7.61,106500,7.6,,,
28JUL2015,TDIL,0812,TPL Direct Insurance,21.75,22.3,21.75,22.3,2000,21.25,,,
28JUL2015,UNIC,0812,United Insurance,27.65,27.75,27,27.1,43500,26.72,,,
28JUL2015,UVIC,0812,Universal Insurance,8.3,8.3,8.3,8.3,1000,8.5,,,
28JUL2015,AMTEX,0830,Amtex Limited,2.67,2.91,2.67,2.81,526500,2.79,,,
28JUL2015,BROT,0830,Brothers Textile,7.06,7.34,6.1,6.6,7500,7,,,
28JUL2015,HIRAT,0830,Hira Textile,11.1,11.3,11.1,11.12,20000,11.07,,,
28JUL2015,DFSM,0830,Dewan Farooque Sp.,4.49,4.7,4.35,4.4,308500,4.37,,,
28JUL2015,DMTM,0830,Dewan Mushtaq,7,7,7,7,500,7.5,,,
28JUL2015,DSIL,0830,D.S. Ind. Ltd.,4.26,4.84,4.26,4.54,94500,4.52,,,
28JUL2015,GADT,0830,Gadoon Textile,163.49,163.49,160.5,161.85,1900,160.41,,,
28JUL2015,GLAT,0830,Glamour Textile,42,42,42,42,25000,42.025,,,
28JUL2015,HMIM,0830,H.M.Ismail,3.03,3.03,3.03,3.03,3000,3.5,,,
28JUL2015,IDYM,0830,Indus Dyeing,0,1050,1050,1050,0,1080,,,
28JUL2015,ILTM,0830,Island Textile,762.85,800,762.85,800,650,802.99,,,
28JUL2015,JATM,0830,J.A.Textile,4.7,4.7,4.7,4.7,5500,4.51,,,
28JUL2015,JKSM,0830,J.K.Spinning,22,22.5,22,22.5,9500,21.5,,,
28JUL2015,JDMT,0830,Janana D Mal,87,87,83.51,83.51,7000,87,,,
28JUL2015,KOHTM,0830,Kohat Textile,12.05,12.25,12,12,27000,12.5,,,
28JUL2015,KOSM,0830,Kohinoor Spining,11,11,10.8,10.8,9500,11,,,
28JUL2015,LMSM,0830,Land Mark Spinning,10.01,10.01,10,10,2500,10.27,,,
28JUL2015,MUKT,0830,Mukhtar Textile,2.4,2.4,2.16,2.2,18000,2.3,,,
28JUL2015,NCML,0830,Nazir Cotton Mills,3.75,3.75,3.67,3.7,7000,4.3,,,
28JUL2015,PRET,0830,Premium Tex.,91.75,91.75,91.5,91.5,1000,95.3,,,
28JUL2015,RAVT,0830,Ravi Textile,4.05,4.14,4,4,56500,3.98,,,
28JUL2015,RUBY,0830,Ruby Textile,5.6,5.8,5.4,5.58,4500,5.9,,,
28JUL2015,SAIF,0830,Saif Textile,20.5,21.5,20.5,20.56,2000,21.3,,,
28JUL2015,SANE,0830,Salman Noman,6.17,6.2,6.17,6.2,2000,6.1,,,
28JUL2015,SNAI,0830,Sana Industries,81.65,81.65,81.5,81.5,9500,81,,,
28JUL2015,SSML,0830,Saritow Spinning,8.75,8.75,8.7,8.72,4000,8.55,,,
28JUL2015,SERT,0830,Service Textile,11.86,11.87,11,11.87,3000,11.9,,,
28JUL2015,SUTM,0830,Sunrays Textile,0,284,284,271.54,200,271.54,,,
28JUL2015,THAS,0830,Taha Spinning,6.5,6.75,6.45,6.75,13000,6.7,,,
28JUL2015,TATM,0830,Tata Textile,30,30,30,30,2000,29.56,,,
28JUL2015,ASHT,0831,Ashfaq Textile,10,10,10,10,1000,9.5,,,
28JUL2015,ICCT,0831,I.C.C.Textile,3.8,4,3.7,4,7000,4.1,,,
28JUL2015,PRWM,0831,Prosperity Weav,36,36,36,36,2000,36.75,,,
28JUL2015,SMTM,0831,Samin Textile,11.88,12.35,11.7,11.74,171500,11.9,,,
28JUL2015,YOUW,0831,Yousuf Weaving,3.9,3.9,3.75,3.75,11000,3.7,,,
28JUL2015,ZTL,0831,Zephyr Textile,8.25,8.25,8.25,8,5000,8,,,
28JUL2015,ADMM,0829,Artistic Denim,81,81,78.02,80.45,9500,79.75,,,
28JUL2015,ARUJ,0829,Aruj Industries,21.4,21.5,20.98,21.3,9000,20.5,,,
28JUL2015,CHBL,0829,Chenab Limited,5.22,5.91,5.22,5.58,334500,5.53,,,
28JUL2015,CLCPS,0829,Chenab Ltd.(Pref),2.08,2.08,1.86,2,818500,1.87,,,
28JUL2015,CRTM,0829,Crescent Tex.,22.8,23,22.65,23,22000,22.78,,,
28JUL2015,NCL,0829,Nishat (Chun.),36.36,37.65,36,36.72,1877500,36.36,,,
28JUL2015,DLL,0829,Dawood Law,126,128,122.5,128,13300,125.41,,,
28JUL2015,REWM,0829,Reliance Weaving,33,33,33,33,2500,33,,,
28JUL2015,FSWL,0829,Fateh Sports,0,68,68,64.96,1000,64.955,,,
28JUL2015,GATM,0829,Gul Ahmed,48.99,49.24,48.5,48.89,149000,48.22,,,
28JUL2015,HAEL,0829,Hala Enterprise,11.11,11.5,11.11,11.5,10000,11.48,,,
28JUL2015,INKL,0829,Int.Knitwear,14.44,14.46,13.9,14.03,72000,13.46,,,
28JUL2015,ISTM,0829,Ishaq Textiles,12.45,12.45,12.45,12.45,5000,12.45,,,
28JUL2015,KHYT,0829,Khyber Textile,37,37,37,37,500,36.64,,,
28JUL2015,KOIL,0829,Kohinoor Ind.,6,6.38,5.8,6.24,515000,5.84,,,
28JUL2015,KTML,0829,Kohinoor Textile,68.5,69,67.5,67.66,405500,67.76,,,
28JUL2015,ANL,0829,Azgard Nine,6.91,7.27,6.86,6.98,2830000,6.9,,,
28JUL2015,MTIL,0829,Mian Textile,3,3.4,3,3.18,53000,2.87,,,
28JUL2015,MFTM,0829,Mohd.Farooq,4.95,5,4.65,4.97,80500,4.7,,,
28JUL2015,MUBT,0829,Mubarak Textile,5.09,5.09,5.05,5.08,1500,5.25,,,
28JUL2015,NML,0829,Nishat Mills Ltd,116.2,117.48,114.25,114.96,568100,116.91,,,
28JUL2015,REDCO,0829,Redco Textile,4.92,4.95,4.7,4.7,37500,4.52,,,
28JUL2015,SFL,0829,Sapphire Fiber,600,603.75,600,603.75,9100,575,,,
28JUL2015,STML,0829,Shams Textile,0,29.9,29.9,29.8,1000,29.8,,,
28JUL2015,FASM,0829,Faisal Spinning,142,142,142,145,100,145,,,
28JUL2015,PASM,0829,Paramount Sp,3.6,3.99,3.6,3.99,1000,4,,,
28JUL2015,SAPT,0829,Sapphire Tex.,702.9,703.73,690.11,703.73,5450,670.22,,,
28JUL2015,BNWM,0835,Bannu Woollen,70,71.5,70,71.29,49500,69.34,,,
28JUL2015,AGL,0805,Agritech Limited,10.65,11.9,10.65,10.93,112500,11.5,,,
28JUL2015,AASM,0827,AL-Abid Silk Mills,9.1,10.44,9.05,10.44,19000,9.44,,,
28JUL2015,DSFL,0827,Dewan Salman,3.35,3.73,3.35,3.52,3988500,3.44,,,
28JUL2015,IBFL,0827,Ibrahim Fibres,74.57,74.57,74.57,74.57,500,78.49,,,
28JUL2015,RUPL,0827,Rupali Polyester,15.2,15.45,15.06,15.1,61500,14.9,,,
28JUL2015,TRPOL,0827,Tri-Star Polyester,1.74,1.9,1.71,1.82,213000,1.7,,,
28JUL2015,CJPL,0814,Crescent Jute,4,4,3.8,3.8,62500,4.01,,,
28JUL2015,ASRL,0814,Associated Serv,57.21,57.21,57.21,57.21,4000,54.49,,,
28JUL2015,SUHJ,0814,Suhail Jute,18.22,19.65,18.21,19.65,6500,19.21,,,
28JUL2015,THALL,0802,Thal Limited,281.01,291.5,281.01,290.54,4600,291,,,
28JUL2015,ADAMS,0826,Adam Sugar,21.35,21.65,21.35,21.65,4000,21.5,,,
28JUL2015,AGSML,0826,Abdullah Shah,10.3,10.3,10.3,10.3,500,10,,,
28JUL2015,ALNRS,0826,AL-Noor Sugar,64,66,62.7,65.27,35000,65.93,,,
28JUL2015,CHAS,0826,Chashma Sugar,39.5,39.9,39,39.9,34000,38,,,
28JUL2015,IMSL,0826,Imperail Sugar Ltd.,6.6,6.61,6.3,6.31,81500,6.38,,,
28JUL2015,DWSM,0826,Dewan Sugar,5.41,6.24,5.41,5.73,951500,6.17,,,
28JUL2015,EFOODS,0810,Engro Foods Ltd.,168,171,166.92,168.53,1225500,168.71,,,
28JUL2015,FRSM,0826,Faran Sugar,78.49,78.49,76,76.5,2500,77.6,,,
28JUL2015,HABSM,0826,Habib Sugar,41.99,43.8,41.21,41.98,164500,42.06,,,
28JUL2015,HAL,0826,Habib-ADM Ltd,30.05,30.05,30,30,4500,30.28,,,
28JUL2015,HWQS,0826,Haseeb Waqas Sugar,6.7,7.29,6.6,6.71,167000,6.61,,,
28JUL2015,JDWS,0826,J.D.W.Sugar,343,345,339,339.74,3200,337.61,,,
28JUL2015,KPUS,0826,Khairpur Sugar,29.9,30.22,29.7,30,5500,28.79,,,
28JUL2015,MRNS,0826,Mehran Sugar,137,139.75,137,139.75,12000,136.85,,,
28JUL2015,MZSM,0826,Mirza Sugar,3,3.2,2.96,3,68000,3.1,,,
28JUL2015,NONS,0826,Noon Sugar,33,34.53,33,33,1500,32.9,,,
28JUL2015,PMRS,0826,Premier Suger Mills,105,105,105,105,500,104,,,
28JUL2015,SKRS,0826,Sakrand Sugar,3.8,3.8,3.75,3.75,2000,3.99,,,
28JUL2015,SANSM,0826,Sanghar Sugar,42,42.44,38.46,42.44,4500,40.42,,,
28JUL2015,SHSML,0826,Shahmurad Sugar,59,59,57,57.25,13000,60,,,
28JUL2015,SGML,0826,Shakarganj Limited,18.03,18.8,18.03,18.8,6000,18.03,,,
28JUL2015,SASML,0826,Sind Abadgar,25.18,25.25,25.18,25.25,2500,25.18,,,
28JUL2015,TICL,0826,Thal Ind.Corp.,113.44,113.44,113.44,113.44,500,108.04,,,
28JUL2015,ACPL,0804,Attock Cement,202.01,203.5,201,202.14,162700,201.93,,,
28JUL2015,LPCL,0804,Lafarge Pak.,20.98,21.43,20.6,21.01,2403000,21.08,,,
28JUL2015,CHCC,0804,Cherat Cement,89.01,91.3,89,90.6,556000,89.15,,,
28JUL2015,DNCC,0804,Dandot Cement,11.1,11.1,11.1,11.1,7000,11.85,,,
28JUL2015,DGKC,0804,D.G.K.Cement,149,151.85,148,151.19,4330300,148.9,,,
28JUL2015,AKZO,0805,Akzo Nobel Pak.,309,312,300,305,5700,308.5,,,
28JUL2015,POWER,0804,Power Cement Ltd.,10.52,11,10.3,10.72,1536000,10.61,,,
28JUL2015,FCCL,0804,Fauji Cement,35.31,36.35,35.31,36.03,3220000,35.64,,,
28JUL2015,FECTC,0804,Fecto Cement,74,75.5,74,74.22,45000,73.93,,,
28JUL2015,FLYNG,0804,Flying Cement,10.45,10.5,10.2,10.4,80500,10.22,,,
28JUL2015,GWLC,0804,Gharibwal Cement,28.9,29.8,28.9,29,76500,28.93,,,
28JUL2015,JVDC,0804,Javedan Corp.,36.45,37.46,35.05,37.01,349000,36.6,,,
28JUL2015,KOHC,0804,Kohat Cement,220,226.99,220,220.48,70200,223,,,
28JUL2015,LUCK,0804,Lucky Cement,545,553.5,545,547.8,512100,546.28,,,
28JUL2015,MLCF,0804,MapleLeafCement,73.55,74.6,72.6,73.82,2062000,73.79,,,
28JUL2015,DCL,0804,Dewan Cement,13.7,14.65,13.6,14.08,8474000,14.07,,,
28JUL2015,PIOC,0804,Pioneer Cement,90.5,90.99,89.1,89.81,737000,89.81,,,
28JUL2015,SMCPL,0804,Safe Mix Con.Ltd,13.99,14.8,13.89,14.8,569000,13.8,,,
28JUL2015,KHTC,0832,Khyber Tobacco,320,320,320,320,100,320,,,
28JUL2015,PAKT,0832,Pak Tobacco,825,849.99,816,849.99,1500,827,,,
28JUL2015,ATRL,0825,Attock Refinery,232.95,235.9,231,233.25,559700,230.1,,,
28JUL2015,BYCO,0825,Byco Petroleum,27,28.5,27,27.95,14467000,27.7,,,
28JUL2015,NRL,0825,National Refin,220,220,218,219.99,12500,220,,,
28JUL2015,PRL,0825,Pak Refinery,57.5,58.7,57.25,57.86,1527000,57.09,,,
28JUL2015,ALTN,0824,Altern Energy,39.25,40.44,39,39.74,356000,39.17,,,
28JUL2015,EPQL,0824,Engro Powergen,39.45,39.98,39.06,39.2,1865500,39.49,,,
28JUL2015,IDEN,0824,Ideal Energy Ltd.,6.5,6.9,6.5,6.9,3500,6.6,,,
28JUL2015,JPGL,0824,Japan Power,5.66,6.09,5.51,5.86,3182000,5.58,,,
28JUL2015,HUBC,0824,Hub Power Co.,96.55,99.5,96.55,98.01,66000,99.18,,,
28JUL2015,KEL,0824,K-Electric Ltd.,7.93,8.08,7.9,8,7543000,7.93,,,
28JUL2015,KOHE,0824,Kohinoor Energy,51,51,49.61,49.61,1500,50.5,,,
28JUL2015,KOHP,0824,Kohinoor Power,5.89,6.47,5.22,6.19,999000,5.48,,,
28JUL2015,LPL,0824,Lalpir Power,34,34.25,34,34.25,1410500,33.84,,,
28JUL2015,KAPCO,0824,Kot Addu Power,87,87,86,86.57,214000,86.73,,,
28JUL2015,NCPL,0824,Nishat ChunPow,60.31,60.5,60,60,26500,59.52,,,
28JUL2015,NPL,0824,Nishat Power,60.45,60.5,60.25,60.27,152500,59.91,,,
28JUL2015,PKGP,0824,Pakgen Power,32.5,32.5,32,32.13,160500,32.27,,,
28JUL2015,SPWL,0824,Saif Power Ltd.,37.12,37.4,37.11,37.21,40500,37.4,,,
28JUL2015,SEL,0824,Sitara Energy,0,38.5994,38.5994,38.5994,0,38.8,,,
28JUL2015,SEPCO,0824,Southern Electric,4.77,5.15,4.51,4.94,3355500,4.66,,,
28JUL2015,TSPL,0824,Tri-Star PowerXD,2.25,2.59,2.2,2.36,565000,2.32,,,
28JUL2015,APL,0821,Attock Petrol.,580,585,576.5,580.74,11450,584.5,,,
28JUL2015,PSO,0821,P.S.O.,366,366.5,362.4,364.03,391600,365.26,,,
28JUL2015,BPL,0821,Burshane LPG,103,105,103,104,10100,103.22,,,
28JUL2015,SHEL,0821,Shell Pakistan,240.5,242,240.5,241.95,8500,239.85,,,
28JUL2015,SSGC,0821,Sui South Gas,48.8,51.81,48.5,51.76,15934500,49.35,,,
28JUL2015,SNGP,0821,Sui North Gas,31.69,33.37,31.12,33.12,9832000,31.84,,,
28JUL2015,HASCOL,0821,Hascol Petrol.,119.01,124.96,119.01,124.74,834100,119.01,,,
28JUL2015,MARI,0820,Mari Petroleum XD,443.1,459.8,443.1,450.42,85300,446.36,,,
28JUL2015,OGDC,0820,Oil & Gas Devel,157.14,160.5,155.99,156.34,488300,157.14,,,
28JUL2015,POL,0820,Pak Oilfields,351.99,352,348,350.09,189000,350.78,,,
28JUL2015,PPL,0820,Pak Petroleum,148.5,150,147.5,147.97,727000,148.98,,,
28JUL2015,ADOS,0808,Ados Pakistan,40,41,40,41,3000,39.25,,,
28JUL2015,ASL,0808,Aisha Steel Mill,8.9,9.15,8.9,8.95,22500,9,,,
28JUL2015,ASLPS,0808,Aisha StelCoP/S,0,8.1,8.1,9,500,9,,,
28JUL2015,BCL,0808,Bolan Casting,80,80,80,80,500,80,,,
28JUL2015,DADX,0808,Dadex Eternit,52.49,52.49,52,52.25,3500,50.98,,,
28JUL2015,DSL,0808,Dost Steels Ltd.,10,10.5,10,10.44,133000,10.5,,,
28JUL2015,CSAP,0808,Crescent Steel,85,88.32,84.01,88.32,540500,84.12,,,
28JUL2015,DKL,0808,Drekkar KingsXR,24.61,24.61,24.61,24.61,33500,23.44,,,
28JUL2015,HSPI,0808,Huffaz Seamless,23.15,23.15,23.11,23.11,2000,23.1,,,
28JUL2015,INIL,0808,Int. Ind.Ltd.,69.99,70.6,69.55,69.55,41500,69.54,,,
28JUL2015,ISL,0808,Inter.Steel Ltd,27.59,27.98,27.01,27.45,183500,27.14,,,
28JUL2015,KSBP,0808,K.S.B.Pumps,184,193,180.2,190,34200,184.38,,,
28JUL2015,MUGHAL,0808,Mughal Iron&Ste,58.25,59.67,57.3,59.17,223000,57.95,,,
28JUL2015,AGTL,0801,AL-Ghazi Trac.,480,484.88,478,481.14,1300,479.95,,,
28JUL2015,ATLH,0801,Atlas Honda Ltd,340,340,335,336,2800,338,,,
28JUL2015,DFML,0801,Dewan Motors,10.6,11.58,10.31,11.04,14423500,11.18,,,
28JUL2015,GAIL,0801,Ghani Automobile,15.28,15.28,15.28,15.28,25000,16.28,,,
28JUL2015,GHNI,0801,Ghandhara Ind.,98.01,103.5,97,101.07,84500,99.7,,,
28JUL2015,GHNL,0801,Ghandhara Nissan,92.99,97,92.99,95.45,428500,93.52,,,
28JUL2015,HINO,0801,Hinopak MotorXD,905,910,891,904.29,15150,896.19,,,
28JUL2015,HCAR,0801,Honda Atlas Cars,232,244.77,231,244.77,1063800,233.12,,,
28JUL2015,INDU,0801,Indus Motor Co,1225.01,1265,1225,1241,20100,1246.1,,,
28JUL2015,MTL,0801,Millat Tractors,665,674.9,660,671.73,7300,669.99,,,
28JUL2015,PSMC,0801,Pak Suzuki,430.08,437.5,424,425,75300,433.25,,,
28JUL2015,SAZEW,0801,Sazgar Eng.,40.01,40.76,40,40,6000,39.74,,,
28JUL2015,AGIL,0802,Agriautos Ind.,182.6,183,181,181.24,4700,180.78,,,
28JUL2015,ATBA,0802,Atlas Battery,780,788.86,770,773,2750,783.9,,,
28JUL2015,BWHL,0802,Bal.Wheels,60.9,61.95,60.9,61.94,16000,59,,,
28JUL2015,EXIDE,0802,Exide (PAK),1045,1075,1045,1070,520,1036.5,,,
28JUL2015,GTYR,0802,General Tyre,163,168.15,162,165.16,324500,162.5,,,
28JUL2015,JOPP,0803,Johnson & Philips,23.3,23.3,23,23.3,3000,23.3,,,
28JUL2015,PCAL,0803,Pakistan Cables,173.57,182,173.57,175.26,700,180,,,
28JUL2015,PAEL,0803,Pak Elektron,83.21,84.9,82.61,83.98,6500000,83.51,,,
28JUL2015,TPL,0803,TPL Trakker Ltd,18.4,19.25,18.33,18.33,4862500,19.33,,,
28JUL2015,AVN,0828,Avanceon Ltd,36.3,37.75,36.1,36.65,374500,37.16,,,
28JUL2015,SING,0803,Singer Pak. XR,20.5,21.25,20,20.91,531000,20.4,,,
28JUL2015,SPEL,0818,Synthetic Prod.,54.99,56.62,54.9,55.28,18000,53.93,,,
28JUL2015,PNSC,0833,P.N.S.C.,107.3,110,106,109.07,15800,107.89,,,
28JUL2015,PIBTL,0833,Pak Int.Bulk,38,39.8,37.98,39.3,5656000,38.67,,,
28JUL2015,PICT,0833,Pak.Int.Cont,268,268,268,268,100,264.2,,,
28JUL2015,PIAA,0833,P.I.A.C.(A),11.34,11.43,11.03,11.16,3657500,11.03,,,
28JUL2015,HUMNL,0828,Hum Network,16.99,17.2,16.75,17.02,1238000,16.96,,,
28JUL2015,NETSOL,0828,Netsol Tech.,55.15,58.5,55,58.23,596000,56.07,,,
28JUL2015,MDTL,0828,Media Times Ltd,2.8,2.9,2.7,2.71,1675500,2.74,,,
28JUL2015,SYS,0828,Systems Limited,56.8,58.92,56.5,58.92,705500,56.12,,,
28JUL2015,PTC,0828,P.T.C.L.,21.3,21.8,21.3,21.75,9377000,21.32,,,
28JUL2015,TRG,0828,TRG Pak Ltd,43.5,45.8,42.75,43.54,19214500,44.5,,,
28JUL2015,TELE,0828,Telecard Limited,4.85,5.18,4.67,5.1,9747000,4.86,,,
28JUL2015,WTL,0828,WorldCall Telecom,2.55,2.67,2.41,2.6,5216000,2.45,,,
28JUL2015,DAWH,0809,Dawood Hercules,118,120.7,118,119.02,293300,117.61,,,
28JUL2015,ENGRO,0809,Engro Corp,317,323.48,315.12,321.74,4700400,315.94,,,
28JUL2015,EFERT,0809,Engro Fert.,91.7,94.75,91,93.98,3050000,91.5,,,
28JUL2015,FFBL,0809,Fauji Fert Bin,60.35,62.39,59.6,61.26,5107500,59.86,,,
28JUL2015,FFC,0809,Fauji Fert.,148.75,149.95,147.9,148.22,1183200,148.51,,,
28JUL2015,ABOT,0823,Abbott Lab.,680,680,680,680,300,685,,,
28JUL2015,FEROZ,0823,Ferozsons (Lab),713,713,700,700,5450,699,,,
28JUL2015,GLAXO,0823,GlaxoSmithKline,190.2,192.2,189.3,189.75,47900,190.05,,,
28JUL2015,HINOON,0823,Highnoon (Lab),280.5,290,275.05,286,21100,285,,,
28JUL2015,SAPL,0823,Sanofi-Aventis,670,672,666,670,2900,665,,,
28JUL2015,SEARL,0823,The Searle Comp,335,337.8,332.39,334.72,113900,332.69,,,
28JUL2015,BAPL,0805,Bawany Air Products,8,8.05,7.72,7.72,6500,8.01,,,
28JUL2015,BIFO,0805,Biafo Ind.,200.99,202.5,198,201.5,13600,196.43,,,
28JUL2015,BERG,0805,Berger Paints XD,102.1,109,102.1,106.99,61500,104.88,,,
28JUL2015,ARPL,0805,Archroma Pak,460,466,455.95,462.67,2800,463,,,
28JUL2015,COLG,0805,Colgate Palmolive,1659,1659,1600,1600,120,1650,,,
28JUL2015,CTM,0830,Colony Tex.Mills Ltd,4.65,4.79,4.6,4.65,306500,4.59,,,
28JUL2015,DOL,0805,Descon Oxychem,7.5,7.88,7.02,7.24,2879000,7.59,,,
28JUL2015,DAAG,0805,Data Agro      ,14,14,13.3,13.6,8000,13.78,,,
28JUL2015,DYNO,0805,Dynea Pakistan,50.36,50.36,50.36,50.36,1000,53,,,
28JUL2015,EPCL,0805,Engro Polymer,11.5,12.09,11.42,11.93,1134000,11.52,,,
28JUL2015,FATIMA,0809,Fatima Fert.,45,47.36,44.5,47.35,1635500,45.11,,,
28JUL2015,GGL,0805,Ghani Gases Ltd,29.5,30.7,28.75,29.81,535500,29.39,,,
28JUL2015,ICI,0805,ICI Pakistan,470,472,468,468.02,3600,470.97,,,
28JUL2015,ICL,0805,Ittehad Chem.,44.99,44.99,43.3,44.1,32500,43.92,,,
28JUL2015,LPGL,0805,Leiner Pak Gelat,30.07,30.07,30.07,30.07,1500,28.64,,,
28JUL2015,PGCL,0805,Pak Gum & Chem.,205,209,203.67,205.19,2200,214.38,,,
28JUL2015,LOTCHEM,0805,Lotte Chemical,8.42,8.83,8.3,8.48,14044500,8.3,,,
28JUL2015,PPVC,0805,Pak.P.V.C.,6.65,7.13,6.65,7,7500,6.48,,,
28JUL2015,NICL,0805,Nimir Ind.Chem.,23,24,23,23.48,143000,23.06,,,
28JUL2015,LINDE,0805,Linde Pakistan,132,135,132,134.39,8600,132.59,,,
28JUL2015,DCH,0805,Descon Chemical,7.89,7.98,7.36,7.42,4441500,7.81,,,
28JUL2015,SARC,0805,Sardar Chemical,8.57,8.57,8.41,8.41,1000,8.58,,,
28JUL2015,SHCI,0805,Shaffi Chemical,4.16,4.5,4.16,4.5,5000,4.22,,,
28JUL2015,SITC,0805,Sitara Chemical,315,328.54,315,323.99,30500,312.9,,,
28JUL2015,SPL,0805,Sitara Peroxide,15.1,15.48,14.69,14.79,668500,15.68,,,
28JUL2015,WAHN,0805,Wah-Noble,56.9,59,56.9,58.3,6500,58.67,,,
28JUL2015,BPBL,0822,B.P.Board,6.35,6.35,6.16,6.17,4500,6.55,,,
28JUL2015,CEPB,0822,Century Paper,67.01,68.5,66.1,68.24,188000,66.94,,,
28JUL2015,CPPL,0822,Cherat Pack.,200.5,208.95,199.01,204.35,23000,202.53,,,
28JUL2015,MERIT,0822,Merit Packaging,23.6,24.37,23.19,23.49,2055000,24.41,,,
28JUL2015,PKGS,0822,Packages Ltd.,615,615,611,612.41,1100,614.86,,,
28JUL2015,PPP,0822,Pak Paper Prod,0,59.61,59.61,60.5,500,60.5,,,
28JUL2015,SEPL,0822,Security Paper,99.5,101,99,99.18,9000,99.5,,,
28JUL2015,POML,0834,Punjab Oil,232,232,227,230.81,1500,226.73,,,
28JUL2015,SSOM,0834,S.S.Oil,32.24,32.3,32.24,32.3,6000,30.82,,,
28JUL2015,LEUL,0816,Leather Up Ltd.,12,13,12,13,1500,12.88,,,
28JUL2015,SRVI,0816,Service Ind.Ltd,840,858.1,823,857.9,950,865.38,,,
28JUL2015,CLOV,0810,Clover Pakistan,83,87.4,83,86.54,37500,85.43,,,
28JUL2015,IBLHL,0823,IBL HealthCare,126.01,134.7,126,130.82,20100,128.3,,,
28JUL2015,ISIL,0810,Ismail Industr,250,250,238,244,200,250,,,
28JUL2015,MFFL,0810,MithchellsFruit,434.99,434.99,428.27,428.27,2200,428,,,
28JUL2015,MUREB,0810,Murree Brewery,903,960,903,950,1150,950,,,
28JUL2015,NATF,0810,National Foods,340,340,338,338.94,2400,338.37,,,
28JUL2015,NOPK,0810,Noon Pakistan,71.02,73.9,70.5,72,5000,73,,,
28JUL2015,QUICE,0810,Quice Food,14,14.05,12.71,13.1,13977000,13.71,,,
28JUL2015,RMPL,0810,Rafhan Maize,10468.96,10468.96,10468.96,10468.96,20,11019.95,,,
28JUL2015,NMFL,0810,Nirala MSR Food,17.3,17.8,17.3,17.49,105000,18.18,,,
28JUL2015,SHEZ,0810,Shezan Inter.,900,900,900,900,300,887.75,,,
28JUL2015,SCL,0810,Shield Corp.,250,250,250,250,500,250,,,
28JUL2015,TREET,0810,Treet Corp,74.95,76.9,74.71,75.13,2608000,74.77,,,
28JUL2015,ZIL,0810,ZIL Limited,81,83.99,80.73,83.36,6500,84.97,,,
28JUL2015,BGL,0811,Bal.Glass,5,5.2,5,5.1,30500,5.2,,,
28JUL2015,EMCO,0811,EMCO Industries,5.28,5.83,5.13,5.48,3000,5.29,,,
28JUL2015,FRCL,0811,Frontier Ceram,12.79,12.85,12.4,12.85,2000,12.44,,,
28JUL2015,GHGL,0811,Ghani Glass Ltd,100,105.01,100,102.69,460000,100.01,,,
28JUL2015,GGGL,0811,Ghani Global Glass L,18.21,18.75,17.76,18.44,250000,18.28,,,
28JUL2015,GVGL,0811,Ghani Value Glas,19.1,19.3,19.1,19.3,8000,19,,,
28JUL2015,TGL,0811,Tariq Glass Ind.,70,71.9,68.4,69.49,121500,70.13,,,
28JUL2015,STCL,0811,Shabbir Tiles,11.11,11.64,10.9,11.03,3455500,11.58,,,
28JUL2015,GAMON,0818,Gammon Pak,15,16,15,15.55,19000,15.26,,,
28JUL2015,HADC,0818,Haydery Const,2.83,2.99,2.8,2.88,150500,2.86,,,
28JUL2015,ARPAK,0818,Arpak Int.,23.65,23.65,23.65,23.65,4500,24.89,,,
28JUL2015,MACFL,0818,MACPAC Films,21.7,22.8,21.41,21.45,119000,22.53,,,
28JUL2015,ECOP,0818,ECOPACK Ltd,17.5,17.6,16.95,16.98,14000,16.86,,,
28JUL2015,GRAYS,0818,Grays of Cambridge,73,74.14,69.28,70,4500,72.92,,,
28JUL2015,MWMP,0818,Mandviwala,6.49,6.85,5.5,6.36,418500,6.41,,,
28JUL2015,PACE,0818,Pace (Pak) Ltd.,7.19,7.44,6.81,7.26,11319000,7.14,,,
28JUL2015,AKDCL,0818,AKD Capital,55.74,55.74,54.7,55,4500,53.55,,,
28JUL2015,SHFA,0818,Shifa Int.Hosp,248.1,252.5,247.25,250.71,81100,251.9,,,
28JUL2015,STPL,0818,Siddiqsons Tin Plate,12.35,12.4,11.6,11.69,1254000,12.04,,,
28JUL2015,TRIPF,0818,Tri-Pack Films,191,197,191,191.71,14600,192,,,
28JUL2015,BAFLTFC5,36,Bank Alfalah(TFC),0,0,0,101.3576,0,101.3576,,,
28JUL2015,NIBTFC2,36,NIB Bank,0,0,0,98.5233,0,98.5233,,,
28JUL2015,AICL-CJUL,40,AICL-CJUL,0,0,0,53.86,0,53.23,,,
28JUL2015,ATRL-CJUL,40,ATRL-CJUL,0,0,0,233.53,0,230.44,,,
28JUL2015,BAHL-CJUL,40,BAHL-CJUL,0,0,0,44.97,0,45.14,,,
28JUL2015,FCCL-CJUL,40,FCCL-CJUL,0,0,0,36.07,0,35.69,,,
28JUL2015,FFC-CJUL,40,FFC-CJUL,0,0,0,148.4,0,148.73,,,
28JUL2015,FABL-CJUL,40,FABL-CJUL,0,0,0,16.49,0,16.36,,,
28JUL2015,KAPCO-CJUL,40,KAPCO-CJUL,0,0,0,86.67,0,86.86,,,
28JUL2015,NML-CJUL,40,NML-CJUL,0,0,0,115.1,0,117.08,,,
28JUL2015,SNGP-CJUL,40,SNGP-CJUL,0,0,0,33.16,0,31.89,,,
28JUL2015,UBL-CJUL,40,UBL-CJUL,0,0,0,181,0,179.2,,,
28JUL2015,AICL-CAUG,40,AICL-CAUG,0,0,0,54.31,0,53.67,,,
28JUL2015,AKBL-CAUG,40,AKBL-CAUG,0,0,0,22.57,0,22.21,,,
28JUL2015,ATRL-CAUG,40,ATRL-CAUG,0,0,0,235.48,0,232.36,,,
28JUL2015,BAHL-CAUG,40,BAHL-CAUG,0,0,0,45.35,0,45.51,,,
28JUL2015,FCCL-CAUG,40,FCCL-CAUG,0,0,0,36.37,0,35.99,,,
28JUL2015,FFC-CAUG,40,FFC-CAUG,0,0,0,149.64,0,149.97,,,
28JUL2015,FABL-CAUG,40,FABL-CAUG,0,0,0,16.63,0,16.5,,,
28JUL2015,KAPCO-CAUG,40,KAPCO-CAUG,0,0,0,87.4,0,87.58,,,
28JUL2015,NML-CAUG,40,NML-CAUG,0,0,0,116.06,0,118.06,,,
28JUL2015,SNGP-CAUG,40,SNGP-CAUG,0,0,0,33.44,0,32.15,,,
28JUL2015,UBL-CAUG,40,UBL-CAUG,0,0,0,182.51,0,180.69,,,
28JUL2015,AICL-CSEP,40,AICL-CSEP,0,0,0,54.76,0,54.12,,,
28JUL2015,AKBL-CSEP,40,AKBL-CSEP,0,0,0,22.76,0,22.39,,,
28JUL2015,BAHL-CSEP,40,BAHL-CSEP,0,0,0,45.73,0,45.89,,,
28JUL2015,FCCL-CSEP,40,FCCL-CSEP,0,0,0,36.68,0,36.29,,,
28JUL2015,FFC-CSEP,40,FFC-CSEP,0,0,0,150.88,0,151.21,,,
28JUL2015,FABL-CSEP,40,FABL-CSEP,0,0,0,16.77,0,16.64,,,
28JUL2015,KAPCO-CSEP,40,KAPCO-CSEP,0,0,0,88.12,0,88.31,,,
28JUL2015,NML-CSEP,40,NML-CSEP,0,0,0,117.02,0,119.04,,,
28JUL2015,SNGP-CSEP,40,SNGP-CSEP,0,0,0,33.71,0,32.42,,,
28JUL2015,UBL-CSEP,40,UBL-CSEP,0,0,0,184.02,0,182.18,,,
28JUL2015,DGKC-CJUL,40,DGKC-CJUL,0,0,0,151.37,0,149.12,,,
28JUL2015,DGKC-CAUG,40,DGKC-CAUG,0,0,0,152.64,0,150.36,,,
28JUL2015,DGKC-CSEP,40,DGKC-CSEP,0,0,0,153.9,0,151.61,,,
28JUL2015,NCL-CJUL,40,NCL-CJUL,0,0,0,36.76,0,36.41,,,
28JUL2015,NCL-CAUG,40,NCL-CAUG,0,0,0,37.07,0,36.72,,,
28JUL2015,HUBC-JUL,40,HUBC-JUL,0,99.36,99.36,99.36,50000,99.36,,,
28JUL2015,PSO-JUL,40,PSO-JUL,366,367.4,363.1,364.27,46000,366.58,,,
28JUL2015,SNGP-JUL,40,SNGP-JUL,31.89,33.47,31.5,33.02,1058500,31.98,,,
28JUL2015,NML-JUL,40,NML-JUL,112.5,119,112.5,115,110000,116.98,,,
28JUL2015,PTC-JUL,40,PTC-JUL,20.8,21.82,20.8,21.7,2887500,21.39,,,
28JUL2015,ENGRO-JUL,40,ENGRO-JUL,315,323,315,321.71,2144500,316.89,,,
28JUL2015,FFC-JUL,40,FFC-JUL,150,150,148.7,148.75,154000,149.75,,,
28JUL2015,FFBL-JUL,40,FFBL-JUL,60.45,62.47,58.5,61.24,1682500,59.92,,,
28JUL2015,HUBC-AUG,40,HUBC-AUG,100.5,100.5,100.5,100.5,53500,100.19,,,
28JUL2015,PSO-AUG,40,PSO-AUG,368,370.5,367,369.5,45500,370.84,,,
28JUL2015,SNGP-AUG,40,SNGP-AUG,32,33.57,31.55,33.47,1703000,31.98,,,
28JUL2015,NML-AUG,40,NML-AUG,115,118.3,115,116.51,133000,117,,,
28JUL2015,PTC-AUG,40,PTC-AUG,20.88,21.15,20.65,21.01,3048000,20.64,,,
28JUL2015,ENGRO-AUG,40,ENGRO-AUG,318.5,326.49,318.5,325.15,2557500,320.11,,,
28JUL2015,FFC-AUG,40,FFC-AUG,150.5,151.9,150.11,150.13,163500,151.08,,,
28JUL2015,FFBL-AUG,40,FFBL-AUG,60.65,63.15,60.5,61.92,1677500,60.57,,,
28JUL2015,OGDC-JUL,40,OGDC-JUL,158.71,159,156,156.5,121500,157.84,,,
28JUL2015,DGKC-JUL,40,DGKC-JUL,150,152,149,151.67,849500,148.98,,,
28JUL2015,NBP-JUL,40,NBP-JUL,56.83,57.5,56.83,57.31,56500,57.19,,,
28JUL2015,MLCF-JUL,40,MLCF-JUL,73.26,74.75,72.8,73.99,849500,73.83,,,
28JUL2015,LUCK-JUL,40,LUCK-JUL,548.9,553.97,547.02,548.87,152000,547.06,,,
28JUL2015,SSGC-JUL,40,SSGC-JUL,49.4,51.87,48.53,51.81,2657000,49.4,,,
28JUL2015,OGDC-AUG,40,OGDC-AUG,160.25,160.9,158,158.33,23000,159.01,,,
28JUL2015,DGKC-AUG,40,DGKC-AUG,150.8,153.5,150.4,153.35,922000,150.62,,,
28JUL2015,NBP-AUG,40,NBP-AUG,57.6,58.3,57.6,57.99,21500,59.51,,,
28JUL2015,MLCF-AUG,40,MLCF-AUG,74,75.51,73.5,74.89,728500,74.76,,,
28JUL2015,LUCK-AUG,40,LUCK-AUG,555,559.99,551.7,554.31,98500,550.74,,,
28JUL2015,SSGC-AUG,40,SSGC-AUG,49.55,52.54,49.25,52.41,2492000,50.04,,,
28JUL2015,PPL-JUL,40,PPL-JUL,148.51,150.15,147.64,148.38,272000,149.44,,,
28JUL2015,BOP-JUL,40,BOP-JUL,9.84,9.92,9.6,9.71,3055500,9.74,,,
28JUL2015,FABL-JUL,40,FABL-JUL,16.6,16.75,16.5,16.5,120000,16.3,,,
28JUL2015,AKBL-JUL,40,AKBL-JUL,22.11,22.45,22.11,22.4,54000,21.99,,,
28JUL2015,PPL-AUG,40,PPL-AUG,150.75,152,149.4,150.05,544000,150.99,,,
28JUL2015,BOP-AUG,40,BOP-AUG,9.95,10,9.72,9.83,3058000,9.83,,,
28JUL2015,FABL-AUG,40,FABL-AUG,16.75,17,16.7,16.73,65000,16.69,,,
28JUL2015,AKBL-AUG,40,AKBL-AUG,22.5,22.75,22.5,22.7,202000,22.4,,,
28JUL2015,BAFL-JUL,40,BAFL-JUL,28.26,28.37,28,28.11,92000,27.5,,,
28JUL2015,PIOC-JUL,40,PIOC-JUL,91,91.11,89.1,90.02,204000,89.75,,,
28JUL2015,KAPCO-JUL,40,KAPCO-JUL,0,0,0,86.7,0,86.1,,,
28JUL2015,BAFL-AUG,40,BAFL-AUG,28.7,28.75,28.3,28.3,10500,28.25,,,
28JUL2015,PIOC-AUG,40,PIOC-AUG,92.35,92.5,90.8,91.29,169500,91.09,,,
28JUL2015,KAPCO-AUG,40,KAPCO-AUG,0,0,0,87.42,0,86.7,,,
28JUL2015,OGDC-CJUL,40,OGDC-CJUL,0,0,0,156.53,0,157.37,,,
28JUL2015,PTC-CJUL,40,PTC-CJUL,0,0,0,21.78,0,21.35,,,
28JUL2015,NBP-CJUL,40,NBP-CJUL,0,0,0,57.08,0,57.1,,,
28JUL2015,OGDC-CAUG,40,OGDC-CAUG,0,0,0,157.84,0,158.69,,,
28JUL2015,PTC-CAUG,40,PTC-CAUG,0,0,0,21.96,0,21.53,,,
28JUL2015,NBP-CAUG,40,NBP-CAUG,0,0,0,57.56,0,57.58,,,
28JUL2015,OGDC-CSEP,40,OGDC-CSEP,0,0,0,159.14,0,160,,,
28JUL2015,PTC-CSEP,40,PTC-CSEP,0,0,0,22.14,0,21.71,,,
28JUL2015,NBP-CSEP,40,NBP-CSEP,0,0,0,58.03,0,58.06,,,
28JUL2015,PPL-CJUL,40,PPL-CJUL,0,0,0,148.15,0,149.2,,,
28JUL2015,PSO-CJUL,40,PSO-CJUL,0,0,0,364.47,0,365.8,,,
28JUL2015,ENGRO-CJUL,40,ENGRO-CJUL,0,0,0,322.12,0,316.41,,,
28JUL2015,BOP-CJUL,40,BOP-CJUL,0,0,0,9.7,0,9.71,,,
28JUL2015,FFBL-CJUL,40,FFBL-CJUL,0,0,0,61.33,0,59.95,,,
28JUL2015,HUBC-CJUL,40,HUBC-CJUL,0,0,0,98.13,0,99.33,,,
28JUL2015,LUCK-CJUL,40,LUCK-CJUL,0,0,0,548.45,0,547.09,,,
28JUL2015,BAFL-CJUL,40,BAFL-CJUL,0,0,0,28.01,0,27.74,,,
28JUL2015,PPL-CAUG,40,PPL-CAUG,0,0,0,149.39,0,150.45,,,
28JUL2015,PSO-CAUG,40,PSO-CAUG,0,0,0,367.51,0,368.85,,,
28JUL2015,ENGRO-CAUG,40,ENGRO-CAUG,0,0,0,324.82,0,319.05,,,
28JUL2015,BOP-CAUG,40,BOP-CAUG,0,0,0,9.78,0,9.8,,,
28JUL2015,FFBL-CAUG,40,FFBL-CAUG,0,0,0,61.85,0,60.45,,,
28JUL2015,HUBC-CAUG,40,HUBC-CAUG,0,0,0,98.95,0,100.16,,,
28JUL2015,LUCK-CAUG,40,LUCK-CAUG,0,0,0,553.04,0,551.65,,,
28JUL2015,BAFL-CAUG,40,BAFL-CAUG,0,0,0,28.25,0,27.97,,,
28JUL2015,AICL-JUL,40,AICL-JUL,53,53.9,53,53.82,129000,53.23,,,
28JUL2015,FCCL-JUL,40,FCCL-JUL,35.74,36.3,35.5,35.91,1803000,35.74,,,
28JUL2015,UBL-JUL,40,UBL-JUL,181,181.51,180.2,181.22,18500,179,,,
28JUL2015,PPL-CSEP,40,PPL-CSEP,0,0,0,150.62,0,151.69,,,
28JUL2015,PSO-CSEP,40,PSO-CSEP,0,0,0,370.56,0,371.9,,,
28JUL2015,ENGRO-CSEP,40,ENGRO-CSEP,0,0,0,327.51,0,321.68,,,
28JUL2015,FFBL-CSEP,40,FFBL-CSEP,0,0,0,62.36,0,60.95,,,
28JUL2015,HUBC-CSEP,40,HUBC-CSEP,0,0,0,99.77,0,100.98,,,
28JUL2015,LUCK-CSEP,40,LUCK-CSEP,0,0,0,557.62,0,556.21,,,
28JUL2015,BAFL-CSEP,40,BAFL-CSEP,0,0,0,28.48,0,28.2,,,
28JUL2015,AICL-AUG,40,AICL-AUG,53.6,54.5,53.6,54.33,50500,54.03,,,
28JUL2015,FCCL-AUG,40,FCCL-AUG,36.35,36.75,35.25,36.28,1491500,36.02,,,
28JUL2015,UBL-AUG,40,UBL-AUG,180,180,180,180,11500,179.35,,,
28JUL2015,NCL-CSEP,40,NCL-CSEP,0,0,0,37.38,0,37.02,,,
28JUL2015,FATIMA-CJUL,40,FATIMA-CJUL,0,0,0,47.41,0,45.18,,,
28JUL2015,FATIMA-CAUG,40,FATIMA-CAUG,0,0,0,47.8,0,45.55,,,
28JUL2015,BAHL-JUL,40,BAHL-JUL,0,0,0,44.99,0,45.15,,,
28JUL2015,FATIMA-JUL,40,FATIMA-JUL,45.5,45.61,45.5,45.61,3500,43.44,,,
28JUL2015,FATIMA-CSEP,40,FATIMA-CSEP,0,0,0,48.2,0,45.93,,,
28JUL2015,FATIMA-AUG,40,FATIMA-AUG,46,48.1,46,47.99,30000,46,,,
28JUL2015,AKBL-CJUL,40,AKBL-CJUL,0,0,0,22.39,0,22.02,,,
28JUL2015,CHCC-CJUL,40,CHCC-CJUL,0,0,0,90.71,0,89.28,,,
28JUL2015,EFOODS-CJUL,40,EFOODS-CJUL,0,0,0,168.73,0,168.96,,,
28JUL2015,CHCC-CAUG,40,CHCC-CAUG,0,0,0,91.47,0,90.03,,,
28JUL2015,EFOODS-CAUG,40,EFOODS-CAUG,0,0,0,170.14,0,170.37,,,
28JUL2015,CHCC-JUL,40,CHCC-JUL,91,91.39,90,90.71,192000,89.43,,,
28JUL2015,EFOODS-JUL,40,EFOODS-JUL,168,171,168,168.86,615000,168.94,,,
28JUL2015,NCL-JUL,40,NCL-JUL,36.51,37.5,36.51,36.84,168500,36.5,,,
28JUL2015,EFOODS-CSEP,40,EFOODS-CSEP,0,0,0,171.55,0,171.78,,,
28JUL2015,CHCC-CSEP,40,CHCC-CSEP,0,0,0,92.22,0,90.77,,,
28JUL2015,CHCC-AUG,40,CHCC-AUG,92,93,91.45,91.78,422500,90.18,,,
28JUL2015,EFOODS-AUG,40,EFOODS-AUG,171,173,170,170.58,484000,170.94,,,
28JUL2015,NCL-AUG,40,NCL-AUG,36.6,37.8,36.6,37.19,198000,36.73,,,
28JUL2015,MLCF-CJUL,40,MLCF-CJUL,0,0,0,73.91,0,73.9,,,
28JUL2015,PIOC-CJUL,40,PIOC-CJUL,0,0,0,89.92,0,89.94,,,
28JUL2015,PKGP-CJUL,40,PKGP-CJUL,0,0,0,32.17,0,32.32,,,
28JUL2015,SSGC-CJUL,40,SSGC-CJUL,0,0,0,51.82,0,49.42,,,
28JUL2015,SSGC-CAUG,40,SSGC-CAUG,0,0,0,52.26,0,49.84,,,
28JUL2015,PIOC-CAUG,40,PIOC-CAUG,0,0,0,90.67,0,90.69,,,
28JUL2015,MLCF-CAUG,40,MLCF-CAUG,0,0,0,74.53,0,74.52,,,
28JUL2015,PKGP-CAUG,40,PKGP-CAUG,0,0,0,32.44,0,32.59,,,
28JUL2015,PKGP-JUL,40,PKGP-JUL,0,32.33,32.33,32.33,9000,32.33,,,
28JUL2015,MLCF-CSEP,40,MLCF-CSEP,0,0,0,75.14,0,75.13,,,
28JUL2015,PIOC-CSEP,40,PIOC-CSEP,0,0,0,91.42,0,91.44,,,
28JUL2015,PKGP-CSEP,40,PKGP-CSEP,0,0,0,32.71,0,32.86,,,
28JUL2015,SSGC-CSEP,40,SSGC-CSEP,0,0,0,52.69,0,50.25,,,
28JUL2015,BOP-CSEP,40,BOP-CSEP,0,0,0,9.86,0,9.88,,,
28JUL2015,PKGP-AUG,40,PKGP-AUG,0,32.6,32.6,32.6,30000,32.6,,,
28JUL2015,EFERT-CJUL,40,EFERT-CJUL,0,0,0,94.09,0,91.64,,,
28JUL2015,KEL-CJUL,40,KEL-CJUL,0,0,0,8.01,0,7.94,,,
28JUL2015,LPCL-CJUL,40,LPCL-CJUL,0,0,0,21.04,0,21.11,,,
28JUL2015,PAEL-CJUL,40,PAEL-CJUL,0,0,0,84.08,0,83.63,,,
28JUL2015,SEARL-CJUL,40,SEARL-CJUL,0,0,0,335.12,0,333.19,,,
28JUL2015,GATM-CJUL,40,GATM-CJUL,0,0,0,48.95,0,48.29,,,
28JUL2015,SEARL-CAUG,40,SEARL-CAUG,0,0,0,337.92,0,335.96,,,
28JUL2015,EFERT-CAUG,40,EFERT-CAUG,0,0,0,94.88,0,92.4,,,
28JUL2015,GATM-CAUG,40,GATM-CAUG,0,0,0,49.36,0,48.69,,,
28JUL2015,KEL-CAUG,40,KEL-CAUG,0,0,0,8.08,0,8.01,,,
28JUL2015,LPCL-CAUG,40,LPCL-CUAG,0,0,0,21.21,0,21.29,,,
28JUL2015,PAEL-CAUG,40,PAEL-CAUG,0,0,0,84.78,0,84.33,,,
28JUL2015,EFERT-JUL,40,EFERT-JUL,92,94.75,91,94.04,622500,91.68,,,
28JUL2015,GATM-JUL,40,GATM-JUL,48.95,49,48.65,49,10000,48.6,,,
28JUL2015,KEL-JUL,40,KEL-JUL,7.99,8.08,7.95,7.96,3352500,7.98,,,
28JUL2015,LPCL-JUL,40,LPCL-JUL,20.99,21.46,20.77,21.05,214000,21.32,,,
28JUL2015,PAEL-JUL,40,PAEL-JUL,83.5,84.99,82.82,84.13,4177500,83.59,,,
28JUL2015,SEARL-JUL,40,SEARL-JUL,335.99,338,332.01,335.05,47500,332.32,,,
28JUL2015,SEARL-CSEP,40,SEARL-CSEP,0,0,0,340.72,0,338.74,,,
28JUL2015,EFERT-CSEP,40,EFERT-CSEP,0,0,0,95.67,0,93.16,,,
28JUL2015,PAEL-CSEP,40,PAEL-CSEP,0,0,0,85.49,0,85.03,,,
28JUL2015,GATM-CSEP,40,GATM-CSEP,0,0,0,49.77,0,49.1,,,
28JUL2015,KEL-CSEP,40,KEL-CSEP,0,0,0,8.14,0,8.07,,,
28JUL2015,LPCL-CSEP,40,LPCL-CSEP,0,0,0,21.39,0,21.46,,,
28JUL2015,EFERT-AUG,40,EFERT-AUG,92.8,95.85,92.1,94.79,617500,92.79,,,
28JUL2015,KEL-AUG,40,KEL-AUG,8.1,8.19,8.01,8.1,2870000,8.07,,,
28JUL2015,LPCL-AUG,40,LPCL-AUG,20.85,21.75,20.85,21.36,209000,21.5,,,
28JUL2015,PAEL-AUG,40,PAEL-AUG,84.75,86.1,84,85.23,4455000,84.71,,,
28JUL2015,SEARL-AUG,40,SEARL-AUG,339,341.9,336,339.35,47500,336.71,,,
28JUL2015,DCR,0836,Dolmen City Rei,10.51,10.81,10.51,10.6,97000,10.65,,,
